#YY,MM,DD,WDIR,WSPD,GST,ATMP,DEWP
2015,3,23,80.5,7.5,99.0,-0.3,999.0
2015,3,24,107.25,5.258333333333335,99.0,0.26249999999999996,999.0
2015,3,25,218.7826086956522,5.891304347826087,99.0,4.995652173913044,999.0
2015,3,26,232.17391304347825,2.760869565217391,99.0,3.7347826086956517,999.0
2015,3,27,51.31818181818182,7.209090909090907,99.0,-0.9954545454545454,999.0
2015,3,28,47.125,4.920833333333332,99.0,-2.183333333333334,999.0
2015,3,29,202.3913043478261,5.443478260869564,99.0,1.8521739130434782,999.0
2015,3,30,262.25,3.8874999999999997,99.0,9.266666666666667,999.0
2015,3,31,127.70833333333333,4.1375,99.0,7.262500000000002,999.0
2015,4,1,172.25,3.079166666666667,99.0,174.63749999999996,999.0
2015,4,2,216.75,4.454166666666667,99.0,14.779166666666667,999.0
2015,4,3,147.7391304347826,3.92608695652174,99.0,10.047826086956523,999.0
2015,4,4,230.58333333333334,4.6625,99.0,6.187499999999999,999.0
2015,4,5,234.5,4.891666666666667,99.0,12.924999999999999,999.0
2015,4,6,110.70833333333333,3.3333333333333335,99.0,8.75,999.0
2015,4,7,27.08695652173913,6.482608695652175,99.0,4.760869565217391,999.0
2015,4,8,94.91666666666667,4.166666666666667,99.0,6.116666666666666,999.0
2015,4,9,110.69565217391305,4.02608695652174,99.0,12.134782608695653,999.0
2015,4,10,253.5,5.020833333333333,99.0,12.145833333333334,999.0
2015,4,11,265.625,3.7125000000000004,99.0,10.3375,999.0
2015,4,12,191.0909090909091,3.7909090909090906,99.0,14.68181818181818,999.0
2015,4,13,233.63636363636363,4.090909090909092,99.0,17.08636363636364,999.0
2015,4,14,130.04166666666666,1.9375000000000002,99.0,12.508333333333335,999.0
2015,4,15,52.208333333333336,3.4708333333333337,99.0,8.2125,999.0
2015,4,16,72.45833333333333,3.0083333333333333,99.0,8.025,999.0
2015,4,17,200.29166666666666,2.520833333333333,99.0,13.941666666666665,999.0
2015,4,18,119.9090909090909,4.1000000000000005,99.0,13.57727272727273,999.0
2015,4,19,59.78260869565217,3.6434782608695646,99.0,10.104347826086956,999.0
2015,4,20,241.95833333333334,5.400000000000001,99.0,9.991666666666669,999.0
2015,4,21,270.9583333333333,6.041666666666667,99.0,8.558333333333332,999.0
2015,4,22,295.875,4.179166666666667,99.0,5.7,999.0
2015,4,23,227.875,2.9250000000000003,99.0,5.783333333333334,999.0
2015,4,24,140.70833333333334,2.7125,99.0,7.166666666666668,999.0
2015,4,25,92.61538461538461,6.699999999999999,99.0,7.0,999.0
2015,8,6,64.18181818181819,2.6363636363636362,99.0,23.17272727272728,999.0
2015,8,7,147.8095238095238,2.1857142857142855,99.0,23.34285714285714,999.0
2015,8,8,166.83333333333334,2.6375,99.0,24.150000000000006,999.0
2015,8,9,137.25,1.4291666666666665,99.0,22.57083333333334,999.0
2015,8,10,115.54166666666667,1.9916666666666665,99.0,23.529166666666665,999.0
2015,8,11,106.29166666666667,2.654166666666667,99.0,22.750000000000004,999.0
2015,8,12,104.08333333333333,1.9624999999999997,99.0,21.70416666666667,999.0
2015,8,13,238.33333333333334,3.3541666666666665,99.0,23.70833333333333,999.0
2015,8,14,256.95454545454544,4.045454545454547,99.0,26.209090909090904,999.0
2015,8,15,197.83333333333334,2.2666666666666666,99.0,24.34583333333333,999.0
2015,8,16,241.3181818181818,2.704545454545455,99.0,26.781818181818185,999.0
2015,8,17,229.875,2.5958333333333337,99.0,27.025000000000002,999.0
2015,8,18,211.66666666666666,2.7499999999999996,99.0,23.583333333333332,999.0
2015,8,19,226.04545454545453,4.70909090909091,99.0,22.927272727272726,999.0
2015,8,20,263.7391304347826,6.108695652173914,99.0,19.417391304347827,999.0
2015,8,21,231.0,2.645833333333333,99.0,21.75,999.0
2015,8,22,185.56521739130434,2.339130434782609,99.0,22.952173913043477,999.0
2015,8,23,220.56521739130434,3.391304347826087,99.0,22.65652173913043,999.0
2015,8,24,270.4583333333333,4.425,99.0,19.725,999.0
2015,8,25,244.75,2.4791666666666665,99.0,17.48333333333333,999.0
2015,8,26,53.666666666666664,2.1666666666666665,99.0,16.824999999999996,999.0
2015,8,27,133.79166666666666,1.366666666666667,99.0,17.97916666666667,999.0
2015,8,28,180.75,1.5000000000000002,99.0,20.20416666666667,999.0
2015,8,29,162.58333333333334,1.5249999999999997,99.0,20.383333333333333,999.0
2015,8,30,81.41666666666667,1.8708333333333336,99.0,18.870833333333334,999.0
2015,8,31,113.625,0.8624999999999999,99.0,21.470833333333328,999.0
2015,9,1,203.95833333333334,2.1583333333333337,99.0,26.04166666666666,999.0
2015,9,2,228.91666666666666,2.783333333333333,99.0,29.691666666666663,999.0
2015,9,3,251.0,3.0555555555555554,99.0,28.983333333333334,999.0
2015,9,4,46.04761904761905,2.247619047619047,99.0,22.166666666666668,999.0
2015,9,5,147.20833333333334,2.245833333333333,99.0,23.8125,999.0
2015,9,6,219.34782608695653,2.8391304347826085,99.0,27.443478260869572,999.0
2015,9,7,234.04347826086956,2.9956521739130437,99.0,28.40869565217391,999.0
2015,9,8,234.95454545454547,2.695454545454545,99.0,26.0909090909091,999.0
2015,9,9,163.75,2.4208333333333334,99.0,21.025000000000002,999.0
2015,9,10,192.16666666666666,1.7625000000000002,99.0,19.6875,999.0
2015,9,11,168.58333333333334,3.141666666666666,99.0,17.883333333333336,999.0
2015,9,12,182.0,5.6875,99.0,15.150000000000004,999.0
2015,9,13,244.625,2.4166666666666665,99.0,16.166666666666668,999.0
2015,9,14,216.42857142857142,3.0952380952380953,99.0,19.36190476190476,999.0
2015,9,15,217.91666666666666,3.770833333333334,99.0,22.974999999999994,999.0
2015,9,16,206.20833333333334,3.070833333333333,99.0,22.8125,999.0
2015,9,17,202.41666666666666,3.504166666666667,99.0,23.4875,999.0
2015,9,18,164.5,2.6090909090909093,99.0,22.804545454545455,999.0
2015,9,19,156.34782608695653,3.5304347826086953,99.0,18.339130434782607,999.0
2015,9,20,174.16666666666666,2.1708333333333334,99.0,16.73333333333333,999.0
2015,9,21,120.30434782608695,1.9260869565217393,99.0,18.08695652173913,999.0
2015,9,22,165.125,1.220833333333333,99.0,19.05,999.0
2015,9,23,108.21739130434783,1.4217391304347824,99.0,19.713043478260875,999.0
2015,9,24,66.52380952380952,1.8761904761904764,99.0,19.58095238095238,999.0
2015,9,25,88.71428571428571,3.4476190476190474,99.0,19.666666666666668,999.0
2015,9,26,92.04761904761905,2.585714285714286,99.0,19.499999999999996,999.0
2015,9,27,162.04545454545453,1.8136363636363633,99.0,20.313636363636363,999.0
2015,9,28,197.75,1.395,99.0,22.014999999999993,999.0
2015,9,29,109.4090909090909,4.368181818181818,99.0,19.604545454545455,999.0
2015,9,30,44.63636363636363,6.459090909090907,99.0,15.35,999.0
2015,10,1,76.58333333333333,5.041666666666668,99.0,13.858333333333333,999.0
2015,10,2,63.09090909090909,5.3909090909090915,99.0,13.854545454545452,999.0
2015,10,3,71.5909090909091,3.8227272727272723,99.0,11.695454545454544,999.0
2015,10,4,67.58333333333333,4.575,99.0,11.75,999.0
2015,10,5,54.708333333333336,3.191666666666667,99.0,14.325000000000003,999.0
2015,10,6,46.608695652173914,2.2043478260869565,99.0,15.186956521739136,999.0
2015,10,7,170.5,3.0500000000000007,99.0,15.570833333333331,999.0
2015,10,8,178.08333333333334,3.5041666666666664,99.0,18.575,999.0
2015,10,9,81.0,5.095652173913044,99.0,16.56086956521739,999.0
2015,10,10,181.20833333333334,2.720833333333333,99.0,14.516666666666666,999.0
2015,10,11,241.16666666666666,4.166666666666667,99.0,17.999999999999996,999.0
2015,10,12,248.91666666666666,4.783333333333334,99.0,20.22083333333334,999.0
2015,10,13,273.875,2.8333333333333335,99.0,13.887499999999998,999.0
2015,10,14,236.83333333333334,1.7999999999999998,99.0,12.300000000000002,999.0
2015,10,15,267.375,3.5833333333333335,99.0,14.712499999999999,999.0
2015,10,16,298.0833333333333,2.6416666666666666,99.0,11.1875,999.0
2015,10,17,254.08333333333334,2.3625000000000003,99.0,7.4375,999.0
2015,10,18,232.95833333333334,2.358333333333333,99.0,8.725,999.0
2015,10,19,225.875,4.841666666666668,99.0,14.516666666666667,999.0
2015,10,20,228.7826086956522,4.134782608695653,99.0,18.773913043478263,999.0
2015,10,21,225.95833333333334,3.7916666666666665,99.0,19.354166666666668,999.0
2015,10,22,91.3913043478261,2.9913043478260875,99.0,15.81739130434783,999.0
2015,10,23,120.20833333333333,3.941666666666666,99.0,13.991666666666665,999.0
2015,10,24,232.45833333333334,4.604166666666667,99.0,17.95,999.0
2015,10,25,219.04166666666666,1.9749999999999999,99.0,11.90833333333333,999.0
2015,10,26,129.25,2.583333333333333,99.0,12.495833333333332,999.0
2015,10,27,123.79166666666667,4.979166666666667,99.0,13.179166666666669,999.0
2015,10,28,201.0,5.354166666666667,99.0,12.583333333333334,999.0
2015,10,29,266.375,6.162500000000001,99.0,5.987500000000001,999.0
2015,10,30,264.5,2.158333333333333,99.0,9.183333333333332,999.0
2015,10,31,191.95833333333334,3.620833333333334,99.0,9.462500000000002,999.0
2015,11,1,258.0869565217391,4.695652173913044,99.0,13.082608695652175,999.0
2015,11,2,233.75,3.79,99.0,15.179999999999998,999.0
2015,11,3,208.1818181818182,2.4636363636363634,99.0,19.299999999999997,999.0
2015,11,4,228.2608695652174,2.621739130434783,99.0,16.804347826086953,999.0
2015,11,5,216.33333333333334,3.712499999999999,99.0,19.037499999999998,999.0
2015,11,6,256.5,5.449999999999998,99.0,13.583333333333336,999.0
2015,11,7,277.17391304347825,3.0043478260869567,99.0,8.582608695652173,999.0
2015,11,8,257.1304347826087,2.0565217391304347,99.0,7.5782608695652165,999.0
2015,11,9,171.33333333333334,2.225,99.0,8.366666666666667,999.0
2015,11,10,156.5909090909091,1.8363636363636362,99.0,10.163636363636366,999.0
2015,11,11,195.66666666666666,4.116666666666667,99.0,12.455555555555556,999.0
2015,11,12,240.7391304347826,6.639130434782611,99.0,9.87391304347826,999.0
2015,11,13,283.7826086956522,6.126086956521738,99.0,6.48695652173913,999.0
2015,11,14,247.83333333333334,3.008333333333333,99.0,6.550000000000001,999.0
2015,11,15,237.08333333333334,3.7625000000000006,99.0,13.025000000000004,999.0
2015,11,16,206.47826086956522,3.5565217391304347,99.0,12.304347826086959,999.0
2015,11,17,166.9090909090909,5.172727272727272,99.0,12.222727272727274,999.0
2015,11,18,187.04347826086956,6.32608695652174,99.0,15.869565217391305,999.0
2015,11,19,255.75,5.816666666666667,99.0,8.112499999999999,999.0
2015,11,20,260.0,4.519047619047618,99.0,4.128571428571429,999.0
2015,11,21,128.5,6.133333333333334,99.0,1.7333333333333334,999.0
2015,11,22,263.7916666666667,3.391666666666667,99.0,-4.875000000000001,999.0
2015,11,23,235.41666666666666,4.595833333333333,99.0,0.16250000000000012,999.0
2015,11,24,233.58333333333334,2.8875000000000006,99.0,2.6958333333333333,999.0
2015,11,25,191.54166666666666,4.224999999999999,99.0,7.820833333333333,999.0
2015,11,26,212.79166666666666,5.066666666666666,99.0,13.008333333333333,999.0
2015,11,27,93.0,4.9416666666666655,99.0,8.833333333333334,999.0
2015,11,28,37.458333333333336,7.075000000000002,99.0,4.5,999.0
2015,11,29,71.20833333333333,4.925,99.0,4.4625,999.0
2015,11,30,107.56521739130434,5.37391304347826,99.0,5.534782608695652,999.0
2015,12,1,213.0,4.416666666666666,99.0,6.570833333333334,999.0
2015,12,2,251.66666666666666,3.3249999999999997,99.0,2.9166666666666665,999.0
2015,12,3,279.875,3.4083333333333345,99.0,1.7125000000000001,999.0
2015,12,4,247.95652173913044,4.043478260869565,99.0,3.547826086956522,999.0
2015,12,5,211.69565217391303,2.739130434782609,99.0,2.269565217391304,999.0
2015,12,6,215.41666666666666,2.4625,99.0,4.208333333333333,999.0
2015,12,7,177.33333333333334,1.9916666666666663,99.0,4.533333333333334,999.0
2015,12,8,214.45833333333334,3.9791666666666674,99.0,5.591666666666666,999.0
2015,12,9,235.66666666666666,4.025,99.0,9.45833333333333,999.0
2015,12,10,227.5,5.058333333333333,99.0,10.574999999999998,999.0
2015,12,11,218.79166666666666,3.4374999999999996,99.0,9.279166666666667,999.0
2015,12,12,88.375,1.958333333333333,99.0,9.841666666666667,999.0
2015,12,13,150.2608695652174,3.904347826086957,99.0,13.934782608695652,999.0
2015,12,14,197.5,5.691666666666667,99.0,13.3125,999.0
2015,12,15,203.125,3.5208333333333326,99.0,6.216666666666666,999.0
2015,12,16,182.33333333333334,5.187499999999999,99.0,7.433333333333333,999.0
2015,12,17,278.5416666666667,5.691666666666664,99.0,1.7000000000000008,999.0
2015,12,18,265.60869565217394,4.8652173913043475,99.0,-1.039130434782609,999.0
2015,12,19,276.35,4.77,99.0,-3.6100000000000003,999.0
2015,12,20,208.82608695652175,4.917391304347826,99.0,3.8999999999999995,999.0
2015,12,21,232.13636363636363,5.122727272727274,99.0,9.113636363636362,999.0
2015,12,22,163.5,2.991666666666666,99.0,4.791666666666669,999.0
2015,12,23,168.91304347826087,4.452173913043479,99.0,9.834782608695651,999.0
2015,12,24,246.0,4.8791666666666655,99.0,6.658333333333334,999.0
2015,12,25,154.72727272727272,3.486363636363636,99.0,5.504545454545456,999.0
2015,12,26,89.95833333333333,5.470833333333334,99.0,5.845833333333331,999.0
2015,12,27,51.416666666666664,4.433333333333333,99.0,5.195833333333334,999.0
2015,12,28,69.73684210526316,2.694736842105263,99.0,2.478947368421053,999.0
2015,12,29,239.20833333333334,6.058333333333333,99.0,2.4375,999.0
2015,12,30,264.6666666666667,3.116666666666666,99.0,-0.7250000000000001,999.0
2015,12,31,275.4166666666667,4.541666666666667,99.0,-2.0166666666666666,999.0
2016,1,1,263.7083333333333,6.058333333333334,99.0,-3.358333333333333,999.0
2016,1,2,261.7391304347826,4.4565217391304355,99.0,-1.3434782608695648,999.0
2016,1,3,307.0833333333333,4.275,99.0,-1.1083333333333334,999.0
2016,1,4,226.79166666666666,4.716666666666667,99.0,-1.3291666666666668,999.0
2016,1,5,179.625,3.7750000000000004,99.0,-2.1375,999.0
2016,1,6,207.30434782608697,2.9434782608695653,99.0,0.20869565217391303,999.0
2016,1,7,184.33333333333334,2.7916666666666665,99.0,4.033333333333333,999.0
2016,1,8,167.125,2.458333333333334,99.0,5.562500000000001,999.0
2016,1,9,198.7826086956522,3.0217391304347827,99.0,5.052173913043478,999.0
2016,1,10,315.6521739130435,5.308695652173914,99.0,-5.643478260869566,999.0
2016,1,11,246.58333333333334,4.316666666666667,99.0,-12.649999999999999,999.0
2016,1,12,278.17391304347825,5.486956521739131,99.0,-8.404347826086955,999.0
2016,1,13,250.95833333333334,3.670833333333334,99.0,-12.020833333333334,999.0
2016,1,14,238.79166666666666,3.8375000000000004,99.0,1.7791666666666668,999.0
2016,1,15,236.58333333333334,4.479166666666665,99.0,5.7625,999.0
2016,1,16,307.7083333333333,4.204166666666667,99.0,-0.48750000000000004,999.0
2016,1,17,292.4583333333333,4.670833333333333,99.0,-11.983333333333333,999.0
2016,1,18,283.0833333333333,5.170833333333333,99.0,-15.862499999999999,999.0
2016,1,19,262.1666666666667,2.8708333333333336,99.0,-12.699999999999998,999.0
2016,1,20,243.04166666666666,1.7916666666666667,99.0,-7.104166666666668,999.0
2016,1,21,215.04166666666666,1.8416666666666661,99.0,-5.533333333333334,999.0
2016,1,22,118.25,4.1000000000000005,99.0,-1.9041666666666666,999.0
2016,1,23,74.75,5.145833333333333,99.0,-0.10416666666666667,999.0
2016,1,24,234.83333333333334,3.679166666666667,99.0,-0.9250000000000002,999.0
2016,1,25,201.95833333333334,3.1125000000000003,99.0,1.8125,999.0
2016,1,26,263.8333333333333,5.970833333333334,99.0,1.5666666666666664,999.0
2016,1,27,262.4166666666667,4.091666666666668,99.0,-1.3833333333333335,999.0
2016,1,28,249.625,5.304166666666667,99.0,2.275,999.0
2016,1,29,167.125,3.8125000000000004,99.0,-0.9791666666666665,999.0
2016,1,30,236.625,4.291666666666667,99.0,5.020833333333333,999.0
2016,1,31,232.91666666666666,3.2499999999999996,99.0,7.9958333333333345,999.0
2016,2,1,239.56521739130434,2.430434782608696,99.0,2.9565217391304346,999.0
2016,2,2,72.45833333333333,4.449999999999999,99.0,2.0875000000000004,999.0
2016,2,3,220.58333333333334,5.008333333333333,99.0,3.366666666666667,999.0
2016,2,4,274.0416666666667,4.133333333333334,99.0,-1.729166666666667,999.0
2016,2,5,57.4,3.4599999999999995,99.0,-0.45,999.0
2016,2,6,240.04166666666666,3.35,99.0,0.4416666666666666,999.0
2016,2,7,232.33333333333334,4.529166666666666,99.0,5.1083333333333325,999.0
2016,2,8,273.1666666666667,3.8125000000000004,99.0,0.9333333333333331,999.0
2016,2,9,321.8181818181818,3.9,99.0,-7.118181818181819,999.0
2016,2,10,316.0833333333333,3.8750000000000004,99.0,-8.754166666666666,999.0
2016,2,11,246.20833333333334,2.5833333333333335,99.0,-8.758333333333333,999.0
2016,2,12,283.5416666666667,3.966666666666667,99.0,-5.720833333333334,999.0
2016,2,13,312.125,4.145833333333333,99.0,-11.054166666666667,999.0
2016,2,14,182.34782608695653,4.430434782608694,99.0,-8.560869565217393,999.0
2016,2,15,213.29166666666666,2.9375,99.0,-4.7749999999999995,999.0
2016,2,16,149.91666666666666,1.4791666666666667,99.0,-1.5250000000000001,999.0
2016,2,17,164.82608695652175,3.5652173913043477,99.0,-1.056521739130435,999.0
2016,2,18,136.25,4.487500000000001,99.0,0.5541666666666666,999.0
2016,2,19,213.0,5.97391304347826,99.0,10.29565217391304,999.0
2016,2,20,266.7916666666667,5.012500000000002,99.0,11.787500000000001,999.0
2016,2,21,55.38095238095238,3.8952380952380943,99.0,4.552380952380952,999.0
2016,2,22,70.9090909090909,1.9636363636363634,99.0,2.018181818181818,999.0
2016,2,23,50.625,2.8166666666666664,99.0,1.7124999999999997,999.0
2016,2,24,53.916666666666664,6.079166666666667,99.0,2.091666666666666,999.0
2016,2,25,276.4583333333333,5.533333333333332,99.0,1.1500000000000001,999.0
2016,2,26,311.875,3.8000000000000007,99.0,0.7541666666666668,999.0
2016,2,27,241.91304347826087,5.160869565217391,99.0,3.8043478260869565,999.0
2016,2,28,233.95833333333334,6.375,99.0,11.554166666666667,999.0
2016,2,29,265.7916666666667,5.795833333333333,99.0,5.750000000000001,999.0
2016,3,1,94.18181818181819,6.786363636363637,99.0,-0.6136363636363636,999.0
2016,3,2,261.375,3.258333333333333,99.0,-4.316666666666667,999.0
2016,3,3,120.95652173913044,3.930434782608695,99.0,-0.26086956521739135,999.0
2016,3,4,94.16666666666667,4.283333333333332,99.0,0.21666666666666665,999.0
2016,3,5,179.16666666666666,3.591666666666667,99.0,1.4791666666666667,999.0
2016,3,6,175.5,4.033333333333334,99.0,4.745833333333334,999.0
2016,3,7,213.5,4.925,99.0,11.612499999999999,999.0
2016,3,8,214.33333333333334,4.8,99.0,17.113333333333337,999.0
2016,3,9,230.1304347826087,4.604347826086957,99.0,17.53478260869565,999.0
2016,3,10,76.25,2.8250000000000006,99.0,7.8625,999.0
2016,3,11,31.375,3.0750000000000006,99.0,4.175,999.0
2016,3,12,106.125,1.5708333333333337,99.0,5.304166666666666,999.0
2016,3,13,47.68181818181818,3.4636363636363643,99.0,5.754545454545456,999.0
2016,3,14,173.875,1.729166666666667,99.0,6.55,999.0
2016,3,15,130.0,2.379166666666667,99.0,6.5125,999.0
2016,3,16,234.29166666666666,4.187500000000001,99.0,11.825000000000001,999.0
2016,3,17,272.25,6.270833333333332,99.0,10.554166666666669,999.0
2016,3,18,200.95833333333334,4.091666666666667,99.0,5.695833333333334,999.0
2016,3,19,53.416666666666664,4.195833333333334,99.0,3.483333333333333,999.0
2016,3,20,38.416666666666664,5.120833333333332,99.0,3.1875,999.0
2016,3,21,162.5,2.6916666666666664,99.0,3.2041666666666675,999.0
2016,3,22,219.25,5.183333333333334,99.0,11.262499999999998,999.0
2016,3,23,61.25,6.1499999999999995,99.0,6.687500000000001,999.0
2016,3,24,111.36363636363636,4.590909090909092,99.0,4.572727272727273,999.0
2016,3,25,211.91666666666666,3.558333333333334,99.0,1.5791666666666664,999.0
2016,3,26,133.16666666666666,3.2249999999999996,99.0,4.7124999999999995,999.0
2016,3,27,196.45833333333334,2.85,99.0,10.566666666666668,999.0
2016,3,28,221.91666666666666,3.6333333333333333,99.0,6.999999999999997,999.0
2016,3,29,166.16666666666666,2.0625,99.0,5.629166666666667,999.0
2016,3,30,181.29166666666666,4.295833333333333,99.0,10.629166666666666,999.0
2016,3,31,209.79166666666666,6.162499999999999,99.0,15.412500000000001,999.0
2016,4,1,156.58333333333334,3.6208333333333336,99.0,6.708333333333333,999.0
2016,4,2,287.0833333333333,5.4750000000000005,99.0,2.6625,999.0
2016,4,3,251.91666666666666,4.625,99.0,6.445833333333333,999.0
2016,4,4,89.28571428571429,6.321428571428571,99.0,7.228571428571428,999.0
2016,4,10,194.31578947368422,5.478947368421053,99.0,4.9947368421052625,999.0
2016,4,11,272.75,3.5916666666666655,99.0,10.033333333333333,999.0
2016,4,12,129.83333333333334,3.629166666666667,99.0,4.295833333333334,999.0
2016,4,13,113.625,3.7375000000000003,99.0,5.8999999999999995,999.0
2016,4,14,96.25,3.0499999999999994,99.0,7.279166666666666,999.0
2016,4,15,70.30434782608695,3.0391304347826082,99.0,7.991304347826087,999.0
2016,4,16,25.625,2.575,99.0,9.370833333333332,999.0
2016,4,17,48.2,1.5933333333333335,99.0,11.280000000000003,999.0
2016,4,18,57.0,1.0,99.0,14.4,999.0
2016,4,19,33.125,5.233333333333333,99.0,9.64166666666667,999.0
2016,4,20,110.79166666666667,3.2916666666666674,99.0,12.091666666666669,999.0
2016,4,21,188.33333333333334,2.0333333333333337,99.0,15.445833333333335,999.0
2016,4,22,121.33333333333333,4.858333333333333,99.0,9.637500000000001,999.0
2016,4,23,38.375,3.8000000000000003,99.0,7.354166666666667,999.0
2016,4,24,144.625,2.6375,99.0,12.983333333333334,999.0
2016,4,25,212.57894736842104,4.352631578947369,99.0,22.178947368421053,999.0
2016,4,26,69.08333333333333,6.662499999999999,99.0,10.575000000000003,999.0
2016,4,27,56.17391304347826,7.85217391304348,99.0,7.095652173913043,999.0
2016,4,28,76.65217391304348,5.456521739130435,99.0,7.930434782608696,999.0
2016,4,29,123.38095238095238,3.852380952380952,99.0,6.795238095238095,999.0
2016,4,30,76.27272727272727,4.7318181818181815,99.0,7.45,999.0
2016,5,1,37.541666666666664,5.8500000000000005,99.0,7.3374999999999995,999.0
2016,5,2,34.416666666666664,5.595833333333334,99.0,8.2,999.0
2016,5,3,189.33333333333334,2.3625000000000003,99.0,11.795833333333334,999.0
2016,5,4,91.58333333333333,5.704166666666666,99.0,10.570833333333333,999.0
2016,5,5,21.916666666666668,5.025,99.0,7.370833333333334,999.0
2016,5,6,226.79166666666666,2.125,99.0,15.941666666666668,999.0
2016,5,7,161.625,4.629166666666666,99.0,17.0375,999.0
2016,5,8,89.83333333333333,1.6875000000000002,99.0,12.558333333333335,999.0
2016,5,9,143.08333333333334,3.154166666666667,99.0,12.491666666666669,999.0
2016,5,10,128.9090909090909,2.9272727272727277,99.0,11.786363636363633,999.0
2016,5,11,51.375,1.6500000000000004,99.0,11.366666666666665,999.0
2016,5,12,194.33333333333334,3.2833333333333337,99.0,15.5625,999.0
2016,5,13,280.2083333333333,3.2416666666666667,99.0,15.508333333333331,999.0
2016,5,14,291.5,3.358333333333333,99.0,8.55,999.0
2016,5,15,225.79166666666666,2.7000000000000006,99.0,7.616666666666667,999.0
2016,5,16,244.20833333333334,4.491666666666666,99.0,14.270833333333334,999.0
2016,5,17,116.75,4.7625,99.0,11.633333333333333,999.0
2016,5,18,47.291666666666664,3.4916666666666667,99.0,10.254166666666668,999.0
2016,5,19,89.08333333333333,1.5041666666666667,99.0,11.366666666666667,999.0
2016,5,20,56.625,2.2166666666666663,99.0,12.879166666666665,999.0
2016,5,21,10.166666666666666,4.291666666666667,99.0,15.541666666666664,999.0
2016,5,22,129.95833333333334,2.395833333333333,99.0,14.683333333333332,999.0
2016,5,23,149.95833333333334,1.4166666666666667,99.0,15.674999999999999,999.0
2016,5,24,216.95833333333334,2.908333333333333,99.0,23.3125,999.0
2016,5,25,209.20833333333334,2.154166666666667,99.0,22.974999999999994,999.0
2016,5,26,191.69565217391303,2.591304347826087,99.0,22.160869565217393,999.0
2016,5,27,202.70833333333334,2.8208333333333333,99.0,23.5125,999.0
2016,5,28,204.83333333333334,4.012499999999999,99.0,23.52083333333333,999.0
2016,5,29,245.625,4.254166666666667,99.0,23.866666666666664,999.0
2016,5,30,190.95833333333334,1.6083333333333336,99.0,21.975000000000005,999.0
2016,5,31,87.70833333333333,1.8916666666666666,99.0,18.61666666666667,999.0
2016,6,1,118.125,0.9833333333333333,99.0,17.775000000000002,999.0
2016,6,2,253.54166666666666,1.5916666666666668,99.0,22.17083333333333,999.0
2016,6,3,90.66666666666667,1.2041666666666668,99.0,18.929166666666664,999.0
2016,6,4,189.8695652173913,2.1739130434782608,99.0,21.08695652173913,999.0
2016,6,5,271.0416666666667,2.904166666666667,99.0,21.404166666666665,999.0
2016,6,6,247.2173913043478,3.560869565217391,99.0,22.243478260869562,999.0
2016,6,7,123.66666666666667,3.2958333333333325,99.0,16.49166666666667,999.0
2016,6,8,143.20833333333334,2.745833333333333,99.0,14.575000000000003,999.0
2016,6,9,179.125,1.925,99.0,17.72083333333333,999.0
2016,6,10,160.91666666666666,2.841666666666667,99.0,23.137500000000003,999.0
2016,6,11,217.35714285714286,2.978571428571428,99.0,30.307142857142853,999.0
2016,6,12,81.70833333333333,5.508333333333333,99.0,20.425,999.0
2016,6,13,70.83333333333333,2.308333333333333,99.0,18.32916666666667,999.0
2016,6,14,65.75,1.8083333333333327,99.0,20.4875,999.0
2016,6,15,198.1304347826087,3.0173913043478255,99.0,24.960869565217394,999.0
2016,6,16,165.5,3.7416666666666667,99.0,22.15416666666667,999.0
2016,6,17,25.5,4.541666666666666,99.0,18.7,999.0
2016,6,18,55.5,2.05,99.0,19.966666666666665,999.0
2016,6,19,168.75,2.0875,99.0,25.724999999999998,999.0
2016,6,20,252.29166666666666,4.612500000000001,99.0,29.158333333333328,999.0
2016,6,21,153.375,1.3083333333333333,99.0,22.525000000000002,999.0
2016,6,22,215.79166666666666,2.2541666666666664,99.0,22.35416666666666,999.0
2016,6,23,40.958333333333336,2.904166666666667,99.0,20.175,999.0
2016,6,24,41.25,3.495833333333333,99.0,20.85833333333333,999.0
2016,6,25,166.25,2.4875000000000003,99.0,25.341666666666665,999.0
2016,6,26,160.95833333333334,2.5124999999999997,99.0,25.79166666666667,999.0
2016,6,27,249.0,2.579166666666667,99.0,27.17083333333333,999.0
2016,6,28,26.791666666666668,5.133333333333332,99.0,19.28333333333333,999.0
2016,6,29,127.41666666666667,1.9916666666666674,99.0,19.116666666666664,999.0
2016,6,30,229.66666666666666,2.375,99.0,22.04583333333333,999.0
2016,7,1,135.54166666666666,4.3,99.0,19.983333333333334,999.0
2016,7,2,85.17647058823529,2.505882352941176,99.0,20.470588235294116,999.0
2016,7,3,148.29166666666666,1.8458333333333334,99.0,20.304166666666664,999.0
2016,7,4,126.125,1.1375000000000002,99.0,20.82916666666667,999.0
2016,7,5,251.125,2.4041666666666663,99.0,25.1875,999.0
2016,7,6,220.41666666666666,2.7291666666666665,99.0,25.525000000000002,999.0
2016,7,7,215.45833333333334,2.3666666666666667,99.0,25.125000000000004,999.0
2016,7,8,201.91666666666666,3.033333333333333,99.0,25.616666666666664,999.0
2016,7,9,158.58333333333334,3.795833333333333,99.0,22.37916666666666,999.0
2016,7,10,146.16666666666666,1.6083333333333334,99.0,21.770833333333332,999.0
2016,7,11,199.70833333333334,2.7916666666666665,99.0,26.70416666666667,999.0
2016,7,12,215.94117647058823,3.9705882352941178,99.0,27.023529411764713,999.0
2016,7,13,229.27272727272728,2.7636363636363637,99.0,26.4,999.0
2016,7,14,252.66666666666666,4.8708333333333345,99.0,24.84166666666667,999.0
2016,7,15,209.29166666666666,2.75,99.0,22.595833333333335,999.0
2016,7,16,82.625,2.4541666666666666,99.0,20.179166666666664,999.0
2016,7,17,198.70833333333334,3.3874999999999997,99.0,23.099999999999998,999.0
2016,7,18,168.83333333333334,2.0749999999999997,99.0,23.69583333333333,999.0
2016,7,19,147.04166666666666,1.4791666666666663,99.0,23.491666666666664,999.0
2016,7,20,164.25,1.2166666666666666,99.0,25.954166666666666,999.0
2016,7,21,203.41666666666666,2.5791666666666666,99.0,26.98333333333333,999.0
2016,7,22,216.33333333333334,2.05,99.0,25.987499999999997,999.0
2016,7,23,179.70833333333334,1.3041666666666665,99.0,27.300000000000008,999.0
2016,7,24,190.25,3.291666666666666,99.0,26.05416666666667,999.0
2016,7,25,187.75,2.3624999999999994,99.0,24.245833333333334,999.0
2016,7,26,124.875,1.3666666666666665,99.0,24.5,999.0
2016,7,27,159.45833333333334,1.0333333333333334,99.0,25.041666666666668,999.0
2016,7,28,135.54166666666666,1.0708333333333333,99.0,24.475000000000005,999.0
2016,7,29,66.0,2.3791666666666664,99.0,23.549999999999997,999.0
2016,7,30,66.5,4.2124999999999995,99.0,22.637500000000003,999.0
2016,7,31,47.875,2.525,99.0,22.900000000000002,999.0
2016,8,1,74.54166666666667,2.5416666666666665,99.0,23.541666666666668,999.0
2016,8,2,88.58333333333333,1.791666666666667,99.0,24.804166666666664,999.0
2016,8,3,89.08333333333333,1.1625,99.0,25.937499999999996,999.0
2016,8,4,134.45833333333334,1.2083333333333333,99.0,27.17083333333333,999.0
2016,8,5,220.75,2.079166666666666,99.0,26.329166666666666,999.0
2016,8,6,126.75,2.420833333333333,99.0,23.77083333333333,999.0
2016,8,7,133.79166666666666,1.8875000000000002,99.0,23.47916666666666,999.0
2016,8,8,81.08333333333333,4.270833333333333,99.0,24.325000000000006,999.0
2016,8,9,137.08333333333334,1.7833333333333339,99.0,24.737499999999997,999.0
2016,8,10,166.20833333333334,1.620833333333333,99.0,26.291666666666668,999.0
2016,8,11,200.75,2.704166666666667,99.0,28.345833333333335,999.0
2016,8,12,202.33333333333334,2.55,99.0,27.129166666666666,999.0
2016,8,13,202.70833333333334,2.579166666666667,99.0,25.108333333333334,999.0
2016,8,14,182.20833333333334,1.2458333333333333,99.0,24.3,999.0
2016,8,15,165.875,1.6208333333333336,99.0,23.60833333333333,999.0
2016,8,16,140.79166666666666,2.3375,99.0,23.54166666666666,999.0
2016,8,17,218.54166666666666,2.641666666666667,99.0,25.5625,999.0
2016,8,18,216.70833333333334,2.0500000000000003,99.0,25.362500000000008,999.0
2016,8,19,233.95833333333334,2.4499999999999993,99.0,24.099999999999998,999.0
2016,8,20,221.08333333333334,3.3375000000000004,99.0,24.1875,999.0
2016,8,21,291.1666666666667,2.4541666666666675,99.0,20.404166666666665,999.0
2016,8,22,241.0,1.7124999999999997,99.0,21.100000000000005,999.0
2016,8,23,207.70833333333334,2.7125,99.0,22.829166666666666,999.0
2016,8,24,216.41666666666666,3.720833333333333,99.0,24.77916666666667,999.0
2016,8,25,190.125,1.7541666666666667,99.0,23.845833333333335,999.0
2016,8,26,101.66666666666667,1.7666666666666664,99.0,21.974999999999998,999.0
2016,8,27,151.79166666666666,2.7791666666666672,99.0,24.024999999999995,999.0
2016,8,28,118.08333333333333,1.558333333333333,99.0,24.479166666666668,999.0
2016,8,29,60.625,1.8916666666666668,99.0,23.837499999999995,999.0
2016,8,30,75.25,1.4749999999999999,99.0,24.420833333333345,999.0
2016,8,31,109.33333333333333,4.175,99.0,22.70833333333334,999.0
2016,9,1,55.25,5.7124999999999995,99.0,21.51666666666667,999.0
2016,9,2,72.375,3.954166666666666,99.0,20.89166666666667,999.0
2016,9,3,108.25,3.120833333333333,99.0,20.712500000000002,999.0
2016,9,4,152.20833333333334,1.875,99.0,22.337499999999995,999.0
2016,9,5,200.70833333333334,2.783333333333333,99.0,25.258333333333326,999.0
2016,9,6,232.29166666666666,3.595833333333333,99.0,28.61666666666666,999.0
2016,9,7,237.29166666666666,3.8000000000000007,99.0,29.304166666666664,999.0
2016,9,8,255.25,3.8416666666666663,99.0,25.195833333333326,999.0
2016,9,9,193.45833333333334,1.6083333333333332,99.0,24.112499999999994,999.0
2016,9,10,251.79166666666666,2.6999999999999997,99.0,21.39166666666667,999.0
2016,9,11,269.0869565217391,1.9608695652173913,99.0,19.621739130434783,999.0
2016,9,12,199.16666666666666,2.7166666666666663,99.0,21.2875,999.0
2016,9,13,228.75,2.9375,99.0,23.620833333333337,999.0
2016,9,14,43.416666666666664,3.85,99.0,21.17083333333333,999.0
2016,9,15,111.20833333333333,2.7624999999999997,99.0,21.162499999999998,999.0
2016,9,16,187.0,3.4499999999999997,99.0,23.204166666666662,999.0
2016,9,17,245.66666666666666,3.370833333333333,99.0,23.624999999999996,999.0
2016,9,18,155.08333333333334,1.6041666666666667,99.0,21.100000000000005,999.0
2016,9,19,226.25,2.545833333333334,99.0,23.6375,999.0
2016,9,20,90.5,2.1375000000000006,99.0,22.745833333333337,999.0
2016,9,21,126.33333333333333,2.420833333333333,99.0,22.245833333333337,999.0
2016,9,22,160.57142857142858,1.2238095238095237,99.0,23.538095238095234,999.0
2016,9,23,28.791666666666668,2.9124999999999996,99.0,21.600000000000005,999.0
2016,9,24,80.25,3.783333333333333,99.0,20.524999999999995,999.0
2016,9,25,157.95833333333334,2.183333333333333,99.0,22.558333333333337,999.0
2016,9,26,270.4583333333333,4.583333333333333,99.0,19.675,999.0
2016,9,27,260.875,4.779166666666668,99.0,17.216666666666665,999.0
2016,9,28,176.0,4.437499999999999,99.0,14.5875,999.0
2016,9,29,68.54166666666667,5.795833333333333,99.0,17.429166666666664,999.0
2016,9,30,61.333333333333336,6.366666666666667,99.0,17.245833333333334,999.0
2016,10,1,86.75,2.7125000000000004,99.0,16.6125,999.0
2016,10,2,193.125,1.5833333333333337,99.0,16.179166666666664,999.0
2016,10,3,138.16666666666666,1.5791666666666668,99.0,17.004166666666666,999.0
2016,10,4,139.58333333333334,1.9666666666666668,99.0,18.38333333333333,999.0
2016,10,5,195.5,3.3249999999999997,99.0,22.14583333333333,999.0
2016,10,6,176.25,1.2625000000000002,99.0,20.058333333333337,999.0
2016,10,7,245.66666666666666,2.8958333333333335,99.0,19.67083333333333,999.0
2016,10,8,223.54166666666666,1.7874999999999999,99.0,12.191666666666665,999.0
2016,10,9,141.75,2.6750000000000003,99.0,13.958333333333334,999.0
2016,10,10,140.625,2.229166666666667,99.0,15.445833333333335,999.0
2016,10,11,186.58333333333334,2.908333333333333,99.0,19.058333333333334,999.0
2016,10,12,231.58333333333334,3.35,99.0,18.029166666666665,999.0
2016,10,13,225.45833333333334,2.3291666666666666,99.0,10.054166666666669,999.0
2016,10,14,194.0,2.2916666666666665,99.0,12.816666666666665,999.0
2016,10,15,201.08333333333334,3.1791666666666667,99.0,16.458333333333332,999.0
2016,10,16,219.625,2.829166666666666,99.0,20.400000000000002,999.0
2016,10,17,209.47826086956522,4.130434782608695,99.0,23.09130434782609,999.0
2016,10,18,213.91666666666666,4.883333333333333,99.0,22.825000000000003,999.0
2016,10,19,156.58333333333334,1.8999999999999995,99.0,16.03333333333333,999.0
2016,10,20,84.5,5.491666666666666,99.0,14.700000000000005,999.0
2016,10,21,216.83333333333334,4.795833333333332,99.0,10.029166666666667,999.0
2016,10,22,276.5,2.3291666666666666,99.0,9.741666666666667,999.0
2016,10,23,252.16666666666666,3.85,99.0,14.966666666666669,999.0
2016,10,24,100.29166666666667,4.241666666666666,99.0,12.570833333333335,999.0
2016,10,25,126.66666666666667,2.929166666666667,99.0,10.9375,999.0
2016,10,26,150.5,4.245833333333333,99.0,10.079166666666666,999.0
2016,10,27,267.9166666666667,2.533333333333333,99.0,9.820833333333335,999.0
2016,10,28,218.04166666666666,2.7999999999999994,99.0,11.125,999.0
2016,10,29,219.25,4.716666666666666,99.0,19.325,999.0
2016,10,30,38.708333333333336,4.895833333333333,99.0,13.095833333333331,999.0
2016,10,31,137.0,3.266666666666667,99.0,11.462499999999999,999.0
2016,11,1,226.91666666666666,4.062499999999999,99.0,19.8875,999.0
2016,11,2,174.45833333333334,1.7833333333333332,99.0,17.454166666666666,999.0
2016,11,3,100.04166666666667,2.5833333333333326,99.0,13.004166666666663,999.0
2016,11,4,77.125,2.754166666666666,99.0,12.920833333333334,999.0
2016,11,5,251.33333333333334,3.120833333333333,99.0,14.058333333333328,999.0
2016,11,6,252.83333333333334,3.0666666666666664,99.0,12.79166666666667,999.0
2016,11,7,208.34782608695653,1.8826086956521737,99.0,15.169565217391305,999.0
2016,11,8,200.4,3.3850000000000002,99.0,14.080000000000004,999.0
2016,11,9,156.70833333333334,3.9375,99.0,11.15,999.0
2016,11,10,253.29166666666666,4.720833333333332,99.0,11.462499999999999,999.0
2016,11,11,126.625,4.420833333333333,99.0,12.070833333333333,999.0
2016,11,12,178.66666666666666,3.570833333333334,99.0,8.4375,999.0
2016,11,13,244.5,4.291666666666666,99.0,8.283333333333331,999.0
2016,11,14,239.875,3.7374999999999994,99.0,10.258333333333333,999.0
2016,11,15,185.58333333333334,1.7708333333333337,99.0,10.283333333333335,999.0
2016,11,16,188.16666666666666,1.8458333333333334,99.0,10.016666666666666,999.0
2016,11,17,187.45833333333334,4.116666666666666,99.0,15.141666666666666,999.0
2016,11,18,215.08333333333334,5.175,99.0,17.845833333333335,999.0
2016,11,19,287.7916666666667,5.333333333333333,99.0,4.154166666666667,999.0
2016,11,20,292.7083333333333,3.129166666666667,99.0,-0.31249999999999994,999.0
2016,11,21,194.625,2.3916666666666666,99.0,0.9833333333333333,999.0
2016,11,22,119.54166666666667,3.1833333333333336,99.0,3.6333333333333333,999.0
2016,11,23,169.41666666666666,3.9083333333333345,99.0,5.150000000000001,999.0
2016,11,24,273.0416666666667,3.129166666666667,99.0,5.641666666666667,999.0
2016,11,25,275.2916666666667,3.1458333333333335,99.0,4.145833333333334,999.0
2016,11,26,257.125,2.8249999999999997,99.0,4.7625,999.0
2016,11,27,216.75,3.591666666666667,99.0,4.6416666666666675,999.0
2016,11,28,193.3913043478261,5.682608695652173,99.0,8.126086956521739,999.0
2016,11,29,214.25,4.375,99.0,11.220833333333333,999.0
2016,11,30,250.875,4.1416666666666675,99.0,6.316666666666667,999.0
2016,12,1,262.9583333333333,5.9375,99.0,4.083333333333333,999.0
2016,12,2,283.0833333333333,3.0916666666666663,99.0,4.054166666666666,999.0
2016,12,3,266.9583333333333,2.333333333333333,99.0,1.8708333333333338,999.0
2016,12,4,216.54166666666666,1.5958333333333334,99.0,1.1124999999999996,999.0
2016,12,5,244.125,3.329166666666666,99.0,1.0916666666666666,999.0
2016,12,6,176.95833333333334,3.8458333333333345,99.0,3.2249999999999996,999.0
2016,12,7,267.0833333333333,5.883333333333334,99.0,-1.5458333333333327,999.0
2016,12,8,282.375,6.008333333333334,99.0,-5.004166666666666,999.0
2016,12,9,283.3333333333333,3.858333333333334,99.0,-3.9499999999999997,999.0
2016,12,10,255.1304347826087,3.0608695652173914,99.0,-5.004347826086957,999.0
2016,12,11,177.6,3.075,99.0,-1.6,999.0
2016,12,12,268.9166666666667,4.304166666666666,99.0,-2.658333333333333,999.0
2016,12,13,279.4166666666667,2.6791666666666667,99.0,-6.3999999999999995,999.0
2016,12,14,267.75,5.458333333333333,99.0,-10.245833333333334,999.0
2016,12,15,282.8,5.645,99.0,-14.02,999.0
2016,12,16,170.83333333333334,4.216666666666667,99.0,-7.241666666666666,999.0
2016,12,17,261.0833333333333,2.0166666666666666,99.0,-4.520833333333332,999.0
2016,12,18,306.2083333333333,4.229166666666666,99.0,-9.479166666666668,999.0
2016,12,19,245.70833333333334,3.8583333333333343,99.0,-15.433333333333335,999.0
2016,12,20,234.29166666666666,5.716666666666668,99.0,-5.350000000000001,999.0
2016,12,21,235.91666666666666,3.829166666666666,99.0,-1.5333333333333334,999.0
2016,12,22,282.9166666666667,3.5625,99.0,2.8958333333333335,999.0
2016,12,23,215.91666666666666,2.670833333333333,99.0,0.9875000000000002,999.0
2016,12,24,218.875,2.404166666666667,99.0,2.433333333333333,999.0
2016,12,25,133.625,4.208333333333333,99.0,1.3749999999999998,999.0
2016,12,26,213.125,5.524999999999999,99.0,9.000000000000002,999.0
2016,12,27,276.7916666666667,5.9125000000000005,99.0,-0.7291666666666666,999.0
2016,12,28,220.66666666666666,4.175,99.0,1.375,999.0
2016,12,29,277.9583333333333,5.870833333333334,99.0,2.170833333333333,999.0
2016,12,30,277.7083333333333,4.375,99.0,-0.25,999.0
2016,12,31,249.83333333333334,5.795833333333333,99.0,3.5374999999999996,999.0
2017,1,1,234.33333333333334,2.3916666666666666,99.0,-0.4083333333333335,999.0
2017,1,2,77.66666666666667,2.191666666666667,99.0,2.1333333333333333,999.0
2017,1,3,131.70833333333334,2.629166666666667,99.0,3.466666666666667,999.0
2017,1,4,285.0416666666667,5.429166666666667,99.0,-6.670833333333334,999.0
2017,1,5,282.75,3.8666666666666667,99.0,-11.174999999999999,999.0
2017,1,6,287.9583333333333,3.679166666666666,99.0,-13.791666666666664,999.0
2017,1,7,281.2916666666667,3.6666666666666674,99.0,-12.4125,999.0
2017,1,8,273.7916666666667,3.2249999999999996,99.0,-10.879166666666665,999.0
2017,1,9,212.08333333333334,4.8791666666666655,99.0,-4.549999999999999,999.0
2017,1,10,195.56521739130434,5.865217391304348,99.0,4.495652173913043,999.0
2017,1,11,229.58333333333334,4.616666666666666,99.0,1.6541666666666668,999.0
2017,1,12,173.875,5.0375000000000005,99.0,-1.6291666666666667,999.0
2017,1,13,151.04166666666666,4.566666666666667,99.0,-3.8874999999999993,999.0
2017,1,14,124.95833333333333,2.7208333333333328,99.0,-0.8458333333333329,999.0
2017,1,15,219.83333333333334,1.0916666666666666,99.0,-1.0041666666666667,999.0
2017,1,16,123.83333333333333,1.9000000000000001,99.0,0.9416666666666664,999.0
2017,1,17,215.75,3.6875000000000004,99.0,4.0375000000000005,999.0
2017,1,18,263.0416666666667,4.154166666666668,99.0,2.566666666666666,999.0
2017,1,19,186.66666666666666,2.7083333333333335,99.0,2.433333333333334,999.0
2017,1,20,95.41666666666667,2.6750000000000003,99.0,2.7249999999999996,999.0
2017,1,21,196.08333333333334,2.9250000000000003,99.0,10.575,999.0
2017,1,22,121.41666666666667,1.7416666666666665,99.0,5.05,999.0
2017,1,23,7.3478260869565215,3.7478260869565214,99.0,3.204347826086956,999.0
2017,1,24,186.54166666666666,2.2166666666666672,99.0,3.350000000000001,999.0
2017,1,25,173.375,4.679166666666666,99.0,3.7208333333333337,999.0
2017,1,26,288.375,4.229166666666667,99.0,1.508333333333333,999.0
2017,1,27,275.8333333333333,4.95,99.0,-1.2291666666666667,999.0
2017,1,28,277.7083333333333,4.8875,99.0,-1.8958333333333337,999.0
2017,1,29,300.2083333333333,2.8125000000000004,99.0,-2.066666666666667,999.0
2017,1,30,279.2083333333333,3.7916666666666665,99.0,-3.854166666666666,999.0
2017,1,31,268.75,5.579166666666668,99.0,3.883333333333334,999.0
2017,2,1,287.75,3.9666666666666663,99.0,2.658333333333333,999.0
2017,2,2,299.8333333333333,3.870833333333334,99.0,-4.933333333333333,999.0
2017,2,3,306.375,3.7624999999999997,99.0,-5.800000000000001,999.0
2017,2,4,235.04166666666666,3.866666666666667,99.0,-3.4625,999.0
2017,2,5,243.20833333333334,3.8958333333333326,99.0,1.6541666666666666,999.0
2017,2,6,191.625,2.6166666666666667,99.0,3.4791666666666665,999.0
2017,2,7,178.41666666666666,3.0208333333333335,99.0,6.804166666666666,999.0
2017,2,8,162.375,5.124999999999999,99.0,0.17500000000000013,999.0
2017,2,9,299.5,4.004166666666667,99.0,-5.933333333333334,999.0
2017,2,10,228.08333333333334,5.2,99.0,-2.4541666666666666,999.0
2017,2,11,175.70833333333334,2.670833333333334,99.0,5.3,999.0
2017,2,12,194.75,5.341666666666666,99.0,4.670833333333333,999.0
2017,2,13,276.4166666666667,3.5083333333333333,99.0,3.35,999.0
2017,2,14,263.2083333333333,5.2250000000000005,99.0,5.837500000000001,999.0
2017,2,15,290.9166666666667,4.4125,99.0,1.7208333333333339,999.0
2017,2,16,100.125,3.2208333333333328,99.0,1.3999999999999997,999.0
2017,2,17,200.33333333333334,3.25,99.0,8.424999999999999,999.0
2017,2,18,221.5,3.858333333333334,99.0,12.433333333333332,999.0
2017,2,19,168.95833333333334,1.3750000000000002,99.0,9.5875,999.0
2017,2,20,153.79166666666666,3.079166666666667,99.0,10.75,999.0
2017,2,21,209.0,3.2125000000000004,99.0,14.820833333333333,999.0
2017,2,22,220.95454545454547,3.563636363636364,99.0,14.44090909090909,999.0
2017,2,23,140.875,4.15,99.0,10.0875,999.0
2017,2,24,74.45833333333333,4.237499999999999,99.0,4.425000000000001,999.0
2017,2,25,287.2916666666667,4.858333333333334,99.0,-0.7458333333333335,999.0
2017,2,26,243.66666666666666,4.495833333333334,99.0,1.058333333333333,999.0
2017,2,27,209.70833333333334,3.2249999999999996,99.0,5.229166666666666,999.0
2017,2,28,190.25,4.866666666666666,99.0,11.108333333333334,999.0
2017,3,1,231.33333333333334,4.2666666666666675,99.0,7.579166666666666,999.0
2017,3,2,267.2916666666667,3.4541666666666657,99.0,0.25833333333333325,999.0
2017,3,3,270.7916666666667,3.7541666666666664,99.0,-2.5750000000000006,999.0
2017,3,4,150.875,4.5583333333333345,99.0,0.47916666666666674,999.0
2017,3,5,181.125,5.616666666666666,99.0,6.2749999999999995,999.0
2017,3,6,212.83333333333334,6.1833333333333345,99.0,12.845833333333331,999.0
2017,3,7,247.375,7.624999999999999,99.0,12.74583333333333,999.0
2017,3,8,259.4166666666667,4.374999999999999,99.0,8.508333333333335,999.0
2017,3,9,131.6086956521739,4.508695652173913,99.0,4.152173913043478,999.0
2017,3,10,153.08333333333334,5.041666666666667,99.0,-0.2708333333333332,999.0
2017,3,11,217.54166666666666,3.829166666666667,99.0,-4.779166666666666,999.0
2017,3,12,185.82608695652175,2.960869565217391,99.0,-2.465217391304348,999.0
2017,3,13,109.36363636363636,5.918181818181818,99.0,-1.5727272727272728,999.0
2017,3,14,80.38888888888889,5.8,99.0,-2.833333333333333,999.0
2017,3,15,323.72222222222223,3.5111111111111115,99.0,-3.3499999999999996,999.0
2017,3,16,260.0833333333333,2.845833333333333,99.0,-0.5583333333333328,999.0
2017,3,17,188.16666666666666,3.266666666666667,99.0,3.8791666666666664,999.0
2017,3,18,281.1666666666667,3.8583333333333343,99.0,5.6916666666666655,999.0
2017,3,19,97.41666666666667,2.6916666666666664,99.0,3.8166666666666678,999.0
2017,3,20,134.33333333333334,3.733333333333333,99.0,7.125,999.0
2017,3,21,81.45833333333333,4.258333333333333,99.0,5.2250000000000005,999.0
2017,3,22,52.916666666666664,5.0249999999999995,99.0,-0.3208333333333334,999.0
2017,3,23,149.45833333333334,4.333333333333333,99.0,3.3666666666666667,999.0
2017,3,24,192.34782608695653,5.039130434782609,99.0,15.034782608695652,999.0
2017,3,25,25.0,5.618181818181818,99.0,4.663636363636363,999.0
2017,3,26,143.95833333333334,3.345833333333333,99.0,10.137500000000001,999.0
2017,3,27,119.91666666666667,2.8833333333333333,99.0,7.820833333333332,999.0
2017,3,28,31.63157894736842,4.721052631578948,99.0,4.3157894736842115,999.0
2017,3,29,45.31578947368421,5.010526315789474,99.0,3.6842105263157894,999.0
2017,3,30,60.5,4.935,99.0,5.2250000000000005,999.0
2017,3,31,34.083333333333336,6.995833333333334,99.0,3.991666666666666,999.0
2017,4,1,106.16666666666667,3.1333333333333333,99.0,5.133333333333334,999.0
2017,4,2,174.95833333333334,1.6458333333333333,99.0,8.3125,999.0
2017,4,3,67.29166666666667,2.1666666666666665,99.0,7.000000000000001,999.0
2017,4,4,181.83333333333334,2.695833333333333,99.0,8.141666666666666,999.0
2017,4,5,73.4090909090909,3.550000000000001,99.0,5.95909090909091,999.0
2017,4,6,69.30434782608695,5.6,99.0,4.895652173913044,999.0
2017,4,7,138.54166666666666,5.270833333333335,99.0,5.383333333333333,999.0
2017,4,8,213.66666666666666,3.5875,99.0,10.708333333333336,999.0
2017,4,9,204.08333333333334,6.25,99.0,18.26666666666667,999.0
2017,4,10,214.54166666666666,6.0375000000000005,99.0,20.099999999999998,999.0
2017,4,11,164.04166666666666,3.954166666666667,99.0,7.9624999999999995,999.0
2017,4,12,176.29166666666666,2.725,99.0,7.762499999999999,999.0
2017,4,13,81.5,3.3666666666666667,99.0,8.079166666666667,999.0
2017,4,14,62.958333333333336,3.8750000000000004,99.0,8.7875,999.0
2017,4,15,217.0,5.395833333333333,99.0,21.462500000000002,999.0
2017,4,16,264.25,4.845833333333334,99.0,20.295833333333338,999.0
2017,4,17,133.20833333333334,2.441666666666667,99.0,12.30833333333333,999.0
2017,4,18,126.83333333333333,4.258333333333334,99.0,14.429166666666667,999.0
2017,4,19,165.25,3.641666666666667,99.0,16.80416666666667,999.0
2017,4,20,174.04166666666666,4.966666666666668,99.0,14.1,999.0
2017,4,21,164.58333333333334,4.933333333333334,99.0,9.545833333333333,999.0
2017,4,22,34.375,5.529166666666666,99.0,8.15,999.0
2017,4,23,147.70833333333334,1.7208333333333334,99.0,10.929166666666665,999.0
2017,4,24,38.416666666666664,2.7166666666666663,99.0,9.895833333333332,999.0
2017,4,25,168.375,3.4583333333333335,99.0,18.21666666666667,999.0
2017,4,26,202.45833333333334,4.683333333333333,99.0,21.887500000000003,999.0
2017,4,27,229.0,4.75,99.0,12.675000000000004,999.0
2017,4,28,167.54166666666666,2.3749999999999996,99.0,8.416666666666668,999.0
2017,4,29,22.952380952380953,5.495238095238095,99.0,7.566666666666667,999.0
2017,4,30,42.1,6.065,99.0,7.2299999999999995,999.0
2017,5,1,191.71428571428572,4.6047619047619035,99.0,11.628571428571426,999.0
2017,5,2,269.3181818181818,5.963636363636363,99.0,8.286363636363637,999.0
2017,5,3,164.45833333333334,2.1374999999999997,99.0,8.658333333333333,999.0
2017,5,4,67.25,5.116666666666666,99.0,8.404166666666665,999.0
2017,5,5,29.166666666666668,5.866666666666666,99.0,7.7250000000000005,999.0
2017,5,6,87.33333333333333,5.279166666666667,99.0,8.524999999999999,999.0
2017,5,7,57.208333333333336,4.4541666666666675,99.0,7.533333333333331,999.0
2017,5,8,65.70833333333333,3.1458333333333335,99.0,6.512499999999999,999.0
2017,5,9,86.0,2.7500000000000004,99.0,7.904166666666668,999.0
2017,5,10,40.95652173913044,2.347826086956522,99.0,9.830434782608695,999.0
2017,5,11,34.09090909090909,4.5681818181818175,99.0,9.781818181818183,999.0
2017,5,12,43.541666666666664,2.579166666666667,99.0,10.833333333333334,999.0
2017,5,13,203.20833333333334,2.5791666666666666,99.0,16.9625,999.0
2017,5,14,49.125,3.2416666666666667,99.0,12.60416666666667,999.0
2017,5,15,78.16666666666667,2.1041666666666665,99.0,12.879166666666665,999.0
2017,5,16,200.56521739130434,3.28695652173913,99.0,23.55217391304348,999.0
2017,5,17,215.34782608695653,5.326086956521739,99.0,25.752173913043475,999.0
2017,5,18,247.33333333333334,5.1,99.0,24.337500000000002,999.0
2017,5,19,39.916666666666664,6.258333333333332,99.0,8.416666666666666,999.0
2017,5,20,88.52173913043478,4.782608695652174,99.0,11.417391304347827,999.0
2017,5,21,222.91666666666666,4.066666666666667,99.0,16.3625,999.0
2017,5,22,255.29166666666666,5.079166666666667,99.0,15.487499999999999,999.0
2017,5,23,211.58333333333334,3.1374999999999997,99.0,15.945833333333335,999.0
2017,5,24,40.0,4.829166666666667,99.0,12.412500000000001,999.0
2017,5,25,183.16666666666666,5.675,99.0,12.291666666666666,999.0
2017,5,26,135.41666666666666,2.025,99.0,13.804166666666672,999.0
2017,5,27,39.958333333333336,2.9875000000000007,99.0,13.433333333333337,999.0
2017,5,28,69.91666666666667,1.5333333333333334,99.0,14.941666666666665,999.0
2017,5,29,262.3333333333333,4.133333333333333,99.0,21.420833333333334,999.0
2017,5,30,267.4583333333333,3.8874999999999997,99.0,19.45,999.0
2017,5,31,277.3333333333333,2.716666666666667,99.0,18.775000000000002,999.0
2017,6,1,164.5,1.8375000000000004,99.0,16.720833333333328,999.0
2017,6,2,168.91666666666666,1.3999999999999997,99.0,18.979166666666668,999.0
2017,6,3,181.70833333333334,1.8541666666666667,99.0,21.000000000000004,999.0
2017,6,4,241.54166666666666,2.8583333333333325,99.0,26.35416666666666,999.0
2017,6,5,64.625,3.9791666666666674,99.0,17.991666666666664,999.0
2017,6,6,8.666666666666666,5.737500000000001,99.0,14.920833333333334,999.0
2017,6,7,26.833333333333332,4.2625,99.0,15.900000000000004,999.0
2017,6,8,148.16666666666666,1.2250000000000003,99.0,18.045833333333338,999.0
2017,6,9,200.375,3.0333333333333337,99.0,21.862499999999997,999.0
2017,6,10,188.54166666666666,4.020833333333333,99.0,23.941666666666666,999.0
2017,6,11,232.125,4.758333333333332,99.0,27.645833333333332,999.0
2017,6,12,233.16666666666666,4.216666666666666,99.0,29.183333333333337,999.0
2017,6,13,126.08333333333333,2.0375,99.0,21.670833333333334,999.0
2017,6,14,170.58333333333334,1.9624999999999997,99.0,23.370833333333334,999.0
2017,6,15,212.0,2.5208333333333335,99.0,23.037499999999998,999.0
2017,6,16,227.91666666666666,3.25,99.0,25.129166666666666,999.0
2017,6,17,199.70833333333334,3.125,99.0,25.933333333333337,999.0
2017,6,18,234.20833333333334,4.325,99.0,23.42083333333333,999.0
2017,6,19,260.125,2.970833333333333,99.0,21.887500000000003,999.0
2017,6,20,216.58333333333334,3.329166666666666,99.0,19.120833333333334,999.0
2017,6,21,85.375,1.4208333333333334,99.0,18.541666666666668,999.0
2017,6,22,201.375,3.3333333333333335,99.0,25.579166666666662,999.0
2017,6,23,174.83333333333334,2.641666666666667,99.0,22.841666666666665,999.0
2017,6,24,290.5,3.204166666666667,99.0,21.433333333333334,999.0
2017,6,25,280.375,3.1916666666666664,99.0,19.10833333333333,999.0
2017,6,26,274.2916666666667,3.2083333333333335,99.0,18.520833333333332,999.0
2017,6,27,229.54166666666666,1.9208333333333332,99.0,17.633333333333333,999.0
2017,6,28,199.41666666666666,3.6624999999999996,99.0,20.912500000000005,999.0
2017,6,29,215.66666666666666,4.345833333333334,99.0,24.55,999.0
2017,6,30,183.70833333333334,2.0375,99.0,21.562499999999996,999.0
2017,7,1,242.875,2.3291666666666666,99.0,23.724999999999998,999.0
2017,7,2,257.0833333333333,2.75,99.0,24.39999999999999,999.0
2017,7,3,91.875,2.970833333333333,99.0,21.095833333333335,999.0
2017,7,4,29.75,2.983333333333334,99.0,21.054166666666667,999.0
2017,7,5,98.91666666666667,1.4166666666666663,99.0,22.837499999999995,999.0
2017,7,6,174.66666666666666,1.0291666666666666,99.0,24.85416666666666,999.0
2017,7,7,147.54166666666666,3.5375,99.0,25.4375,999.0
2017,7,8,74.79166666666667,3.195833333333333,99.0,20.395833333333336,999.0
2017,7,9,215.33333333333334,2.3625000000000003,99.0,23.316666666666666,999.0
2017,7,10,182.125,3.0,99.0,25.17916666666667,999.0
2017,7,11,71.625,1.7458333333333333,99.0,23.241666666666664,999.0
2017,7,12,217.75,2.5875,99.0,24.72916666666666,999.0
2017,7,13,253.08333333333334,3.2625000000000006,99.0,25.89583333333334,999.0
2017,7,14,160.70833333333334,3.0750000000000006,99.0,21.77916666666667,999.0
2017,7,15,177.0,1.8791666666666667,99.0,21.075,999.0
2017,7,16,106.0,4.7250000000000005,99.0,21.8625,999.0
2017,7,17,31.583333333333332,3.9041666666666663,99.0,19.924999999999997,999.0
2017,7,18,135.04166666666666,1.3541666666666667,99.0,21.6375,999.0
2017,7,19,172.91666666666666,2.216666666666667,99.0,24.870833333333337,999.0
2017,7,20,149.75,2.3833333333333333,99.0,23.64583333333333,999.0
2017,7,21,125.08333333333333,1.4125000000000003,99.0,24.754166666666666,999.0
2017,7,22,152.33333333333334,2.3875,99.0,23.633333333333336,999.0
2017,7,23,157.22727272727272,1.090909090909091,99.0,25.009090909090904,999.0
2017,7,24,64.08333333333333,4.8999999999999995,99.0,21.575,999.0
2017,7,25,122.79166666666667,2.454166666666666,99.0,22.212500000000006,999.0
2017,7,26,209.95833333333334,2.558333333333333,99.0,24.59166666666667,999.0
2017,7,27,83.16666666666667,3.8250000000000006,99.0,24.037499999999998,999.0
2017,7,28,28.041666666666668,5.6000000000000005,99.0,22.47916666666667,999.0
2017,7,29,53.166666666666664,6.1875,99.0,21.683333333333337,999.0
2017,7,30,63.0,2.7750000000000004,99.0,22.608333333333334,999.0
2017,7,31,148.45833333333334,1.6041666666666667,99.0,23.495833333333337,999.0
2017,8,1,168.29166666666666,1.1791666666666665,99.0,23.99166666666667,999.0
2017,8,2,199.04166666666666,1.9708333333333325,99.0,23.75,999.0
2017,8,3,122.29166666666667,2.7125000000000004,99.0,24.21666666666667,999.0
2017,8,4,269.4583333333333,4.454166666666666,99.0,17.491666666666667,999.0
2017,8,5,263.5833333333333,2.9458333333333333,99.0,20.36666666666667,999.0
2017,8,6,219.375,2.0291666666666663,99.0,22.079166666666666,999.0
2017,8,7,87.625,3.5750000000000006,99.0,21.329166666666662,999.0
2017,8,8,182.83333333333334,2.1,99.0,21.125000000000004,999.0
2017,8,9,240.14285714285714,0.9714285714285714,99.0,21.821428571428573,999.0
2017,8,10,232.0,3.8285714285714287,99.0,27.885714285714283,999.0
2017,8,11,202.83333333333334,2.9499999999999993,99.0,22.90833333333333,999.0
2017,8,12,136.58333333333334,3.191666666666667,99.0,20.420833333333334,999.0
2017,8,13,140.33333333333334,1.9583333333333337,99.0,20.670833333333334,999.0
2017,8,14,143.66666666666666,1.4583333333333337,99.0,22.49166666666666,999.0
2017,8,15,159.75,2.25,99.0,23.54583333333333,999.0
2017,8,16,95.70833333333333,2.7416666666666667,99.0,23.616666666666664,999.0
2017,8,17,224.70833333333334,4.270833333333334,99.0,25.495833333333334,999.0
2017,8,18,272.5833333333333,3.4916666666666667,99.0,24.174999999999994,999.0
2017,8,19,199.20833333333334,1.5708333333333335,99.0,22.637500000000003,999.0
2017,8,20,190.75,1.5625000000000002,99.0,24.370833333333334,999.0
2017,8,21,207.6153846153846,2.646153846153846,99.0,26.630769230769236,999.0
2017,8,22,269.0833333333333,3.658333333333333,99.0,24.008333333333336,999.0
2017,8,23,231.33333333333334,2.5083333333333333,99.0,20.691666666666663,999.0
2017,8,24,157.5,2.858333333333333,99.0,19.270833333333332,999.0
2017,8,25,106.54166666666667,2.5916666666666672,99.0,18.508333333333333,999.0
2017,8,26,141.125,1.9708333333333339,99.0,20.508333333333336,999.0
2017,8,27,180.875,2.6291666666666673,99.0,21.32916666666667,999.0
2017,8,28,167.70833333333334,1.7874999999999999,99.0,21.237499999999994,999.0
2017,8,29,95.20833333333333,1.8583333333333334,99.0,21.345833333333335,999.0
2017,8,30,132.45833333333334,1.7125000000000001,99.0,20.962500000000002,999.0
2017,8,31,63.375,6.066666666666666,99.0,20.837500000000002,999.0
2017,9,1,83.20833333333333,5.7625,99.0,17.949999999999996,999.0
2017,9,2,107.625,2.670833333333333,99.0,18.470833333333335,999.0
2017,9,3,168.125,1.5,99.0,19.387500000000003,999.0
2017,9,4,262.4583333333333,3.991666666666667,99.0,23.54583333333333,999.0
2017,9,5,304.9166666666667,2.7000000000000006,99.0,18.333333333333332,999.0
2017,9,6,233.66666666666666,2.733333333333333,99.0,14.808333333333335,999.0
2017,9,7,284.875,2.2791666666666663,99.0,16.1625,999.0
2017,9,8,178.83333333333334,2.233333333333333,99.0,17.3625,999.0
2017,9,9,104.375,4.070833333333334,99.0,17.85,999.0
2017,9,10,130.95833333333334,3.0999999999999996,99.0,16.949999999999996,999.0
2017,9,11,129.20833333333334,2.7624999999999997,99.0,17.479166666666668,999.0
2017,9,12,65.25,3.370833333333333,99.0,19.504166666666666,999.0
2017,9,13,88.04166666666667,2.2250000000000005,99.0,19.533333333333335,999.0
2017,9,14,182.41666666666666,1.3125000000000002,99.0,18.775000000000002,999.0
2017,9,15,193.16666666666666,2.2875,99.0,23.075000000000003,999.0
2017,9,16,206.25,2.8916666666666675,99.0,25.279166666666665,999.0
2017,9,17,174.66666666666666,2.4833333333333334,99.0,24.037500000000005,999.0
2017,9,18,52.5,3.1791666666666667,99.0,20.170833333333338,999.0
2017,9,19,63.208333333333336,2.3041666666666663,99.0,20.291666666666664,999.0
2017,9,20,167.33333333333334,2.3208333333333333,99.0,24.500000000000004,999.0
2017,9,21,198.54166666666666,1.7833333333333332,99.0,26.77916666666667,999.0
2017,9,22,200.29166666666666,1.629166666666667,99.0,27.22916666666666,999.0
2017,9,23,152.875,1.4666666666666668,99.0,25.566666666666674,999.0
2017,9,24,125.75,1.3291666666666666,99.0,24.941666666666666,999.0
2017,9,25,165.54166666666666,1.5208333333333337,99.0,24.52083333333334,999.0
2017,9,26,225.04166666666666,2.4708333333333337,99.0,27.50833333333333,999.0
2017,9,27,162.91666666666666,3.225,99.0,21.2375,999.0
2017,9,28,210.125,2.4666666666666663,99.0,16.883333333333333,999.0
2017,9,29,152.54166666666666,4.308333333333334,99.0,17.520833333333332,999.0
2017,9,30,74.25,5.1208333333333345,99.0,16.291666666666668,999.0
2017,10,1,158.75,3.0374999999999996,99.0,16.733333333333338,999.0
2017,10,2,184.54166666666666,3.162500000000001,99.0,21.195833333333333,999.0
2017,10,3,208.41666666666666,4.0,99.0,22.691666666666666,999.0
2017,10,4,183.33333333333334,3.5541666666666667,99.0,21.04583333333333,999.0
2017,10,5,120.75,2.0499999999999994,99.0,18.454166666666666,999.0
2017,10,6,102.95833333333333,2.470833333333333,99.0,18.295833333333334,999.0
2017,10,7,209.83333333333334,4.75,99.0,21.48333333333333,999.0
2017,10,8,216.5,3.7874999999999996,99.0,18.316666666666666,999.0
2017,10,9,187.20833333333334,1.4000000000000001,99.0,19.1125,999.0
2017,10,10,49.583333333333336,4.687499999999999,99.0,17.812500000000004,999.0
2017,10,11,80.54166666666667,6.833333333333335,99.0,15.195833333333333,999.0
2017,10,12,124.75,2.858333333333333,99.0,14.612500000000002,999.0
2017,10,13,197.0,2.1791666666666663,99.0,16.5875,999.0
2017,10,14,152.95833333333334,1.5916666666666666,99.0,17.712500000000002,999.0
2017,10,15,252.875,3.7999999999999994,99.0,15.733333333333334,999.0
2017,10,16,276.5416666666667,2.7499999999999996,99.0,11.85,999.0
2017,10,17,239.95833333333334,3.929166666666666,99.0,14.720833333333337,999.0
2017,10,18,222.45833333333334,3.5041666666666664,99.0,16.125,999.0
2017,10,19,184.79166666666666,3.0291666666666663,99.0,15.691666666666665,999.0
2017,10,20,206.33333333333334,2.654166666666667,99.0,18.52916666666667,999.0
2017,10,21,204.25,4.612500000000001,99.0,20.429166666666664,999.0
2017,10,22,192.33333333333334,5.458333333333333,99.0,19.129166666666666,999.0
2017,10,23,102.1304347826087,4.673913043478261,99.0,12.26086956521739,999.0
2017,10,24,244.1818181818182,4.086363636363636,99.0,8.836363636363634,999.0
2017,10,25,259.0,2.5,99.0,7.433333333333334,999.0
2017,10,26,194.70833333333334,2.891666666666667,99.0,9.575000000000001,999.0
2017,10,27,246.83333333333334,5.1375,99.0,7.825,999.0
2017,10,28,265.875,4.454166666666667,99.0,4.204166666666668,999.0
2017,10,29,261.6666666666667,2.741666666666667,99.0,4.8791666666666655,999.0
2017,10,30,264.0,4.375000000000001,99.0,7.5,999.0
2017,10,31,274.1666666666667,4.425,99.0,3.5875,999.0
2017,11,1,190.75,2.8833333333333333,99.0,4.770833333333333,999.0
2017,11,2,149.0,1.960869565217391,99.0,9.095652173913043,999.0
2017,11,3,66.875,5.0166666666666675,99.0,8.583333333333332,999.0
2017,11,4,128.45833333333334,4.108333333333333,99.0,8.516666666666667,999.0
2017,11,5,109.34782608695652,1.3956521739130436,99.0,10.617391304347825,999.0
2017,11,6,127.0,4.254166666666667,99.0,6.150000000000001,999.0
2017,11,7,51.625,5.141666666666667,99.0,7.320833333333334,999.0
2017,11,8,236.08333333333334,2.1791666666666667,99.0,5.258333333333334,999.0
2017,11,9,277.2916666666667,3.366666666666667,99.0,4.770833333333335,999.0
2017,11,10,267.6666666666667,3.4499999999999997,99.0,-2.545833333333334,999.0
2017,11,11,181.54166666666666,3.558333333333333,99.0,-0.4416666666666667,999.0
2017,11,12,215.16666666666666,1.304166666666667,99.0,4.479166666666667,999.0
2017,11,13,287.9166666666667,1.7291666666666672,99.0,4.0375000000000005,999.0
2017,11,14,205.58333333333334,3.212500000000001,99.0,5.470833333333334,999.0
2017,11,15,225.9090909090909,4.6045454545454545,99.0,9.03181818181818,999.0
2017,11,16,266.875,3.6166666666666667,99.0,2.808333333333333,999.0
2017,11,17,167.75,3.962499999999999,99.0,4.6208333333333345,999.0
2017,11,18,173.9047619047619,4.19047619047619,99.0,6.661904761904762,999.0
2017,11,19,309.375,4.395833333333333,99.0,2.095833333333333,999.0
2017,11,20,242.70833333333334,5.358333333333334,99.0,4.637499999999999,999.0
2017,11,21,256.9130434782609,5.073913043478261,99.0,6.008695652173912,999.0
2017,11,22,301.75,3.191666666666666,99.0,-0.6833333333333332,999.0
2017,11,23,242.33333333333334,3.462499999999999,99.0,3.4,999.0
2017,11,24,221.125,4.016666666666667,99.0,7.8500000000000005,999.0
2017,11,25,291.5416666666667,3.741666666666666,99.0,9.870833333333334,999.0
2017,11,26,256.5833333333333,3.1458333333333335,99.0,5.070833333333334,999.0
2017,11,27,213.08333333333334,2.370833333333334,99.0,7.945833333333332,999.0
2017,11,28,233.33333333333334,5.8500000000000005,99.0,13.804166666666665,999.0
2017,11,29,164.45833333333334,3.2166666666666672,99.0,7.6791666666666645,999.0
2017,11,30,254.66666666666666,3.6125000000000007,99.0,9.104166666666666,999.0
2017,12,1,260.1666666666667,2.429166666666667,99.0,7.129166666666667,999.0
2017,12,2,229.16666666666666,2.3000000000000003,99.0,7.824999999999999,999.0
2017,12,3,220.83333333333334,2.0333333333333337,99.0,8.845833333333333,999.0
2017,12,4,195.54166666666666,6.670833333333333,99.0,14.187500000000002,999.0
2017,12,5,257.4166666666667,4.625000000000001,99.0,5.504166666666667,999.0
2017,12,6,268.2083333333333,6.466666666666668,99.0,0.35000000000000003,999.0
2017,12,7,284.9583333333333,4.783333333333334,99.0,-3.183333333333333,999.0
2017,12,8,256.3333333333333,4.966666666666666,99.0,-3.0583333333333336,999.0
2017,12,9,285.9583333333333,5.120833333333334,99.0,-0.9833333333333333,999.0
2017,12,10,277.25,3.6333333333333333,99.0,-4.366666666666666,999.0
2017,12,11,170.8,2.66,99.0,2.1799999999999997,999.0
2017,12,12,321.625,5.05,99.0,-3.6666666666666665,999.0
2017,12,13,244.33333333333334,4.3374999999999995,99.0,-1.9666666666666661,999.0
2017,12,14,218.54166666666666,3.966666666666667,99.0,-2.983333333333333,999.0
2017,12,15,268.2083333333333,3.9249999999999994,99.0,-2.3208333333333333,999.0
2017,12,16,229.45833333333334,3.858333333333333,99.0,4.0625,999.0
2017,12,17,117.83333333333333,1.7958333333333334,99.0,3.766666666666666,999.0
2017,12,18,245.16666666666666,3.6458333333333335,99.0,6.991666666666667,999.0
2017,12,19,260.75,4.895833333333333,99.0,7.312499999999999,999.0
2017,12,20,118.75,4.320833333333333,99.0,2.075,999.0
2017,12,21,115.0,3.8000000000000007,99.0,2.3416666666666663,999.0
2017,12,22,78.91666666666667,2.7791666666666672,99.0,3.104166666666666,999.0
2017,12,23,295.375,3.4041666666666663,99.0,0.5583333333333332,999.0
2017,12,24,231.95833333333334,2.5291666666666663,99.0,-3.9125,999.0
2017,12,25,277.125,5.15,99.0,-7.841666666666666,999.0
2017,12,26,285.2083333333333,3.991666666666667,99.0,-14.737499999999997,999.0
2017,12,27,303.89473684210526,2.9736842105263164,99.0,-15.263157894736842,999.0
2017,12,28,241.54166666666666,2.8375,99.0,-12.5,999.0
2017,12,29,262.25,3.0875,99.0,-10.029166666666665,999.0
2017,12,30,298.6666666666667,3.4124999999999996,99.0,-11.700000000000001,999.0
2017,12,31,304.0,3.1166666666666667,99.0,-13.654166666666663,999.0
2018,1,1,291.0833333333333,3.8624999999999994,99.0,-16.879166666666663,999.0
2018,1,2,259.6666666666667,4.775,99.0,-17.991666666666667,999.0
2018,1,3,270.3333333333333,4.479166666666667,99.0,-10.416666666666668,999.0
2018,1,4,319.875,3.041666666666666,99.0,-12.1,999.0
2018,1,5,315.6666666666667,3.095833333333333,99.0,-13.241666666666667,999.0
2018,1,6,283.0833333333333,2.545833333333333,99.0,-12.283333333333333,999.0
2018,1,7,213.17391304347825,4.956521739130436,99.0,-7.460869565217393,999.0
2018,1,8,255.16666666666666,5.245833333333334,99.0,1.6500000000000001,999.0
2018,1,9,227.04166666666666,2.8875000000000006,99.0,-0.2583333333333333,999.0
2018,1,10,194.0,4.862500000000002,99.0,4.266666666666667,999.0
2018,1,11,220.95833333333334,6.779166666666665,99.0,14.133333333333333,999.0
2018,1,12,166.04761904761904,3.714285714285715,99.0,-2.9238095238095236,999.0
2018,1,13,265.3333333333333,4.029166666666666,99.0,-8.987499999999999,999.0
2018,1,14,244.54166666666666,3.0625,99.0,-9.512500000000001,999.0
2018,1,15,212.0,4.795833333333333,99.0,-6.849999999999998,999.0
2018,1,16,285.2916666666667,5.191666666666666,99.0,-9.191666666666666,999.0
2018,1,17,274.75,4.316666666666666,99.0,-8.375,999.0
2018,1,18,250.45833333333334,7.000000000000001,99.0,-4.679166666666667,999.0
2018,1,19,238.5,5.874999999999999,99.0,0.6416666666666667,999.0
2018,1,20,242.70833333333334,5.166666666666667,99.0,4.629166666666666,999.0
2018,1,21,164.04166666666666,2.1125000000000003,99.0,4.329166666666667,999.0
2018,1,22,157.70833333333334,4.020833333333334,99.0,8.358333333333336,999.0
2018,1,23,292.2083333333333,4.050000000000001,99.0,2.216666666666667,999.0
2018,1,24,276.6666666666667,2.3708333333333336,99.0,-1.05,999.0
2018,1,25,206.375,3.354166666666666,99.0,0.958333333333333,999.0
2018,1,26,204.7058823529412,4.147058823529412,99.0,5.511764705882352,999.0
2018,2,24,280.0,9.0,99.0,22.2,999.0
2018,3,30,97.18181818181819,3.263636363636364,38.48181818181819,2.7363636363636363,999.0
2018,3,31,235.04166666666666,4.270833333333333,7.762499999999998,7.883333333333334,999.0
2018,4,1,200.25,3.583333333333334,5.775000000000001,0.5083333333333333,999.0
2018,4,2,194.375,3.0208333333333326,4.279166666666666,0.12500000000000003,999.0
2018,4,3,74.04166666666667,5.429166666666666,7.466666666666665,3.9208333333333343,999.0
2018,4,4,300.875,5.395833333333333,9.645833333333334,0.5041666666666667,999.0
2018,4,5,250.29166666666666,3.170833333333333,5.054166666666667,0.7000000000000001,999.0
2018,4,6,262.9166666666667,4.1125,7.145833333333333,2.1374999999999997,999.0
2018,4,7,235.08333333333334,3.308333333333334,5.091666666666669,-2.1708333333333334,999.0
2018,4,8,138.08333333333334,2.9999999999999996,3.9749999999999996,-0.1708333333333333,999.0
2018,4,9,83.83333333333333,3.845833333333333,5.120833333333333,1.0958333333333332,999.0
2018,4,10,219.54166666666666,2.4875000000000003,3.7875,2.85,999.0
2018,4,11,220.08695652173913,4.047826086956521,6.391304347826086,8.321739130434782,999.0
2018,4,12,144.75,4.016666666666667,6.6208333333333345,12.358333333333333,999.0
2018,4,13,31.25,4.925,7.879166666666666,5.341666666666666,999.0
2018,4,14,31.17391304347826,5.408695652173914,13.34782608695652,4.208695652173913,999.0
2018,4,15,103.78947368421052,4.1947368421052635,9.447368421052634,2.668421052631579,999.0
2018,4,16,294.3333333333333,4.229166666666667,7.895833333333335,-0.041666666666666796,999.0
2018,4,17,229.75,4.1875,6.862500000000001,1.1666666666666667,999.0
2018,4,18,71.54166666666667,5.220833333333334,7.841666666666666,2.091666666666667,999.0
2018,4,19,123.20833333333333,4.908333333333334,8.0375,3.391666666666666,999.0
2018,4,20,152.5,2.1000000000000005,3.0958333333333328,5.941666666666666,999.0
2018,4,21,49.041666666666664,1.745833333333333,2.2916666666666665,5.4458333333333355,999.0
2018,4,22,20.833333333333332,3.591666666666667,5.029166666666667,6.416666666666668,999.0
2018,4,23,26.333333333333332,5.104166666666666,7.120833333333334,6.754166666666667,999.0
2018,4,24,14.458333333333334,3.466666666666667,5.154166666666666,7.375,999.0
2018,4,25,43.458333333333336,5.991666666666666,9.51666666666667,6.075,999.0
2018,4,26,135.5,1.75,2.4916666666666676,6.708333333333335,999.0
2018,4,27,107.41666666666667,4.5583333333333345,7.420833333333333,8.7625,999.0
2018,4,28,17.208333333333332,6.425,10.929166666666665,4.887500000000001,999.0
2018,4,29,56.125,3.4416666666666664,5.249999999999999,4.933333333333334,999.0
2018,4,30,199.04166666666666,3.8208333333333333,6.054166666666666,14.016666666666666,999.0
2018,5,1,225.125,5.537499999999999,9.375,22.400000000000002,999.0
2018,5,2,237.95833333333334,5.766666666666667,9.475000000000001,24.979166666666668,999.0
2018,5,3,106.29166666666667,2.229166666666667,3.383333333333334,12.975,999.0
2018,5,4,193.66666666666666,4.720833333333334,7.679166666666666,17.26666666666667,999.0
2018,5,5,249.95833333333334,2.8958333333333344,4.3999999999999995,21.691666666666663,999.0
2018,5,6,58.333333333333336,4.016666666666667,6.183333333333334,12.112499999999999,999.0
2018,5,7,75.95833333333333,2.833333333333332,4.3500000000000005,11.591666666666667,999.0
2018,5,8,187.91666666666666,2.604166666666667,3.9166666666666665,18.491666666666664,999.0
2018,5,9,194.125,4.770833333333333,8.170833333333333,21.120833333333334,999.0
2018,5,10,207.08333333333334,3.170833333333334,5.366666666666667,16.8625,999.0
2018,5,11,57.416666666666664,5.258333333333333,8.429166666666665,9.85,999.0
2018,5,12,43.5,5.104166666666666,8.916666666666668,8.1625,999.0
2018,5,13,63.625,4.187499999999999,6.129166666666666,9.5,999.0
2018,5,14,132.54166666666666,2.9875000000000003,4.7625,14.825000000000001,999.0
2018,5,15,115.45833333333333,3.5124999999999997,5.745833333333333,14.712499999999997,999.0
2018,5,16,19.75,3.0375,4.6875,10.79375,999.0
2018,5,17,9.9,6.58,11.260000000000002,9.959999999999999,999.0
2018,5,18,15.666666666666666,5.600000000000001,8.841666666666667,10.920833333333334,999.0
2018,5,19,42.0,1.9916666666666665,3.1541666666666672,11.595833333333333,999.0
2018,5,20,44.375,4.683333333333333,7.862500000000001,8.954166666666664,999.0
2018,5,21,81.5,2.7375000000000003,4.358333333333335,10.770833333333334,999.0
2018,5,22,38.75,2.4458333333333324,3.6750000000000007,10.895833333333334,999.0
2018,5,23,135.20833333333334,1.1041666666666667,1.6083333333333332,13.412500000000001,999.0
2018,5,24,108.75,1.025,1.75,17.466666666666665,999.0
2018,5,25,198.29166666666666,2.308333333333333,3.920833333333333,23.591666666666665,999.0
2018,5,26,193.29166666666666,1.6958333333333337,2.762500000000001,23.354166666666668,999.0
2018,5,27,140.75,1.2249999999999999,2.0833333333333335,23.966666666666665,999.0
2018,5,28,121.20833333333333,2.216666666666667,3.4166666666666674,24.92083333333333,999.0
2018,5,29,24.416666666666668,2.8541666666666656,4.429166666666666,18.112499999999997,999.0
2018,5,30,58.333333333333336,2.345833333333333,3.7125,20.13333333333333,999.0
2018,5,31,242.79166666666666,3.4291666666666667,5.6499999999999995,25.60416666666667,999.0
2018,6,1,102.91666666666667,3.9416666666666664,6.812500000000001,17.72083333333333,999.0
2018,6,2,47.375,5.183333333333332,8.279166666666667,13.120833333333332,999.0
2018,6,3,247.04166666666666,2.733333333333334,5.779166666666666,19.020833333333332,999.0
2018,6,4,266.60869565217394,2.569565217391305,5.034782608695652,19.486956521739128,999.0
2018,6,5,150.375,5.3625,8.645833333333334,17.883333333333333,999.0
2018,6,6,66.70833333333333,3.029166666666667,4.925000000000002,15.016666666666667,999.0
2018,6,7,16.625,3.4958333333333336,4.979166666666667,16.854166666666668,999.0
2018,6,8,45.208333333333336,3.4583333333333335,5.416666666666668,14.820833333333335,999.0
2018,6,9,85.66666666666667,2.120833333333333,3.679166666666666,14.654166666666663,999.0
2018,6,10,80.79166666666667,2.4708333333333337,4.041666666666667,15.604166666666663,999.0
2018,6,11,62.041666666666664,3.5750000000000006,5.395833333333333,15.554166666666667,999.0
2018,6,12,50.208333333333336,1.4750000000000003,2.475,17.775000000000002,999.0
2018,6,13,147.08333333333334,1.8125,2.9791666666666665,20.629166666666666,999.0
2018,6,14,152.16666666666666,1.3416666666666668,2.075,20.429166666666664,999.0
2018,6,15,112.91666666666667,1.3166666666666669,2.4916666666666667,21.45416666666667,999.0
2018,6,16,149.66666666666666,2.2708333333333335,4.158333333333333,23.933333333333326,999.0
2018,6,17,232.125,3.5125000000000006,5.8791666666666655,30.029166666666658,999.0
2018,6,18,241.79166666666666,4.845833333333334,7.570833333333333,30.1125,999.0
2018,6,19,58.416666666666664,2.7458333333333336,4.941666666666667,18.370833333333334,999.0
2018,6,20,121.25,2.7291666666666665,4.516666666666667,18.470833333333328,999.0
2018,6,21,78.54166666666667,4.95,6.875,18.095833333333335,999.0
2018,6,22,43.041666666666664,4.954166666666667,8.504166666666665,16.820833333333333,999.0
2018,6,23,94.66666666666667,2.8000000000000003,4.683333333333334,18.091666666666665,999.0
2018,6,24,118.16666666666667,2.316666666666666,3.6041666666666665,19.6375,999.0
2018,6,25,49.708333333333336,3.941666666666666,6.166666666666668,18.004166666666663,999.0
2018,6,26,137.08333333333334,1.8666666666666665,4.079166666666667,22.075,999.0
2018,6,27,179.83333333333334,2.766666666666666,4.816666666666667,21.175,999.0
2018,6,28,136.33333333333334,1.325,1.9916666666666665,21.441666666666666,999.0
2018,6,29,170.58333333333334,2.6791666666666667,5.041666666666667,27.1875,999.0
2018,6,30,216.41666666666666,3.9416666666666664,6.916666666666668,30.22083333333333,999.0
2018,7,1,209.95833333333334,4.191666666666666,7.883333333333333,28.974999999999994,999.0
2018,7,2,149.45833333333334,2.275,3.3958333333333344,22.379166666666674,999.0
2018,7,3,38.416666666666664,1.4041666666666668,2.170833333333333,21.537499999999998,999.0
2018,7,4,161.08333333333334,1.554166666666667,2.7291666666666665,26.77916666666667,999.0
2018,7,5,192.95833333333334,1.8874999999999995,3.1041666666666665,24.80416666666667,999.0
2018,7,6,72.25,4.045833333333333,6.774999999999999,21.75,999.0
2018,7,7,66.75,2.4375000000000004,4.016666666666667,20.229166666666664,999.0
2018,7,8,110.0,1.2791666666666666,2.2416666666666667,21.270833333333332,999.0
2018,7,9,235.95833333333334,2.4708333333333328,3.9208333333333325,26.10833333333333,999.0
2018,7,10,136.79166666666666,3.3666666666666667,5.558333333333333,25.374999999999996,999.0
2018,7,11,37.25,2.6208333333333336,4.3,22.862499999999997,999.0
2018,7,12,145.75,2.0583333333333336,3.7208333333333328,25.179166666666664,999.0
2018,7,13,211.25,2.9166666666666665,5.162499999999999,27.270833333333332,999.0
2018,7,14,168.0,1.6624999999999999,2.879166666666667,24.84583333333333,999.0
2018,7,15,102.41666666666667,1.1583333333333334,1.979166666666667,24.558333333333337,999.0
2018,7,16,164.125,1.0291666666666666,1.8124999999999998,26.32083333333333,999.0
2018,7,17,121.45833333333333,2.6249999999999996,4.754166666666666,23.766666666666666,999.0
2018,7,18,65.29166666666667,3.1333333333333324,5.320833333333334,21.891666666666666,999.0
2018,7,19,132.70833333333334,2.545833333333333,4.637499999999999,24.53333333333333,999.0
2018,7,20,220.79166666666666,4.545833333333333,7.574999999999998,24.3625,999.0
2018,7,21,261.7916666666667,4.387499999999999,7.6625000000000005,20.974999999999998,999.0
2018,7,22,95.91666666666667,5.170833333333333,8.545833333333333,20.683333333333334,999.0
2018,7,23,121.79166666666667,3.6374999999999997,6.016666666666666,21.262500000000003,999.0
2018,7,24,132.04166666666666,1.2708333333333337,2.2083333333333335,22.308333333333334,999.0
2018,7,25,124.08333333333333,0.8833333333333334,2.066666666666667,23.91666666666666,999.0
2018,7,26,264.5833333333333,2.850000000000001,5.033333333333334,25.012500000000003,999.0
2018,7,27,216.66666666666666,1.7958333333333332,3.6125000000000003,20.995833333333334,999.0
2018,7,28,172.125,1.9083333333333332,2.770833333333334,21.15833333333333,999.0
2018,7,29,172.79166666666666,1.5375000000000003,2.541666666666667,22.0,999.0
2018,7,30,152.33333333333334,1.8125000000000002,3.2000000000000006,21.237499999999994,999.0
2018,7,31,52.708333333333336,2.625,4.254166666666667,22.833333333333332,999.0
2018,8,1,221.79166666666666,2.3874999999999997,4.0375,23.39166666666667,999.0
2018,8,2,231.5,3.654166666666667,6.033333333333334,25.170833333333334,999.0
2018,8,3,116.08333333333333,2.05,3.1999999999999997,23.366666666666664,999.0
2018,8,4,193.83333333333334,2.5250000000000004,4.545833333333333,27.71666666666667,999.0
2018,8,5,232.625,3.8875000000000006,6.9375,28.883333333333336,999.0
2018,8,6,150.83333333333334,2.4375000000000004,4.170833333333333,25.187500000000004,999.0
2018,8,7,141.875,1.808333333333333,2.9041666666666663,23.60416666666667,999.0
2018,8,8,99.95833333333333,1.6499999999999997,2.7999999999999994,22.912499999999998,999.0
2018,8,9,218.58333333333334,2.954166666666667,4.808333333333333,25.22916666666666,999.0
2018,8,10,85.04166666666667,2.4916666666666667,4.3999999999999995,23.825000000000003,999.0
2018,8,11,42.208333333333336,2.4833333333333343,4.054166666666666,24.758333333333336,999.0
2018,8,12,121.33333333333333,1.7083333333333333,2.7750000000000004,24.70833333333334,999.0
2018,8,13,117.16666666666667,1.4166666666666663,2.3125,24.733333333333334,999.0
2018,8,14,210.16666666666666,1.6125,2.849999999999999,26.020833333333332,999.0
2018,8,15,175.41666666666666,1.6208333333333336,2.966666666666667,25.77916666666667,999.0
2018,8,16,139.20833333333334,1.8250000000000002,2.8125,23.95833333333333,999.0
2018,8,17,127.625,2.0500000000000003,3.383333333333333,23.55,999.0
2018,8,18,37.875,3.525,6.045833333333333,24.50833333333333,999.0
2018,8,19,62.333333333333336,2.9375000000000004,4.633333333333333,24.325,999.0
2018,8,20,132.66666666666666,1.883333333333333,4.083333333333331,24.20416666666667,999.0
2018,8,21,136.16666666666666,3.295833333333334,6.112500000000001,22.220833333333335,999.0
2018,8,22,205.41666666666666,2.683333333333333,5.0583333333333345,21.20416666666667,999.0
2018,8,23,255.54166666666666,2.295833333333333,3.7249999999999996,21.9375,999.0
2018,8,24,200.66666666666666,3.408333333333333,5.916666666666668,20.554166666666667,999.0
2018,8,25,211.83333333333334,2.9749999999999996,5.845833333333334,22.612499999999997,999.0
2018,8,26,226.375,2.466666666666667,3.9291666666666676,27.84166666666667,999.0
2018,8,27,232.91666666666666,5.175,9.758333333333331,29.558333333333337,999.0
2018,8,28,211.70833333333334,4.0375,8.070833333333335,27.7,999.0
2018,8,29,161.125,2.6958333333333333,4.683333333333334,21.745833333333334,999.0
2018,8,30,67.29166666666667,3.5124999999999997,5.791666666666668,19.745833333333334,999.0
2018,8,31,164.08333333333334,1.945833333333333,3.516666666666667,22.212500000000002,999.0
2018,9,1,209.54166666666666,3.1166666666666667,5.870833333333334,24.937500000000004,999.0
2018,9,2,219.70833333333334,2.945833333333333,5.4875,27.625000000000004,999.0
2018,9,3,118.0,1.5249999999999997,2.595833333333333,24.233333333333334,999.0
2018,9,4,199.625,2.4375,4.445833333333334,26.837500000000002,999.0
2018,9,5,210.58333333333334,3.658333333333333,6.5041666666666655,27.904166666666658,999.0
2018,9,6,33.583333333333336,5.075000000000001,8.695833333333335,21.2,999.0
2018,9,7,73.04166666666667,5.425000000000001,7.970833333333334,20.9625,999.0
2018,9,8,77.125,5.283333333333334,12.212500000000004,19.529166666666665,999.0
2018,9,9,69.91666666666667,4.966666666666666,11.787500000000001,17.9375,999.0
2018,9,10,43.75,4.887500000000001,7.945833333333334,18.6375,999.0
2018,9,11,146.5,1.666666666666667,2.6750000000000003,18.925,999.0
2018,9,12,137.70833333333334,1.925,3.0,20.383333333333333,999.0
2018,9,13,127.66666666666667,2.2333333333333334,3.2416666666666667,20.05,999.0
2018,9,14,73.08333333333333,1.2708333333333333,2.0208333333333335,21.583333333333332,999.0
2018,9,15,47.75,1.6458333333333333,2.6875,21.724999999999998,999.0
2018,9,16,69.5,2.4499999999999997,3.5875,22.59166666666667,999.0
2018,9,17,151.25,1.1208333333333333,1.9124999999999996,24.2625,999.0
2018,9,18,120.08333333333333,2.8250000000000006,4.6000000000000005,22.833333333333332,999.0
2018,9,19,52.625,3.9333333333333336,6.254166666666666,20.674999999999997,999.0
2018,9,20,128.0,1.916666666666667,3.4958333333333336,23.758333333333336,999.0
2018,9,21,254.45833333333334,4.758333333333334,9.029166666666667,25.89583333333333,999.0
2018,9,22,95.45833333333333,4.987500000000002,8.937499999999998,15.816666666666668,999.0
2018,9,23,138.0,2.15,3.4625,16.329166666666666,999.0
2018,9,24,124.375,2.1041666666666665,4.008333333333333,18.970833333333335,999.0
2018,9,25,224.79166666666666,2.4875000000000003,4.4208333333333325,22.675,999.0
2018,9,26,296.75,2.4875000000000003,5.441666666666666,17.008333333333336,999.0
2018,9,27,246.70833333333334,2.3625000000000003,3.820833333333334,15.616666666666667,999.0
2018,9,28,272.25,2.420833333333333,4.3125,15.100000000000001,999.0
2018,9,29,198.70833333333334,1.825,3.3249999999999997,11.429166666666667,999.0
2018,9,30,117.33333333333333,3.2291666666666665,5.349999999999999,15.775000000000004,999.0
2018,10,1,72.20833333333333,2.970833333333333,4.712500000000001,16.141666666666662,999.0
2018,10,2,184.75,1.7624999999999995,3.2083333333333335,17.691666666666666,999.0
2018,10,3,186.54166666666666,3.3708333333333336,6.283333333333334,22.09583333333333,999.0
2018,10,4,132.625,6.5249999999999995,11.245833333333335,19.15,999.0
2018,10,5,161.33333333333334,3.433333333333333,5.670833333333333,15.320833333333331,999.0
2018,10,6,134.25,3.1374999999999997,5.15,18.308333333333334,999.0
2018,10,7,57.583333333333336,4.345833333333334,7.120833333333333,15.404166666666669,999.0
2018,10,8,178.83333333333334,3.0875000000000004,5.324999999999999,22.429166666666664,999.0
2018,10,9,196.5,3.0041666666666678,5.254166666666666,25.404166666666672,999.0
2018,10,10,199.16666666666666,3.7083333333333335,6.925000000000001,22.6875,999.0
2018,10,11,273.7083333333333,5.191666666666667,9.170833333333333,10.716666666666669,999.0
2018,10,12,274.6666666666667,2.5041666666666664,4.550000000000002,5.4375,999.0
2018,10,13,250.16666666666666,2.983333333333333,4.633333333333334,6.1625000000000005,999.0
2018,10,14,226.58333333333334,1.9291666666666665,3.4000000000000004,9.774999999999999,999.0
2018,10,15,308.0833333333333,2.6958333333333333,5.695833333333333,7.491666666666667,999.0
2018,10,16,250.33333333333334,4.345833333333333,7.145833333333332,7.5625,999.0
2018,10,17,294.25,3.183333333333334,5.874999999999999,9.320833333333333,999.0
2018,10,18,264.8333333333333,2.2166666666666672,3.6125000000000003,8.791666666666664,999.0
2018,10,19,238.66666666666666,4.091666666666666,7.0,10.379166666666665,999.0
2018,10,20,289.0,4.716666666666666,8.25,9.345833333333335,999.0
2018,10,21,277.5416666666667,3.2624999999999997,6.020833333333333,4.454166666666666,999.0
2018,10,22,249.04166666666666,3.2083333333333335,5.308333333333333,9.6625,999.0
2018,10,23,202.66666666666666,3.1750000000000003,5.704166666666666,9.879166666666665,999.0
2018,10,24,125.91666666666667,2.1374999999999997,3.4791666666666674,8.370833333333334,999.0
2018,10,25,146.75,1.9874999999999998,3.3875000000000006,8.354166666666666,999.0
2018,10,26,89.41666666666667,3.270833333333334,4.741666666666667,9.716666666666667,999.0
2018,10,27,47.25,3.212499999999999,4.741666666666667,10.633333333333335,999.0
2018,10,28,233.125,3.058333333333333,6.104166666666667,9.329166666666667,999.0
2018,10,29,243.41666666666666,2.616666666666666,4.449999999999999,8.766666666666667,999.0
2018,10,30,168.58333333333334,2.375,4.325,12.537500000000001,999.0
2018,10,31,130.625,2.8875000000000006,4.970833333333333,11.620833333333332,999.0
2018,11,1,102.625,5.1125,7.8,10.916666666666666,999.0
2018,11,2,80.95833333333333,3.754166666666666,6.8999999999999995,7.945833333333334,999.0
2018,11,3,182.25,2.3750000000000004,3.6374999999999997,7.1625000000000005,999.0
2018,11,4,149.3913043478261,6.452173913043477,10.052173913043479,10.22608695652174,999.0
2018,11,5,209.79166666666666,3.533333333333333,6.320833333333333,9.4375,999.0
2018,11,6,228.04166666666666,5.770833333333332,9.558333333333332,9.512500000000001,999.0
2018,11,7,273.3333333333333,5.391666666666666,9.458333333333332,4.145833333333333,999.0
2018,11,8,244.125,1.9333333333333336,3.654166666666667,2.6,999.0
2018,11,9,234.875,3.066666666666666,5.320833333333333,2.4458333333333333,999.0
2018,11,10,270.3333333333333,4.658333333333333,8.37916666666667,-2.9125,999.0
2018,11,11,223.375,3.4875000000000007,5.625,1.3750000000000002,999.0
2018,11,12,261.1666666666667,2.8750000000000004,4.708333333333334,2.5750000000000006,999.0
2018,11,13,320.0833333333333,3.570833333333333,6.529166666666669,-2.920833333333333,999.0
2018,11,14,221.91666666666666,2.0041666666666664,3.345833333333333,-2.3541666666666665,999.0
2018,11,15,154.70833333333334,3.9416666666666664,5.2875,1.3166666666666667,999.0
2018,11,16,266.0,4.0,6.670833333333334,2.0458333333333334,999.0
2018,11,17,197.1304347826087,3.069565217391305,4.6869565217391305,2.539130434782609,999.0
2018,11,18,176.25,2.7291666666666674,4.408333333333332,2.2916666666666665,999.0
2018,11,19,257.0833333333333,2.8666666666666667,4.325,-0.7958333333333333,999.0
2018,11,20,296.9583333333333,3.795833333333333,6.254166666666666,0.8333333333333334,999.0
2018,11,21,173.08333333333334,5.062500000000001,7.4958333333333345,1.0916666666666668,999.0
2018,11,22,124.375,4.583333333333333,6.579166666666667,1.6666666666666663,999.0
2018,11,23,185.91666666666666,4.7375,7.970833333333334,5.4375,999.0
2018,11,24,225.83333333333334,4.320833333333334,6.841666666666666,8.070833333333335,999.0
2018,11,25,122.16666666666667,3.9958333333333336,6.9750000000000005,5.158333333333334,999.0
2018,11,26,202.8,4.635,18.025,-0.185,999.0
2018,11,27,291.125,3.483333333333333,5.962500000000001,-3.774999999999999,999.0
2018,11,28,264.25,2.695833333333333,4.037499999999999,-4.791666666666667,999.0
2018,11,29,168.5,2.65,4.141666666666667,0.19166666666666662,999.0
2018,11,30,109.375,1.7750000000000001,2.716666666666667,3.141666666666666,999.0
2018,12,1,109.78260869565217,6.234782608695652,7.92608695652174,3.9173913043478263,999.0
2018,12,2,174.33333333333334,3.441666666666667,4.979166666666667,6.508333333333334,999.0
2018,12,3,337.75,4.3625,7.162499999999999,2.1,999.0
2018,12,4,313.1666666666667,2.629166666666667,4.583333333333332,-0.045833333333333316,999.0
2018,12,5,267.2916666666667,3.6333333333333333,5.954166666666666,-1.4708333333333334,999.0
2018,12,6,278.875,3.458333333333332,5.9624999999999995,-0.041666666666666734,999.0
2018,12,7,295.0,2.920833333333334,4.841666666666667,-4.508333333333334,999.0
2018,12,8,213.91666666666666,1.9624999999999997,3.316666666666667,-3.433333333333335,999.0
2018,12,9,179.0,1.554166666666667,2.2583333333333337,-2.6874999999999996,999.0
2018,12,10,239.75,2.8249999999999993,4.1000000000000005,-2.6666666666666665,999.0
2018,12,11,238.16666666666666,3.608333333333334,5.533333333333332,-0.3416666666666666,999.0
2018,12,12,196.6086956521739,4.708695652173913,7.252173913043479,3.2956521739130435,999.0
2018,12,13,118.9,2.5599999999999996,3.4800000000000004,3.31,999.0
2018,12,14,47.5,3.0,4.375,3.795833333333333,999.0
2018,12,15,28.666666666666668,4.420833333333334,6.362499999999998,3.454166666666667,999.0
2018,12,16,166.20833333333334,2.9541666666666675,4.570833333333332,4.0875,999.0
2018,12,17,183.66666666666666,2.9374999999999996,4.779166666666667,2.908333333333333,999.0
2018,12,18,218.70833333333334,2.3875,3.6583333333333337,2.3041666666666663,999.0
2018,12,19,214.875,3.8458333333333328,6.579166666666667,5.420833333333333,999.0
2018,12,20,195.125,2.5625,4.241666666666666,7.779166666666669,999.0
2018,12,21,253.38095238095238,5.59047619047619,10.004761904761905,2.3238095238095235,999.0
2018,12,22,252.54166666666666,2.5,4.091666666666667,0.23749999999999996,999.0
2018,12,23,233.125,3.5875000000000004,5.987500000000001,1.8791666666666667,999.0
2018,12,24,268.375,3.7458333333333322,6.7541666666666655,-0.22916666666666666,999.0
2018,12,25,209.45833333333334,2.204166666666666,3.5124999999999997,3.2375000000000003,999.0
2018,12,26,181.54166666666666,1.7791666666666668,2.35,3.5083333333333333,999.0
2018,12,27,154.17391304347825,5.71304347826087,8.299999999999999,6.0608695652173905,999.0
2018,12,28,242.125,7.116666666666667,11.500000000000002,6.400000000000002,999.0
2018,12,29,208.625,3.329166666666667,5.249999999999999,-0.6166666666666666,999.0
2018,12,30,233.33333333333334,4.941666666666666,8.141666666666664,-1.8583333333333334,999.0
2018,12,31,158.6086956521739,3.6217391304347832,5.28695652173913,2.7739130434782604,999.0
