target,garden_didrain,ohare_didrain,tmpdiff,garden_prcp,garden_snfall,garden_sndpth,garden_maxtmp,garden_mintmp,garden_medtmp,garden_tobs,lake_temp,ohare_wspd,ohare_prcp,ohare_snfall,ohare_sndpth,ohare_maxtmp,ohare_mintmp,ohare_medtmp
0.11,0,1,4.5,0.0,0.0,2.0,20.0,8.0,14.0,15.0,4.1,7.38,0.11,1.9,3.0,25,12,18.5
0.01,0,1,4.5,0.0,0.0,4.0,34.0,22.0,28.0,34.0,3.86,5.59,0.01,0.0,4.0,40,25,32.5
0.08,0,1,1.5,0.0,0.0,2.0,34.0,10.0,22.0,20.0,2.39,8.95,0.08,0.8,2.0,34,13,23.5
0.02,0,1,1.5,0.0,0.0,0.0,35.0,29.0,32.0,32.0,1.99,9.17,0.02,0.4,0.0,35,26,30.5
0.01,0,1,3.0,0.0,0.0,0.0,49.0,26.0,37.5,35.0,2.04,13.2,0.01,0.0,0.0,51,30,40.5
0.25,0,1,4.5,0.0,0.0,0.0,43.0,27.0,35.0,28.0,1.76,15.43,0.25,0.0,0.0,33,28,30.5
0.03,0,1,0.5,0.0,0.0,0.0,37.0,30.0,33.5,32.0,1.12,11.18,0.03,0.0,0.0,35,31,33.0
0.03,0,1,2.5,0.0,0.0,0.0,55.0,37.0,46.0,43.0,1.89,12.75,0.03,0.0,0.0,49,38,43.5
0.01,0,1,2.5,0.0,0.0,0.0,43.0,27.0,35.0,34.0,1.7,8.28,0.01,0.0,0.0,46,29,37.5
0.04,0,1,7.0,0.0,0.0,0.0,65.0,35.0,50.0,38.0,2.08,11.86,0.04,0.0,0.0,52,34,43.0
0.01,0,1,2.0,0.0,0.0,0.0,53.0,39.0,46.0,40.0,2.4,12.3,0.01,0.0,0.0,47,41,44.0
0.07,0,1,8.5,0.0,0.0,0.0,47.0,30.0,38.5,41.0,2.4,8.28,0.07,0.0,0.0,62,32,47.0
0.01,0,1,0.0,0.0,0.0,0.0,61.0,44.0,52.5,51.0,3.9,3.8,0.01,0.0,0.0,57,48,52.5
0.25,0,1,6.0,0.0,0.0,0.0,74.0,51.0,62.5,64.0,5.09,12.3,0.25,0.0,0.0,78,59,68.5
0.09,0,1,0.0,0.0,0.0,0.0,78.0,57.0,67.5,64.0,9.0,3.13,0.09,0.0,0.0,76,59,67.5
0.03,0,1,7.5,0.0,0.0,0.0,77.0,56.0,66.5,72.0,11.89,7.83,0.03,0.0,0.0,88,60,74.0
0.01,0,1,0.5,0.0,0.0,0.0,84.0,68.0,76.0,71.0,19.7,11.18,0.01,0.0,0.0,84,69,76.5
0.94,0,1,0.5,0.0,0.0,0.0,78.0,68.0,73.0,71.0,19.46,8.28,0.94,0.0,0.0,80,67,73.5
1.72,0,1,1.0,0.0,0.0,0.0,84.0,64.0,74.0,74.0,16.91,13.65,1.72,0.0,0.0,84,66,75.0
0.02,0,1,3.0,0.0,0.0,0.0,80.0,66.0,73.0,78.0,20.55,6.71,0.02,0.0,0.0,85,67,76.0
0.22,0,1,5.0,0.0,0.0,0.0,82.0,68.0,75.0,72.0,21.47,10.29,0.22,0.0,0.0,90,70,80.0
0.11,0,1,2.0,0.0,0.0,0.0,78.0,67.0,72.5,71.0,22.35,4.7,0.11,0.0,0.0,79,70,74.5
0.3,0,1,2.5,0.0,0.0,0.0,78.0,71.0,74.5,71.0,22.37,5.14,0.3,0.0,0.0,85,69,77.0
0.15,0,1,2.0,0.0,0.0,0.0,84.0,69.0,76.5,73.0,23.26,7.83,0.15,0.0,0.0,80,69,74.5
1.07,0,1,5.5,0.0,0.0,0.0,97.0,71.0,84.0,75.0,23.99,7.83,1.07,0.0,0.0,87,70,78.5
0.02,0,1,2.0,0.0,0.0,0.0,85.0,72.0,78.5,77.0,23.91,5.59,0.02,0.0,0.0,89,72,80.5
0.2,0,1,1.5,0.0,0.0,0.0,84.0,70.0,77.0,74.0,22.29,7.83,0.2,0.0,0.0,82,69,75.5
0.67,0,1,11.0,0.0,0.0,0.0,83.0,63.0,73.0,66.0,21.02,14.54,0.67,0.0,0.0,68,56,62.0
0.02,0,1,8.0,0.0,0.0,0.0,71.0,59.0,65.0,65.0,18.4,11.86,0.02,0.0,0.0,85,61,73.0
0.01,0,1,5.5,0.0,0.0,0.0,66.0,50.0,58.0,56.0,17.21,9.62,0.01,0.0,0.0,71,56,63.5
0.02,0,1,5.5,0.0,0.0,0.0,78.0,60.0,69.0,67.0,15.67,15.88,0.02,0.0,0.0,84,65,74.5
0.03,0,1,1.0,0.0,0.0,0.0,67.0,47.0,57.0,57.0,15.28,14.99,0.03,0.0,0.0,60,56,58.0
0.08,0,1,2.5,0.0,0.0,0.0,83.0,57.0,70.0,59.0,14.41,13.2,0.08,0.0,0.0,83,52,67.5
0.82,0,1,8.5,0.0,0.0,0.0,62.0,49.0,55.5,61.0,12.39,13.87,0.82,0.0,0.0,79,49,64.0
0.21,0,1,10.5,0.0,0.0,0.0,61.0,37.0,49.0,54.0,11.39,18.79,0.21,0.0,0.0,71,48,59.5
0.07,0,1,3.0,0.0,0.0,0.0,62.0,33.0,47.5,43.0,10.82,8.5,0.07,0.0,0.0,62,39,50.5
2.37,0,1,6.5,0.0,0.1,0.0,55.0,23.0,39.0,55.0,8.27,16.11,2.37,0.0,0.0,55,36,45.5
0.03,0,1,5.5,0.0,0.0,0.0,37.0,22.0,29.5,36.0,7.04,7.16,0.03,0.0,0.0,38,32,35.0
0.36,0,1,9.0,0.0,0.0,0.0,49.0,37.0,43.0,41.0,5.65,16.11,0.36,1.6,0.0,42,26,34.0
0.15,0,1,5.5,0.0,0.0,0.0,30.0,15.0,22.5,22.0,4.52,9.62,0.15,2.8,0.0,30,4,17.0
0.1,0,1,3.0,0.0,0.0,1.0,15.0,0.0,7.5,3.0,4.1,8.28,0.1,2.3,0.0,8,1,4.5
0.01,0,1,3.0,0.0,0.0,0.0,29.0,18.0,23.5,22.0,3.07,9.17,0.01,0.1,0.0,30,23,26.5
0.01,0,1,0.0,0.0,0.0,0.0,30.0,20.0,25.0,25.0,3.04,12.53,0.01,0.1,0.0,28,22,25.0
0.02,0,1,0.0,0.0,0.0,0.0,29.0,16.0,22.5,26.0,2.95,11.63,0.02,0.2,0.0,31,14,22.5
0.01,0,1,0.0,0.0,0.0,0.0,29.0,13.0,21.0,20.0,2.87,9.4,0.01,0.2,0.0,28,14,21.0
0.05,0,1,2.5,0.0,0.0,0.0,35.0,19.0,27.0,27.0,2.69,9.62,0.05,1.3,0.0,35,24,29.5
0.32,0,1,11.5,0.0,0.0,0.0,43.0,27.0,35.0,36.0,1.53,11.41,0.32,0.0,0.0,56,37,46.5
0.29,0,1,8.5,0.0,0.0,0.0,34.0,12.0,23.0,33.0,1.32,14.09,0.29,0.0,0.0,43,20,31.5
0.01,0,1,2.0,0.0,0.0,0.0,28.0,5.0,16.5,18.0,0.48,7.38,0.01,0.2,0.0,28,9,18.5
0.18,0,1,7.0,0.0,0.0,0.0,32.0,23.0,27.5,25.0,0.41,18.79,0.18,3.2,0.0,30,11,20.5
0.02,0,1,4.5,0.0,0.0,0.0,42.0,28.0,35.0,38.0,0.28,5.37,0.02,0.1,0.0,35,26,30.5
0.01,0,1,9.0,0.0,0.0,0.0,50.0,35.0,42.5,35.0,0.6,15.21,0.01,0.0,0.0,37,30,33.5
0.22,0,1,6.0,0.0,0.0,0.0,82.0,36.0,59.0,39.0,0.74,7.61,0.22,0.0,0.0,67,39,53.0
0.49,0,1,13.0,0.0,0.0,0.0,59.0,42.0,50.5,58.0,0.74,15.66,0.49,0.0,0.0,76,51,63.5
0.15,0,1,0.5,0.0,0.0,0.0,71.0,50.0,60.5,60.0,1.28,15.88,0.15,0.0,0.0,68,54,61.0
0.02,0,1,0.0,0.0,0.0,0.0,51.0,35.0,43.0,42.0,1.51,9.4,0.02,0.0,0.0,50,36,43.0
0.14,0,1,4.5,0.0,0.0,0.0,67.0,48.0,57.5,56.0,1.73,8.5,0.14,0.0,0.0,63,43,53.0
0.02,0,1,4.5,0.0,0.0,0.0,50.0,40.0,45.0,43.0,1.87,10.07,0.02,0.0,0.0,57,42,49.5
0.56,0,1,3.0,0.0,0.0,0.0,70.0,47.0,58.5,68.0,5.27,11.18,0.56,0.0,0.0,74,49,61.5
0.34,0,1,6.0,0.0,0.0,0.0,79.0,53.0,66.0,68.0,9.12,4.92,0.34,0.0,0.0,88,56,72.0
0.25,0,1,2.5,0.0,0.0,0.0,79.0,53.0,66.0,63.0,9.86,8.28,0.25,0.0,0.0,79,58,68.5
0.32,0,1,6.5,0.0,0.0,0.0,87.0,66.0,76.5,70.0,15.43,5.59,0.32,0.0,0.0,77,63,70.0
1.93,0,1,1.0,0.0,0.0,0.0,90.0,60.0,75.0,75.0,16.33,7.38,1.93,0.0,0.0,80,68,74.0
0.06,0,1,1.0,0.0,0.0,0.0,81.0,65.0,73.0,69.0,16.42,8.95,0.06,0.0,0.0,82,66,74.0
0.1,0,1,0.0,0.0,0.0,0.0,79.0,56.0,67.5,65.0,17.26,6.71,0.1,0.0,0.0,78,57,67.5
0.27,0,1,4.0,0.0,0.0,0.0,86.0,69.0,77.5,77.0,20.04,12.53,0.27,0.0,0.0,90,73,81.5
0.12,0,1,1.5,0.0,0.0,0.0,94.0,74.0,84.0,79.0,20.81,9.17,0.12,0.0,0.0,91,74,82.5
0.07,0,1,2.0,0.0,0.0,0.0,78.0,60.0,69.0,70.0,20.59,7.61,0.07,0.0,0.0,81,61,71.0
0.09,0,1,5.0,0.0,0.0,0.0,80.0,61.0,70.5,68.0,21.52,7.83,0.09,0.0,0.0,74,57,65.5
0.01,0,1,1.5,0.0,0.0,0.0,73.0,49.0,61.0,58.0,15.24,8.05,0.01,0.0,0.0,70,49,59.5
0.01,0,1,2.0,0.0,0.0,0.0,73.0,46.0,59.5,54.0,15.47,3.58,0.01,0.0,0.0,68,47,57.5
1.94,0,1,7.0,0.0,0.0,0.0,65.0,41.0,53.0,59.0,15.1,14.99,1.94,0.0,0.0,66,54,60.0
0.02,0,1,10.5,0.0,0.0,0.0,78.0,51.0,64.5,52.0,13.18,12.53,0.02,0.0,0.0,62,46,54.0
0.45,0,1,0.0,0.0,0.0,0.0,66.0,45.0,55.5,58.0,11.52,11.63,0.45,0.0,0.0,63,48,55.5
1.0,0,1,4.5,0.0,0.0,0.0,56.0,36.0,46.0,54.0,10.65,12.97,1.0,0.0,0.0,63,38,50.5
0.01,0,1,6.0,0.0,0.0,0.0,38.0,22.0,30.0,36.0,2.91,9.62,0.01,0.0,0.0,39,33,36.0
0.01,0,1,4.0,0.0,0.0,0.0,53.0,35.0,44.0,37.0,2.81,7.16,0.01,0.0,0.0,45,35,40.0
0.25,0,1,6.0,0.0,0.0,2.0,31.0,21.0,26.0,30.0,1.25,10.96,0.25,2.5,6.0,37,27,32.0
0.1,0,1,3.5,0.0,0.0,3.0,16.0,-1.0,7.5,3.0,1.21,6.49,0.1,4.0,2.0,22,0,11.0
0.02,0,1,4.0,0.0,0.1,2.0,34.0,21.0,27.5,21.0,0.8,10.29,0.02,0.5,0.0,26,21,23.5
0.63,0,1,1.0,0.0,0.0,0.0,45.0,22.0,33.5,35.0,0.78,6.26,0.63,0.0,0.0,46,23,34.5
0.59,0,1,7.0,0.0,0.0,1.0,38.0,20.0,29.0,38.0,0.98,7.61,0.59,0.0,0.0,38,34,36.0
0.05,0,1,7.0,0.0,0.0,0.0,66.0,46.0,56.0,65.0,1.25,13.87,0.05,0.0,0.0,75,51,63.0
0.54,0,1,2.5,0.0,0.0,0.0,42.0,30.0,36.0,37.0,1.46,12.97,0.54,0.8,0.0,35,32,33.5
0.02,0,1,6.0,0.0,0.0,0.0,45.0,24.0,34.5,38.0,1.53,4.7,0.02,0.0,0.0,55,26,40.5
0.03,0,1,6.0,0.0,0.0,0.0,62.0,43.0,52.5,50.0,1.93,5.82,0.03,0.0,0.0,57,36,46.5
0.5,0,1,10.5,0.0,0.0,0.0,75.0,56.0,65.5,58.0,2.72,13.65,0.5,0.0,0.0,68,42,55.0
0.38,0,1,0.5,0.0,0.0,0.0,60.0,39.0,49.5,51.0,2.81,10.29,0.38,0.0,0.0,54,44,49.0
0.02,0,1,7.0,0.0,0.0,0.0,65.0,45.0,55.0,60.0,2.94,19.69,0.02,0.0,0.0,75,49,62.0
0.66,0,1,0.5,0.0,0.0,0.0,66.0,39.0,52.5,51.0,2.49,10.74,0.66,0.0,0.0,61,43,52.0
0.03,0,1,8.0,0.0,0.0,0.0,58.0,46.0,52.0,58.0,3.66,16.33,0.03,0.0,0.0,72,48,60.0
0.03,0,1,5.5,0.0,0.0,0.0,53.0,35.0,44.0,59.0,3.63,7.16,0.03,0.0,0.0,55,44,49.5
0.26,0,1,11.5,0.0,0.0,0.0,57.0,38.0,47.5,57.0,3.95,9.84,0.26,0.0,0.0,77,41,59.0
0.68,0,1,13.5,0.0,0.0,0.0,69.0,41.0,55.0,66.0,4.78,7.61,0.68,0.0,0.0,84,53,68.5
0.08,0,1,2.0,0.0,0.0,0.0,77.0,53.0,65.0,64.0,10.56,4.03,0.08,0.0,0.0,79,55,67.0
1.11,0,1,10.0,0.0,0.0,0.0,80.0,63.0,71.5,80.0,11.16,12.08,1.11,0.0,0.0,89,74,81.5
0.05,0,1,4.5,0.0,0.0,0.0,87.0,72.0,79.5,79.0,14.76,4.92,0.05,0.0,0.0,84,66,75.0
0.12,0,1,1.0,0.0,0.0,0.0,89.0,71.0,80.0,81.0,15.02,15.21,0.12,0.0,0.0,89,69,79.0
0.08,0,1,1.5,0.0,0.0,0.0,74.0,51.0,62.5,60.0,14.26,7.38,0.08,0.0,0.0,66,56,61.0
0.22,0,1,6.0,0.0,0.0,0.0,74.0,57.0,65.5,74.0,14.1,11.41,0.22,0.0,0.0,85,58,71.5
1.99,0,1,2.5,0.0,0.0,0.0,94.0,69.0,81.5,77.0,18.86,5.14,1.99,0.0,0.0,88,70,79.0
0.51,0,1,5.5,0.0,0.0,0.0,88.0,71.0,79.5,85.0,19.98,8.95,0.51,0.0,0.0,97,73,85.0
0.04,0,1,0.0,0.0,0.0,0.0,89.0,66.0,77.5,75.0,19.99,5.82,0.04,0.0,0.0,91,64,77.5
0.06,0,1,2.0,0.0,0.0,0.0,74.0,52.0,63.0,58.0,17.95,6.71,0.06,0.0,0.0,76,54,65.0
0.03,0,1,1.0,0.0,0.0,0.0,74.0,58.0,66.0,66.0,18.29,8.05,0.03,0.0,0.0,73,57,65.0
0.76,0,1,4.0,0.0,0.0,0.0,80.0,62.0,71.0,69.0,17.8,12.08,0.76,0.0,0.0,85,65,75.0
0.53,0,1,1.0,0.0,0.0,0.0,85.0,59.0,72.0,73.0,17.53,10.74,0.53,0.0,0.0,84,62,73.0
0.04,0,1,2.0,0.0,0.0,0.0,70.0,49.0,59.5,54.0,16.99,5.82,0.04,0.0,0.0,63,52,57.5
0.02,0,1,1.0,0.0,0.0,0.0,87.0,65.0,76.0,68.0,15.56,14.54,0.02,0.0,0.0,88,62,75.0
0.01,0,1,2.0,0.0,0.0,0.0,55.0,40.0,47.5,45.0,13.71,4.25,0.01,0.0,0.0,55,36,45.5
0.02,0,1,6.5,0.0,0.0,0.0,47.0,28.0,37.5,40.0,12.2,8.28,0.02,0.0,0.0,53,35,44.0
0.01,0,1,8.0,0.0,0.0,0.0,55.0,39.0,47.0,41.0,10.27,12.08,0.01,0.0,0.0,44,34,39.0
0.47,0,1,0.5,0.0,0.0,0.0,37.0,32.0,34.5,33.0,4.85,12.3,0.47,2.0,0.0,35,33,34.0
0.45,0,1,1.0,0.0,0.0,0.0,54.0,41.0,47.5,53.0,4.0,14.76,0.45,0.0,0.0,58,35,46.5
0.12,0,1,2.0,0.0,0.0,3.0,45.0,29.0,37.0,37.0,2.27,12.08,0.12,0.0,3.0,45,33,39.0
0.01,0,1,4.5,0.0,0.0,0.0,59.0,46.0,52.5,49.0,5.77,5.82,0.01,0.0,0.0,63,51,57.0
0.08,0,1,5.0,0.0,0.0,0.0,66.0,47.0,56.5,60.0,6.53,8.72,0.08,0.0,0.0,69,54,61.5
0.07,0,1,6.0,0.0,0.0,0.0,70.0,44.0,57.0,61.0,7.51,9.84,0.07,0.0,0.0,79,47,63.0
0.18,0,1,7.0,0.0,0.0,0.0,78.0,58.0,68.0,72.0,12.21,11.86,0.18,0.0,0.0,90,60,75.0
0.02,0,1,6.5,0.0,0.0,0.0,76.0,46.0,61.0,55.0,11.38,5.82,0.02,0.0,0.0,61,48,54.5
0.13,0,1,2.5,0.0,0.0,0.0,65.0,42.0,53.5,55.0,11.72,6.49,0.13,0.0,0.0,69,43,56.0
0.01,0,1,4.0,0.0,0.0,0.0,74.0,57.0,65.5,65.0,14.63,4.7,0.01,0.0,0.0,80,59,69.5
0.04,0,1,6.5,0.0,0.0,0.0,74.0,59.0,66.5,72.0,14.85,5.59,0.04,0.0,0.0,84,62,73.0
1.1,0,1,3.0,0.0,0.0,0.0,86.0,65.0,75.5,74.0,19.53,8.5,1.1,0.0,0.0,88,69,78.5
0.37,0,1,2.5,0.0,0.0,0.0,83.0,68.0,75.5,72.0,22.23,9.17,0.37,0.0,0.0,86,70,78.0
0.31,0,1,0.5,0.0,0.0,0.0,80.0,61.0,70.5,67.0,22.63,5.82,0.31,0.0,0.0,83,59,71.0
0.42,0,1,7.0,0.0,0.0,0.0,92.0,74.0,83.0,78.0,22.38,7.16,0.42,0.0,0.0,85,67,76.0
0.2,0,1,1.0,0.0,0.0,0.0,87.0,62.0,74.5,70.0,21.11,7.61,0.2,0.0,0.0,86,65,75.5
0.06,0,1,0.5,0.0,0.0,0.0,74.0,53.0,63.5,63.0,19.22,6.26,0.06,0.0,0.0,74,52,63.0
0.1,0,1,4.0,0.0,0.0,0.0,17.0,3.0,10.0,7.0,4.18,12.08,0.1,2.0,0.0,22,6,14.0
0.02,0,1,4.5,0.0,0.0,13.0,9.0,-16.0,-3.5,-12.0,3.39,9.62,0.02,0.6,14.0,18,-16,1.0
0.44,0,1,0.5,0.0,0.0,12.0,44.0,12.0,28.0,31.0,2.31,8.72,0.44,0.0,11.0,41,14,27.5
0.71,0,1,2.0,0.0,0.0,8.0,43.0,26.0,34.5,35.0,2.26,11.86,0.71,0.0,6.0,41,32,36.5
0.05,0,1,4.5,0.0,0.0,0.0,39.0,31.0,35.0,37.0,2.42,7.38,0.05,0.0,0.0,44,35,39.5
0.13,0,1,6.5,0.0,0.0,0.0,31.0,18.0,24.5,31.0,2.59,10.51,0.13,0.0,0.0,43,19,31.0
0.41,0,1,3.0,0.0,0.0,0.0,62.0,42.0,52.0,61.0,3.78,19.91,0.41,0.0,0.0,70,28,49.0
0.07,0,1,8.0,0.0,0.0,0.0,57.0,36.0,46.5,37.0,2.43,11.41,0.07,0.0,0.0,46,31,38.5
0.01,0,1,2.5,0.0,0.0,0.0,35.0,19.0,27.0,22.0,2.03,12.53,0.01,0.2,0.0,30,19,24.5
0.15,0,1,1.0,0.0,0.0,0.0,34.0,17.0,25.5,28.0,1.96,7.61,0.15,1.5,0.0,35,18,26.5
0.39,0,1,3.5,0.0,0.0,0.0,40.0,24.0,32.0,31.0,1.97,10.74,0.39,0.0,0.0,47,24,35.5
0.19,0,1,2.0,0.0,0.0,0.0,41.0,28.0,34.5,41.0,1.96,10.07,0.19,0.0,0.0,44,29,36.5
0.46,0,1,1.5,0.0,0.0,0.0,38.0,28.0,33.0,36.0,1.98,13.2,0.46,3.8,0.0,39,30,34.5
0.33,0,1,0.5,0.0,0.0,4.0,32.0,15.0,23.5,25.0,1.84,17.9,0.33,4.0,6.0,30,18,24.0
0.06,0,1,4.0,0.0,0.0,0.0,69.0,39.0,54.0,41.0,2.7,13.65,0.06,0.0,0.0,60,40,50.0
1.35,0,1,6.5,0.0,0.0,0.0,78.0,45.0,61.5,54.0,3.04,11.41,1.35,0.0,0.0,63,47,55.0
0.98,0,1,2.0,0.0,0.0,0.0,60.0,42.0,51.0,51.0,3.42,16.11,0.98,0.0,0.0,54,44,49.0
1.23,0,1,2.0,0.0,0.0,0.0,62.0,41.0,51.5,49.0,4.95,12.53,1.23,0.0,0.0,53,46,49.5
0.01,0,1,2.5,0.0,0.0,0.0,78.0,51.0,64.5,64.0,6.48,15.66,0.01,0.0,0.0,81,53,67.0
0.06,0,1,0.5,0.0,0.0,0.0,78.0,60.0,69.0,65.0,6.52,14.99,0.06,0.0,0.0,78,61,69.5
0.74,0,1,9.0,0.0,0.0,0.0,65.0,51.0,58.0,59.0,6.5,10.74,0.74,0.0,0.0,78,56,67.0
0.01,0,1,7.5,0.0,0.0,0.0,59.0,46.0,52.5,57.0,6.85,6.26,0.01,0.0,0.0,72,48,60.0
0.84,0,1,3.5,0.0,0.0,0.0,79.0,60.0,69.5,68.0,8.19,8.95,0.84,0.0,0.0,77,55,66.0
0.76,0,1,0.5,0.0,0.0,0.0,83.0,64.0,73.5,70.0,11.03,9.4,0.76,0.0,0.0,82,64,73.0
0.02,0,1,1.0,0.0,0.0,0.0,88.0,67.0,77.5,75.0,15.45,5.37,0.02,0.0,0.0,90,67,78.5
0.01,0,1,0.5,0.0,0.0,0.0,91.0,67.0,79.0,78.0,15.8,6.93,0.01,0.0,0.0,90,67,78.5
0.01,0,1,5.0,0.0,0.0,0.0,64.0,48.0,56.0,59.0,13.56,6.49,0.01,0.0,0.0,68,54,61.0
0.32,0,1,4.0,0.0,0.0,0.0,79.0,61.0,70.0,75.0,16.72,7.38,0.32,0.0,0.0,84,64,74.0
0.06,0,1,2.5,0.0,0.0,0.0,87.0,60.0,73.5,79.0,17.22,10.29,0.06,0.0,0.0,83,69,76.0
0.17,0,1,9.0,0.0,0.0,0.0,96.0,72.0,84.0,78.0,19.8,7.38,0.17,0.0,0.0,81,69,75.0
0.08,0,1,5.0,0.0,0.0,0.0,80.0,67.0,73.5,77.0,20.51,9.4,0.08,0.0,0.0,88,69,78.5
0.3,0,1,4.0,0.0,0.0,0.0,85.0,72.0,78.5,81.0,22.3,8.72,0.3,0.0,0.0,94,71,82.5
0.07,0,1,2.5,0.0,0.0,0.0,93.0,71.0,82.0,79.0,22.76,6.93,0.07,0.0,0.0,88,71,79.5
0.2,0,1,4.5,0.0,0.0,0.0,86.0,67.0,76.5,72.0,21.88,6.71,0.2,0.0,0.0,75,69,72.0
0.03,0,1,0.5,0.0,0.0,0.0,73.0,57.0,65.0,65.0,20.82,6.49,0.03,0.0,0.0,77,54,65.5
0.05,0,1,7.0,0.0,0.0,0.0,87.0,60.0,73.5,68.0,20.23,4.7,0.05,0.0,0.0,73,60,66.5
0.24,0,1,4.0,0.0,0.0,0.0,76.0,51.0,63.5,72.0,19.76,9.17,0.24,0.0,0.0,79,56,67.5
0.1,0,1,2.0,0.0,0.0,0.0,74.0,49.0,61.5,57.0,18.37,8.5,0.1,0.0,0.0,80,47,63.5
0.03,0,1,4.0,0.0,0.0,0.0,74.0,45.0,59.5,57.0,14.03,12.3,0.03,0.0,0.0,67,44,55.5
0.08,0,1,0.5,0.0,0.0,0.0,79.0,52.0,65.5,60.0,10.63,10.74,0.08,0.0,0.0,76,56,66.0
0.02,0,1,8.0,0.0,0.0,0.0,53.0,39.0,46.0,50.0,8.73,6.26,0.02,0.0,0.0,62,46,54.0
0.01,0,1,3.0,0.0,0.0,0.0,52.0,28.0,40.0,34.0,8.58,7.61,0.01,0.0,0.0,47,27,37.0
0.07,0,1,5.0,0.0,0.0,0.0,51.0,25.0,38.0,47.0,7.17,7.16,0.07,0.0,0.0,53,33,43.0
0.06,0,1,2.0,0.0,0.0,0.0,20.0,3.0,11.5,6.0,5.53,8.05,0.06,0.5,0.0,16,3,9.5
0.25,0,1,13.5,0.0,0.0,0.0,62.0,35.0,48.5,37.0,4.59,12.75,0.25,0.4,0.0,38,32,35.0
0.01,0,1,10.5,0.0,0.0,0.0,34.0,19.0,26.5,33.0,4.27,11.63,0.01,0.0,0.0,45,29,37.0
0.1,0,1,5.0,0.0,0.0,0.0,33.0,21.0,27.0,22.0,3.64,13.42,0.1,1.6,0.0,25,19,22.0
0.29,0,1,0.5,0.0,0.0,1.0,33.0,9.0,21.0,15.0,3.28,5.82,0.29,3.7,1.0,28,13,20.5
0.03,0,1,2.5,0.0,0.0,5.0,25.0,10.0,17.5,20.0,2.29,6.93,0.03,0.4,4.0,26,14,20.0
0.14,0,1,1.5,0.0,0.0,3.0,37.0,13.0,25.0,26.0,2.13,12.3,0.14,2.2,3.0,31,16,23.5
0.05,0,1,0.5,0.0,0.0,0.0,74.0,39.0,56.5,59.0,2.17,15.88,0.05,0.0,0.0,64,48,56.0
0.01,0,1,1.5,0.0,0.0,0.0,79.0,52.0,65.5,65.0,2.67,13.87,0.01,0.0,0.0,78,56,67.0
0.01,0,1,16.0,0.0,0.0,0.0,78.0,45.0,61.5,45.0,2.66,14.76,0.01,0.0,0.0,63,28,45.5
0.29,0,1,0.5,0.0,0.0,0.0,59.0,39.0,49.0,46.0,2.51,10.96,0.29,0.0,0.0,65,34,49.5
0.17,0,1,7.5,0.0,0.0,0.0,58.0,41.0,49.5,53.0,2.76,11.18,0.17,0.0,0.0,68,46,57.0
0.13,0,1,5.0,0.0,0.0,0.0,61.0,33.0,47.0,50.0,3.15,11.18,0.13,0.0,0.0,68,36,52.0
0.45,0,1,11.0,0.0,0.0,0.0,64.0,40.0,52.0,41.0,3.41,16.78,0.45,1.6,0.0,52,30,41.0
0.1,0,1,7.0,0.0,0.0,0.0,57.0,30.0,43.5,37.0,3.41,10.96,0.1,0.0,0.0,40,33,36.5
1.21,0,1,11.5,0.0,0.0,0.0,73.0,38.0,55.5,44.0,3.67,12.3,1.21,0.0,0.0,49,39,44.0
0.63,0,1,6.0,0.0,0.0,0.0,51.0,41.0,46.0,47.0,3.86,10.96,0.63,0.0,0.0,57,47,52.0
0.1,0,1,2.5,0.0,0.0,0.0,60.0,38.0,49.0,47.0,4.58,8.05,0.1,0.0,0.0,51,42,46.5
0.02,0,1,1.0,0.0,0.0,0.0,68.0,37.0,52.5,53.0,5.45,5.82,0.02,0.0,0.0,70,37,53.5
0.03,0,1,5.5,0.0,0.0,0.0,67.0,40.0,53.5,43.0,5.08,11.18,0.03,0.0,0.0,56,40,48.0
0.71,0,1,1.5,0.0,0.0,0.0,79.0,69.0,74.0,71.0,7.29,12.3,0.71,0.0,0.0,85,66,75.5
0.34,0,1,8.0,0.0,0.0,0.0,65.0,53.0,59.0,63.0,6.98,12.3,0.34,0.0,0.0,76,58,67.0
0.02,0,1,3.0,0.0,0.0,0.0,72.0,55.0,63.5,60.0,8.39,7.38,0.02,0.0,0.0,78,55,66.5
0.04,0,1,1.0,0.0,0.0,0.0,76.0,48.0,62.0,61.0,9.02,6.71,0.04,0.0,0.0,71,51,61.0
0.03,0,1,8.0,0.0,0.0,0.0,64.0,49.0,56.5,63.0,9.92,9.4,0.03,0.0,0.0,80,49,64.5
1.46,0,1,0.5,0.0,0.0,0.0,84.0,65.0,74.5,73.0,16.41,7.16,1.46,0.0,0.0,84,64,74.0
0.01,0,1,9.0,0.0,0.0,0.0,88.0,62.0,75.0,62.0,19.45,11.41,0.01,0.0,0.0,71,61,66.0
0.02,0,1,2.0,0.0,0.0,0.0,88.0,64.0,76.0,72.0,19.79,6.26,0.02,0.0,0.0,84,64,74.0
0.16,0,1,2.0,0.0,0.0,0.0,80.0,57.0,68.5,68.0,19.98,10.07,0.16,0.0,0.0,75,58,66.5
0.01,0,1,5.0,0.0,0.0,0.0,78.0,63.0,70.5,74.0,20.33,7.83,0.01,0.0,0.0,84,67,75.5
0.04,0,1,1.0,0.0,0.0,0.0,85.0,63.0,74.0,72.0,21.02,5.14,0.04,0.0,0.0,81,65,73.0
2.37,0,1,2.5,0.0,0.0,0.0,86.0,69.0,77.5,77.0,20.06,11.41,2.37,0.0,0.0,87,63,75.0
0.42,0,1,2.0,0.0,0.0,0.0,65.0,47.0,56.0,57.0,17.13,10.07,0.42,0.0,0.0,67,49,58.0
0.65,0,1,5.5,0.0,0.0,0.0,82.0,46.0,64.0,55.0,15.34,6.04,0.65,0.0,0.0,73,44,58.5
0.08,0,1,9.5,0.0,0.0,0.0,75.0,53.0,64.0,55.0,13.37,6.71,0.08,0.0,0.0,64,45,54.5
0.64,0,1,4.5,0.0,0.0,0.0,62.0,45.0,53.5,51.0,12.52,18.34,0.64,0.0,0.0,53,45,49.0
0.01,0,1,4.5,0.0,0.0,0.0,48.0,32.0,40.0,43.0,10.69,10.07,0.01,0.0,0.0,48,41,44.5
0.24,0,1,4.5,0.0,0.0,0.0,40.0,26.0,33.0,41.0,7.89,9.17,0.24,0.0,0.0,45,30,37.5
0.01,0,1,5.5,0.0,0.0,0.0,40.0,12.0,26.0,12.0,6.25,13.65,0.01,0.0,0.0,29,12,20.5
0.57,0,1,0.5,0.0,0.0,9.0,17.0,-2.0,7.5,5.0,3.9,6.26,0.57,6.0,9.0,24,-8,8.0
0.05,0,1,0.5,0.0,0.0,11.0,31.0,4.0,17.5,17.0,4.37,9.4,0.05,0.0,14.0,31,3,17.0
0.01,0,1,0.0,0.0,0.0,11.0,35.0,15.0,25.0,35.0,4.22,11.41,0.01,0.0,11.0,34,16,25.0
0.14,0,1,1.5,0.0,0.0,10.0,13.0,-1.0,6.0,5.0,3.77,6.26,0.14,2.4,10.0,16,-1,7.5
0.09,0,1,6.0,0.0,0.0,12.0,23.0,1.0,12.0,4.0,3.39,8.72,0.09,1.3,12.0,17,-5,6.0
0.02,0,1,0.5,0.0,0.0,13.0,20.0,1.0,10.5,12.0,1.74,8.28,0.02,0.5,11.0,19,3,11.0
0.01,0,1,6.0,0.0,0.0,13.0,23.0,12.0,17.5,15.0,1.67,8.5,0.01,0.2,12.0,17,6,11.5
0.02,0,1,0.5,0.0,0.0,11.0,18.0,7.0,12.5,15.0,2.53,5.14,0.02,0.4,11.0,20,6,13.0
0.34,0,1,1.5,0.0,0.0,11.0,26.0,18.0,22.0,14.0,1.07,4.92,0.34,5.8,11.0,26,15,20.5
0.06,0,1,1.5,0.0,0.0,4.0,32.0,17.0,24.5,27.0,1.85,12.97,0.06,1.0,5.0,31,21,26.0
0.03,0,1,1.0,0.0,0.0,5.0,30.0,15.0,22.5,25.0,1.99,6.04,0.03,0.1,5.0,29,14,21.5
0.05,0,1,0.5,0.0,0.0,4.0,38.0,15.0,26.5,21.0,1.55,7.38,0.05,0.0,0.0,35,17,26.0
0.01,0,1,0.5,0.0,0.0,0.0,42.0,28.0,35.0,33.0,1.47,5.37,0.01,0.0,0.0,38,31,34.5
0.01,0,1,4.0,0.0,0.0,0.0,47.0,23.0,35.0,31.0,1.13,12.53,0.01,0.1,0.0,35,27,31.0
0.04,0,1,5.0,0.0,0.0,0.0,41.0,17.0,29.0,33.0,1.24,11.63,0.04,0.0,0.0,50,18,34.0
0.03,0,1,8.0,0.0,0.0,0.0,54.0,28.0,41.0,39.0,1.26,11.18,0.03,0.1,0.0,38,28,33.0
0.01,0,1,2.0,0.0,0.0,0.0,43.0,28.0,35.5,39.0,1.24,8.05,0.01,0.0,0.0,50,25,37.5
0.01,0,1,3.5,0.0,0.0,0.0,39.0,25.0,32.0,37.0,1.18,7.83,0.01,0.0,0.0,49,22,35.5
0.01,0,1,3.0,0.0,0.0,0.0,51.0,36.0,43.5,41.0,1.21,7.38,0.01,0.0,0.0,46,35,40.5
0.07,0,1,4.5,0.0,0.0,0.0,49.0,33.0,41.0,44.0,1.17,8.95,0.07,0.0,0.0,56,35,45.5
0.45,0,1,7.5,0.0,0.0,0.0,49.0,32.0,40.5,46.0,1.53,7.83,0.45,0.0,0.0,60,36,48.0
0.53,0,1,18.0,0.0,0.0,0.0,52.0,40.0,46.0,47.0,1.54,12.53,0.53,0.0,0.0,77,51,64.0
0.04,0,1,4.0,0.0,0.0,0.0,73.0,54.0,63.5,70.0,4.02,8.05,0.04,0.0,0.0,85,50,67.5
0.01,0,1,13.5,0.0,0.0,0.0,87.0,49.0,68.0,49.0,4.48,9.62,0.01,0.0,0.0,60,49,54.5
0.18,0,1,9.0,0.0,0.0,0.0,62.0,49.0,55.5,53.0,4.74,9.4,0.18,0.0,0.0,75,54,64.5
0.12,0,1,0.0,0.0,0.0,0.0,67.0,41.0,54.0,64.0,6.05,8.95,0.12,0.0,0.0,66,42,54.0
0.03,0,1,7.0,0.0,0.0,0.0,83.0,50.0,66.5,60.0,7.15,4.47,0.03,0.0,0.0,85,62,73.5
0.01,0,1,6.0,0.0,0.0,0.0,69.0,45.0,57.0,59.0,7.74,9.84,0.01,0.0,0.0,77,49,63.0
0.81,0,1,3.5,0.0,0.0,0.0,63.0,39.0,51.0,52.0,7.37,11.41,0.81,0.0,0.0,57,38,47.5
0.35,0,1,1.5,0.0,0.0,0.0,86.0,62.0,74.0,80.0,12.56,7.61,0.35,0.0,0.0,87,64,75.5
0.31,0,1,3.5,0.0,0.0,0.0,93.0,73.0,83.0,80.0,13.4,11.41,0.31,0.0,0.0,91,68,79.5
0.05,0,1,1.0,0.0,0.0,0.0,88.0,55.0,71.5,60.0,13.58,5.37,0.05,0.0,0.0,87,54,70.5
0.02,0,1,6.0,0.0,0.0,0.0,93.0,68.0,80.5,80.0,14.1,10.74,0.02,0.0,0.0,84,65,74.5
0.07,0,1,8.5,0.0,0.0,0.0,69.0,57.0,63.0,69.0,15.96,8.95,0.07,0.0,0.0,79,64,71.5
0.45,0,1,0.5,0.0,0.0,0.0,89.0,69.0,79.0,76.0,20.16,5.82,0.45,0.0,0.0,86,71,78.5
1.3,0,1,0.0,0.0,0.0,0.0,94.0,69.0,81.5,78.0,22.51,4.92,1.3,0.0,0.0,95,68,81.5
1.09,0,1,1.0,0.0,0.0,0.0,95.0,73.0,84.0,79.0,23.42,7.83,1.09,0.0,0.0,95,75,85.0
0.47,0,1,2.0,0.0,0.0,0.0,97.0,74.0,85.5,80.0,23.71,7.38,0.47,0.0,0.0,95,72,83.5
0.04,0,1,1.0,0.0,0.0,0.0,77.0,55.0,66.0,66.0,21.33,4.7,0.04,0.0,0.0,77,57,67.0
0.26,0,1,5.5,0.0,0.0,0.0,82.0,60.0,71.0,65.0,20.78,5.37,0.26,0.0,0.0,70,61,65.5
0.09,0,1,5.0,0.0,0.0,0.0,80.0,54.0,67.0,66.0,19.94,7.83,0.09,0.0,0.0,81,63,72.0
0.45,0,1,2.5,0.0,0.0,0.0,81.0,62.0,71.5,73.0,20.83,7.38,0.45,0.0,0.0,84,64,74.0
4.31,0,1,6.0,0.0,0.0,0.0,80.0,61.0,70.5,69.0,20.58,8.5,4.31,0.0,0.0,85,68,76.5
0.98,0,1,6.5,0.0,0.0,0.0,76.0,57.0,66.5,67.0,20.14,9.4,0.98,0.0,0.0,85,61,73.0
0.32,0,1,3.5,0.0,0.0,0.0,71.0,53.0,62.0,62.0,18.31,6.04,0.32,0.0,0.0,65,52,58.5
0.88,0,1,11.0,0.0,0.0,0.0,80.0,51.0,65.5,54.0,13.64,5.37,0.88,0.0,0.0,62,47,54.5
0.22,0,1,3.5,0.0,0.0,0.0,72.0,55.0,63.5,62.0,12.32,14.32,0.22,0.0,0.0,65,55,60.0
0.58,0,1,1.5,0.0,0.0,0.0,68.0,46.0,57.0,52.0,11.08,8.05,0.58,0.0,0.0,62,49,55.5
0.03,0,1,3.5,0.0,0.0,0.0,61.0,45.0,53.0,48.0,9.11,10.51,0.03,0.0,0.0,52,47,49.5
0.01,0,1,0.0,0.0,0.0,0.0,70.0,54.0,62.0,59.0,9.15,16.33,0.01,0.0,0.0,66,58,62.0
0.02,0,1,1.5,0.0,0.0,0.0,58.0,42.0,50.0,50.0,8.52,10.74,0.02,0.0,0.0,63,40,51.5
0.12,0,1,5.5,0.0,0.0,0.0,60.0,40.0,50.0,50.0,8.34,6.71,0.12,0.0,0.0,63,48,55.5
0.02,0,1,2.0,0.0,0.0,0.0,58.0,41.0,49.5,52.0,8.38,11.86,0.02,0.0,0.0,59,44,51.5
0.31,0,1,1.0,0.0,0.0,0.0,60.0,51.0,55.5,55.0,8.31,17.67,0.31,0.0,0.0,64,49,56.5
0.03,0,1,3.5,0.0,0.0,0.0,45.0,34.0,39.5,45.0,8.19,8.95,0.03,0.0,0.0,50,36,43.0
0.12,0,1,4.5,0.0,0.0,0.0,51.0,35.0,43.0,36.0,8.06,5.59,0.12,0.0,0.0,42,35,38.5
0.02,0,1,2.0,0.0,0.0,0.0,38.0,21.0,29.5,30.0,4.59,8.95,0.02,0.1,0.0,35,28,31.5
0.03,0,1,0.5,0.0,0.0,0.0,45.0,26.0,35.5,40.0,4.19,9.62,0.03,0.0,0.0,40,30,35.0
0.17,0,1,1.5,0.0,0.0,0.0,34.0,26.0,30.0,27.0,4.06,9.84,0.17,3.0,3.0,33,24,28.5
0.34,0,1,1.0,0.0,0.0,0.0,36.0,29.0,32.5,29.0,3.59,10.74,0.34,4.8,4.0,34,29,31.5
0.2,0,1,0.5,0.0,0.0,0.0,35.0,18.0,26.5,22.0,2.93,8.5,0.2,2.0,0.0,32,20,26.0
0.01,0,1,2.0,0.0,0.0,0.0,60.0,38.0,49.0,40.0,2.6,14.99,0.01,0.0,0.0,59,35,47.0
0.01,0,1,4.0,0.0,0.0,0.0,43.0,32.0,37.5,42.0,2.73,6.93,0.01,0.0,0.0,48,35,41.5
0.03,0,1,3.5,0.0,0.0,0.0,40.0,22.0,31.0,25.0,2.6,17.0,0.03,0.4,0.0,31,24,27.5
0.01,0,1,1.5,0.0,0.0,0.0,52.0,26.0,39.0,47.0,2.5,9.17,0.01,0.0,0.0,47,28,37.5
0.01,0,1,0.0,0.0,0.0,0.0,43.0,27.0,35.0,37.0,2.59,8.5,0.01,0.0,0.0,40,30,35.0
0.04,0,1,3.5,0.0,0.0,0.0,86.0,59.0,72.5,71.0,3.47,14.09,0.04,0.0,0.0,89,63,76.0
0.29,0,1,7.5,0.0,0.0,0.0,59.0,41.0,50.0,59.0,4.24,16.11,0.29,0.0,0.0,73,42,57.5
0.51,0,1,4.5,0.0,0.0,0.0,48.0,38.0,43.0,41.0,3.84,13.65,0.51,0.0,0.0,54,41,47.5
0.47,0,1,2.0,0.0,0.0,0.0,61.0,41.0,51.0,50.0,4.18,8.95,0.47,0.0,0.0,63,43,53.0
0.14,0,1,9.0,0.0,0.0,0.0,51.0,41.0,46.0,49.0,4.65,11.63,0.14,0.0,0.0,65,45,55.0
2.18,0,1,4.0,0.0,0.0,0.0,67.0,43.0,55.0,53.0,5.02,12.53,2.18,0.0,0.0,57,45,51.0
0.01,0,1,6.0,0.0,0.0,0.0,65.0,38.0,51.5,57.0,5.6,12.3,0.01,0.0,0.0,75,40,57.5
0.85,0,1,11.5,0.0,0.0,0.0,77.0,55.0,66.0,64.0,5.4,10.74,0.85,0.0,0.0,66,43,54.5
0.04,0,1,3.5,0.0,0.0,0.0,70.0,52.0,61.0,61.0,5.38,13.65,0.04,0.0,0.0,72,57,64.5
0.11,0,1,1.5,0.0,0.0,0.0,68.0,54.0,61.0,57.0,11.09,5.59,0.11,0.0,0.0,64,55,59.5
0.75,0,1,0.0,0.0,0.0,0.0,66.0,55.0,60.5,65.0,11.04,8.28,0.75,0.0,0.0,67,54,60.5
0.08,0,1,0.0,0.0,0.0,0.0,94.0,67.0,80.5,80.0,16.25,5.82,0.08,0.0,0.0,88,73,80.5
0.19,0,1,6.0,0.0,0.0,0.0,97.0,74.0,85.5,79.0,20.11,8.5,0.19,0.0,0.0,90,69,79.5
0.01,0,1,3.5,0.0,0.0,0.0,77.0,61.0,69.0,69.0,21.66,7.61,0.01,0.0,0.0,80,65,72.5
0.06,0,1,5.5,0.0,0.0,0.0,93.0,72.0,82.5,78.0,21.84,8.05,0.06,0.0,0.0,83,71,77.0
0.05,0,1,11.5,0.0,0.0,0.0,98.0,69.0,83.5,72.0,21.8,10.29,0.05,0.0,0.0,81,63,72.0
0.68,0,1,3.5,0.0,0.0,0.0,85.0,71.0,78.0,75.0,22.51,6.93,0.68,0.0,0.0,89,74,81.5
0.08,0,1,3.0,0.0,0.0,0.0,95.0,69.0,82.0,77.0,22.22,8.95,0.08,0.0,0.0,89,69,79.0
0.65,0,1,0.5,0.0,0.0,0.0,84.0,63.0,73.5,67.0,21.55,10.51,0.65,0.0,0.0,82,66,74.0
0.03,0,1,2.5,0.0,0.0,0.0,91.0,65.0,78.0,75.0,22.27,10.51,0.03,0.0,0.0,89,62,75.5
0.05,0,1,4.5,0.0,0.0,0.0,81.0,62.0,71.5,73.0,20.01,10.74,0.05,0.0,0.0,80,72,76.0
0.01,0,1,1.0,0.0,0.0,0.0,86.0,61.0,73.5,72.0,17.72,8.5,0.01,0.0,0.0,82,67,74.5
0.63,0,1,1.0,0.0,0.0,0.0,72.0,56.0,64.0,71.0,16.91,15.21,0.63,0.0,0.0,72,54,63.0
0.01,0,1,1.5,0.0,0.0,0.0,65.0,54.0,59.5,45.0,16.21,15.88,0.01,0.0,0.0,69,47,58.0
0.1,0,1,1.5,0.0,0.0,0.0,70.0,48.0,59.0,54.0,14.8,9.17,0.1,0.0,0.0,72,49,60.5
0.14,0,1,0.5,0.0,0.0,0.0,51.0,31.0,41.0,40.0,13.28,6.71,0.14,0.0,0.0,45,36,40.5
0.12,0,1,0.5,0.0,0.0,0.0,46.0,28.0,37.0,39.0,9.51,6.93,0.12,0.0,0.0,41,34,37.5
0.08,0,1,1.0,0.0,0.0,0.0,64.0,50.0,57.0,57.0,9.08,14.99,0.08,0.0,0.0,63,53,58.0
0.04,0,1,10.5,0.0,0.0,0.0,64.0,34.0,49.0,40.0,8.99,8.28,0.04,0.0,0.0,41,36,38.5
0.17,0,1,1.5,0.0,0.0,0.0,58.0,39.0,48.5,50.0,8.75,9.4,0.17,0.0,0.0,55,39,47.0
0.01,0,1,2.5,0.0,0.0,0.0,41.0,31.0,36.0,33.0,8.47,10.51,0.01,0.0,0.0,36,31,33.5
0.05,0,1,8.5,0.0,0.0,0.0,47.0,34.0,40.5,46.0,7.51,8.05,0.05,0.9,0.0,38,26,32.0
0.07,0,1,2.0,0.0,0.0,0.0,34.0,29.0,31.5,33.0,4.76,16.55,0.07,0.0,0.0,37,30,33.5
0.02,0,1,6.5,0.0,0.0,0.0,45.0,32.0,38.5,33.0,4.68,17.22,0.02,0.0,0.0,35,29,32.0
0.06,0,1,1.0,0.0,0.0,0.0,35.0,18.0,26.5,25.0,4.49,9.4,0.06,0.5,0.0,31,20,25.5
0.01,0,1,7.0,0.0,0.0,0.0,50.0,33.0,41.5,50.0,4.21,12.53,0.01,0.0,0.0,60,37,48.5
0.02,0,1,3.0,0.0,0.0,0.0,32.0,21.0,26.5,28.0,3.99,11.18,0.02,0.3,0.0,31,28,29.5
0.02,0,1,1.0,0.0,0.0,0.0,36.0,15.0,25.5,20.0,3.79,6.93,0.02,0.3,0.0,34,15,24.5
0.01,0,1,12.0,0.0,0.0,0.0,20.0,5.0,12.5,17.0,2.06,11.63,0.01,0.4,0.0,34,15,24.5
0.11,0,1,4.0,0.0,0.0,0.0,39.0,30.0,34.5,37.0,1.58,10.07,0.11,0.0,0.0,45,32,38.5
0.07,0,1,3.0,0.0,0.0,0.0,25.0,8.0,16.5,19.0,0.69,9.62,0.07,0.5,0.0,31,8,19.5
0.1,0,1,1.0,0.0,0.0,5.0,38.0,19.0,28.5,34.0,0.56,9.4,0.1,0.0,3.0,42,13,27.5
0.07,0,1,4.5,0.0,0.0,0.0,65.0,42.0,53.5,61.0,0.91,10.74,0.07,0.0,0.0,74,42,58.0
0.01,0,1,0.5,0.0,0.0,0.0,60.0,29.0,44.5,43.0,1.07,7.16,0.01,0.0,0.0,59,31,45.0
0.05,0,1,8.0,0.0,0.0,0.0,57.0,34.0,45.5,44.0,1.15,12.53,0.05,0.0,0.0,67,40,53.5
0.36,0,1,3.5,0.0,0.0,0.0,63.0,41.0,52.0,61.0,1.21,14.32,0.36,0.0,0.0,61,36,48.5
0.06,0,1,6.5,0.0,0.0,0.0,43.0,23.0,33.0,43.0,1.5,8.95,0.06,0.0,0.0,55,24,39.5
0.52,0,1,2.0,0.0,0.0,0.0,52.0,36.0,44.0,38.0,1.45,10.07,0.52,0.0,0.0,47,37,42.0
0.01,0,1,7.5,0.0,0.0,0.0,87.0,37.0,62.0,38.0,1.47,14.99,0.01,0.0,0.0,69,40,54.5
0.01,0,1,1.5,0.0,0.0,0.0,49.0,37.0,43.0,38.0,1.55,14.76,0.01,0.0,0.0,44,39,41.5
0.01,0,1,18.0,0.0,0.0,0.0,49.0,35.0,42.0,48.0,1.71,11.86,0.01,0.0,0.0,79,41,60.0
0.08,0,1,4.5,0.0,0.0,0.0,74.0,42.0,58.0,49.0,3.11,7.61,0.08,0.0,0.0,63,44,53.5
1.14,0,1,5.0,0.0,0.0,0.0,53.0,32.0,42.5,51.0,3.29,13.2,1.14,0.0,0.0,59,36,47.5
1.09,0,1,17.0,0.0,0.0,0.0,60.0,44.0,52.0,55.0,3.54,10.96,1.09,0.0,0.0,84,54,69.0
0.58,0,1,4.0,0.0,0.0,0.0,70.0,43.0,56.5,55.0,4.37,8.5,0.58,0.0,0.0,59,46,52.5
0.16,0,1,4.5,0.0,0.0,0.0,71.0,49.0,60.0,61.0,6.03,8.5,0.16,0.0,0.0,71,58,64.5
0.34,0,1,3.5,0.0,0.0,0.0,65.0,44.0,54.5,60.0,5.67,8.28,0.34,0.0,0.0,71,45,58.0
0.03,0,1,3.5,0.0,0.0,0.0,61.0,38.0,49.5,58.0,6.13,4.03,0.03,0.0,0.0,68,38,53.0
0.09,0,1,2.5,0.0,0.0,0.0,78.0,48.0,63.0,62.0,7.17,5.82,0.09,0.0,0.0,72,49,60.5
0.02,0,1,1.5,0.0,0.0,0.0,78.0,51.0,64.5,68.0,7.86,10.51,0.02,0.0,0.0,78,54,66.0
0.66,0,1,8.0,0.0,0.0,0.0,78.0,53.0,65.5,69.0,11.51,7.16,0.66,0.0,0.0,90,57,73.5
0.04,0,1,15.0,0.0,0.0,0.0,95.0,70.0,82.5,72.0,13.36,12.3,0.04,0.0,0.0,75,60,67.5
0.69,0,1,1.5,0.0,0.0,0.0,87.0,66.0,76.5,76.0,16.99,5.82,0.69,0.0,0.0,88,68,78.0
0.06,0,1,2.0,0.0,0.0,0.0,81.0,55.0,68.0,68.0,16.86,3.8,0.06,0.0,0.0,83,57,70.0
0.13,0,1,4.0,0.0,0.0,0.0,82.0,60.0,71.0,72.0,17.23,8.28,0.13,0.0,0.0,86,64,75.0
0.6,0,1,4.0,0.0,0.0,0.0,81.0,62.0,71.5,72.0,17.79,8.5,0.6,0.0,0.0,86,65,75.5
0.02,0,1,0.0,0.0,0.0,0.0,86.0,63.0,74.5,72.0,19.04,5.14,0.02,0.0,0.0,86,63,74.5
0.68,0,1,5.5,0.0,0.0,0.0,88.0,65.0,76.5,68.0,19.97,2.91,0.68,0.0,0.0,79,63,71.0
0.05,0,1,5.0,0.0,0.0,0.0,80.0,58.0,69.0,69.0,20.94,2.01,0.05,0.0,0.0,83,65,74.0
0.1,0,1,4.0,0.0,0.0,0.0,80.0,65.0,72.5,73.0,21.64,4.03,0.1,0.0,0.0,86,67,76.5
0.22,0,1,1.0,0.0,0.0,0.0,74.0,59.0,66.5,69.0,21.02,6.26,0.22,0.0,0.0,70,61,65.5
0.05,0,1,0.5,0.0,0.0,0.0,84.0,59.0,71.5,68.0,20.32,9.84,0.05,0.0,0.0,83,61,72.0
0.06,0,1,3.5,0.0,0.0,0.0,70.0,46.0,58.0,53.0,18.52,8.05,0.06,0.0,0.0,76,47,61.5
0.56,0,1,1.5,0.0,0.0,0.0,62.0,48.0,55.0,53.0,16.67,8.05,0.56,0.0,0.0,65,48,56.5
0.27,0,1,4.0,0.0,0.0,0.0,54.0,33.0,43.5,47.0,13.01,9.62,0.27,0.0,0.0,53,42,47.5
0.03,0,1,3.0,0.0,0.0,0.0,75.0,51.0,63.0,53.0,12.98,7.38,0.03,0.0,0.0,78,54,66.0
0.01,0,1,2.0,0.0,0.0,0.0,70.0,40.0,55.0,50.0,12.9,4.7,0.01,0.0,0.0,73,41,57.0
0.1,0,1,2.0,0.0,0.0,0.0,56.0,35.0,45.5,40.0,11.59,6.71,0.1,0.0,0.0,60,35,47.5
0.01,0,1,2.0,0.0,0.0,0.0,46.0,34.0,40.0,43.0,11.38,6.71,0.01,0.0,0.0,44,32,38.0
0.01,0,1,4.0,0.0,0.0,0.0,71.0,53.0,62.0,60.0,10.19,11.86,0.01,0.0,0.0,67,49,58.0
0.09,0,1,8.5,0.0,0.0,0.0,67.0,44.0,55.5,44.0,10.09,6.93,0.09,0.0,0.0,49,45,47.0
0.01,0,1,2.5,0.0,0.0,0.0,50.0,35.0,42.5,41.0,7.72,6.49,0.01,0.0,0.0,42,38,40.0
0.58,0,1,6.0,0.0,0.0,0.0,62.0,45.0,53.5,62.0,7.11,17.0,0.58,0.0,0.0,65,30,47.5
0.01,0,1,3.0,0.0,0.0,0.0,50.0,37.0,43.5,41.0,6.42,6.04,0.01,0.0,0.0,45,36,40.5
0.18,0,1,1.0,0.0,0.0,0.0,41.0,34.0,37.5,36.0,5.73,9.62,0.18,0.0,0.0,39,34,36.5
0.6,0,1,4.0,0.0,0.0,0.0,44.0,38.0,41.0,41.0,5.51,7.16,0.6,0.0,0.0,49,41,45.0
0.01,0,1,3.0,0.0,0.0,1.0,25.0,11.0,18.0,19.0,5.06,8.5,0.01,0.4,0.0,30,12,21.0
0.01,0,1,1.5,0.0,0.0,0.0,43.0,27.0,35.0,38.0,4.69,17.45,0.01,0.0,0.0,43,24,33.5
0.01,0,1,0.0,0.0,0.0,0.0,49.0,34.0,41.5,38.0,4.61,7.61,0.01,0.0,0.0,47,36,41.5
0.49,0,1,4.0,0.0,0.0,0.0,41.0,29.0,35.0,33.0,4.09,16.11,0.49,5.6,0.0,33,29,31.0
0.11,0,1,3.5,0.0,0.0,1.0,30.0,25.0,27.5,29.0,2.59,8.95,0.11,0.0,0.0,34,28,31.0
0.06,0,1,8.0,0.0,0.0,0.0,12.0,2.0,7.0,11.0,1.51,8.05,0.06,1.0,0.0,24,6,15.0
0.04,0,1,7.0,0.0,0.0,7.0,18.0,-1.0,8.5,0.0,1.56,9.62,0.04,1.3,3.0,4,-1,1.5
0.17,0,1,3.5,0.0,0.0,5.0,30.0,18.0,24.0,28.0,1.0,7.61,0.17,2.2,3.0,32,23,27.5
0.12,0,1,8.5,0.0,0.0,6.0,28.0,7.0,17.5,26.0,1.25,12.97,0.12,1.1,4.0,28,24,26.0
0.01,0,1,0.5,0.0,0.3,9.0,31.0,-1.0,15.0,21.0,0.84,12.53,0.01,0.1,6.0,26,5,15.5
0.19,0,1,0.5,0.0,0.0,6.0,44.0,33.0,38.5,41.0,1.14,13.2,0.19,0.0,0.0,45,33,39.0
0.04,0,1,3.0,0.0,0.0,4.0,41.0,20.0,30.5,29.0,1.13,5.59,0.04,0.0,0.0,44,23,33.5
0.01,0,1,1.0,0.0,0.0,0.0,57.0,34.0,45.5,42.0,1.39,8.5,0.01,0.0,0.0,61,32,46.5
0.02,0,1,2.5,0.0,0.0,0.0,47.0,37.0,42.0,39.0,1.55,21.03,0.02,0.0,0.0,45,34,39.5
0.01,0,1,6.5,0.0,0.0,0.0,35.0,17.0,26.0,31.0,2.02,10.29,0.01,0.0,0.0,47,18,32.5
0.11,0,1,1.5,0.0,0.0,0.0,36.0,24.0,30.0,34.0,2.4,7.83,0.11,0.5,0.0,40,23,31.5
0.31,0,1,2.0,0.0,0.0,0.0,72.0,40.0,56.0,48.0,3.41,12.75,0.31,0.0,0.0,63,45,54.0
0.28,0,1,4.0,0.0,0.0,0.0,58.0,39.0,48.5,44.0,3.66,11.18,0.28,0.0,0.0,50,39,44.5
0.1,0,1,12.5,0.0,0.0,0.0,81.0,46.0,63.5,48.0,4.6,14.54,0.1,0.0,0.0,55,47,51.0
0.02,0,1,6.0,0.0,0.0,0.0,79.0,49.0,64.0,63.0,5.22,9.4,0.02,0.0,0.0,88,52,70.0
0.57,0,1,12.5,0.0,0.0,0.0,74.0,52.0,63.0,72.0,6.09,11.41,0.57,0.0,0.0,85,66,75.5
0.21,0,1,10.0,0.0,0.0,0.0,70.0,49.0,59.5,70.0,6.24,10.96,0.21,0.0,0.0,80,59,69.5
0.02,0,1,6.0,0.0,0.0,0.0,59.0,42.0,50.5,50.0,7.16,8.5,0.02,0.0,0.0,66,47,56.5
0.02,0,1,6.0,0.0,0.0,0.0,76.0,54.0,65.0,54.0,8.05,8.5,0.02,0.0,0.0,66,52,59.0
0.23,0,1,2.0,0.0,0.0,0.0,84.0,61.0,72.5,77.0,11.37,8.72,0.23,0.0,0.0,83,66,74.5
0.83,0,1,4.5,0.0,0.0,0.0,76.0,58.0,67.0,63.0,12.65,4.7,0.83,0.0,0.0,67,58,62.5
0.12,0,1,6.5,0.0,0.0,0.0,83.0,54.0,68.5,60.0,12.53,6.93,0.12,0.0,0.0,70,54,62.0
1.32,0,1,4.5,0.0,0.0,0.0,75.0,62.0,68.5,71.0,15.06,8.95,1.32,0.0,0.0,82,64,73.0
0.02,0,1,4.5,0.0,0.0,0.0,83.0,62.0,72.5,65.0,15.33,9.62,0.02,0.0,0.0,74,62,68.0
0.02,0,1,9.5,0.0,0.0,0.0,86.0,60.0,73.0,64.0,15.54,10.29,0.02,0.0,0.0,69,58,63.5
0.84,0,1,1.0,0.0,0.0,0.0,76.0,58.0,67.0,65.0,15.77,8.95,0.84,0.0,0.0,75,61,68.0
0.03,0,1,0.0,0.0,0.0,0.0,73.0,60.0,66.5,70.0,19.17,7.61,0.03,0.0,0.0,74,59,66.5
1.2,0,1,0.5,0.0,0.0,0.0,90.0,65.0,77.5,77.0,20.06,7.16,1.2,0.0,0.0,90,66,78.0
0.39,0,1,1.5,0.0,0.0,0.0,84.0,59.0,71.5,73.0,18.38,8.05,0.39,0.0,0.0,78,62,70.0
0.07,0,1,7.0,0.0,0.0,0.0,86.0,64.0,75.0,74.0,19.1,10.96,0.07,0.0,0.0,80,56,68.0
0.19,0,1,1.5,0.0,0.0,0.0,88.0,69.0,78.5,72.0,19.19,13.2,0.19,0.0,0.0,86,68,77.0
0.2,0,1,4.0,0.0,0.0,0.0,71.0,44.0,57.5,54.0,17.43,9.4,0.2,0.0,0.0,74,49,61.5
0.01,0,1,3.5,0.0,0.0,0.0,76.0,44.0,60.0,56.0,12.67,8.05,0.01,0.0,0.0,60,53,56.5
0.01,0,1,2.5,0.0,0.0,0.0,49.0,44.0,46.5,48.0,11.5,10.74,0.01,0.0,0.0,53,45,49.0
0.05,0,1,1.0,0.0,0.0,0.0,53.0,29.0,41.0,44.0,9.65,3.8,0.05,0.0,0.0,50,30,40.0
0.18,0,1,3.5,0.0,0.0,0.0,62.0,55.0,58.5,60.0,9.49,6.04,0.18,0.0,0.0,61,49,55.0
0.82,0,1,9.5,0.0,0.0,0.0,53.0,39.0,46.0,43.0,8.91,16.33,0.82,4.3,0.0,43,30,36.5
0.03,0,1,5.5,0.0,0.0,2.0,37.0,25.0,31.0,36.0,8.57,7.16,0.03,0.0,3.0,45,28,36.5
0.07,0,1,2.0,0.0,0.0,0.0,44.0,30.0,37.0,36.0,8.08,4.25,0.07,0.0,0.0,38,32,35.0
0.02,0,1,1.5,0.0,0.0,0.0,45.0,25.0,35.0,32.0,7.54,9.62,0.02,0.0,0.0,47,26,36.5
0.13,0,1,3.5,0.0,0.0,0.0,50.0,39.0,44.5,42.0,6.69,8.5,0.13,0.0,0.0,45,37,41.0
0.02,0,1,1.5,0.0,0.0,0.0,37.0,22.0,29.5,33.0,5.05,12.75,0.02,0.2,0.0,38,18,28.0
0.02,0,1,9.5,0.0,0.0,0.0,13.0,-2.0,5.5,9.0,3.63,8.28,0.02,0.3,0.0,19,11,15.0
0.03,0,1,12.5,0.0,0.0,0.0,36.0,27.0,31.5,36.0,3.88,12.3,0.03,0.0,0.0,57,31,44.0
0.31,0,1,7.5,0.0,0.0,0.0,56.0,25.0,40.5,33.0,3.63,10.51,0.31,0.0,0.0,41,25,33.0
0.09,0,1,5.5,0.0,0.0,0.0,12.0,1.0,6.5,10.0,1.79,13.2,0.09,1.2,0.0,23,1,12.0
0.02,0,1,9.5,0.0,0.0,8.0,44.0,27.0,35.5,27.0,1.62,13.87,0.02,0.3,5.0,35,17,26.0
0.02,0,1,7.0,0.0,0.0,4.0,60.0,40.0,50.0,42.0,1.99,7.83,0.02,0.0,0.0,47,39,43.0
0.01,0,1,5.0,0.0,0.0,0.0,34.0,21.0,27.5,25.0,2.1,11.18,0.01,0.1,0.0,42,23,32.5
0.6,0,1,2.5,0.0,0.0,0.0,49.0,32.0,40.5,36.0,2.13,13.42,0.6,0.0,0.0,41,35,38.0
0.2,0,1,4.0,0.0,0.0,0.0,33.0,25.0,29.0,29.0,1.51,9.4,0.2,0.0,0.0,40,26,33.0
0.03,0,1,5.0,0.0,0.0,0.0,37.0,17.0,27.0,26.0,1.4,4.92,0.03,0.0,0.0,44,20,32.0
0.17,0,1,4.0,0.0,0.0,0.0,32.0,17.0,24.5,27.0,1.27,10.51,0.17,1.5,0.0,37,20,28.5
0.02,0,1,1.5,0.0,0.0,0.0,41.0,29.0,35.0,40.0,1.7,14.76,0.02,0.0,0.0,42,31,36.5
0.09,0,1,3.5,0.0,0.0,0.0,41.0,24.0,32.5,30.0,1.84,4.7,0.09,0.0,0.0,50,22,36.0
0.62,0,1,2.0,0.0,0.0,0.0,70.0,57.0,63.5,60.0,2.2,14.99,0.62,0.0,0.0,77,54,65.5
0.15,0,1,1.0,0.0,0.0,0.0,59.0,33.0,46.0,50.0,2.31,8.05,0.15,0.0,0.0,56,34,45.0
0.02,0,1,4.5,0.0,0.0,0.0,77.0,57.0,67.0,67.0,2.72,8.05,0.02,0.0,0.0,80,45,62.5
0.01,0,1,12.5,0.0,0.0,0.0,80.0,40.0,60.0,43.0,2.91,16.55,0.01,0.0,0.0,54,41,47.5
0.03,0,1,2.5,0.0,0.0,0.0,71.0,50.0,60.5,59.0,4.8,9.17,0.03,0.0,0.0,76,50,63.0
0.1,0,1,3.0,0.0,0.0,0.0,75.0,49.0,62.0,58.0,8.61,10.29,0.1,0.0,0.0,70,48,59.0
0.01,0,1,2.0,0.0,0.0,0.0,75.0,53.0,64.0,61.0,11.27,9.4,0.01,0.0,0.0,76,56,66.0
0.39,0,1,6.5,0.0,0.0,0.0,74.0,56.0,65.0,67.0,12.31,10.29,0.39,0.0,0.0,86,57,71.5
0.02,0,1,1.0,0.0,0.0,0.0,90.0,65.0,77.5,77.0,13.46,6.93,0.02,0.0,0.0,92,61,76.5
0.24,0,1,3.5,0.0,0.0,0.0,95.0,67.0,81.0,80.0,14.42,6.49,0.24,0.0,0.0,89,66,77.5
0.02,0,1,1.5,0.0,0.0,0.0,87.0,65.0,76.0,79.0,16.2,6.71,0.02,0.0,0.0,88,67,77.5
0.02,0,1,4.0,0.0,0.0,0.0,82.0,66.0,74.0,80.0,16.6,6.71,0.02,0.0,0.0,89,67,78.0
0.01,0,1,4.5,0.0,0.0,0.0,88.0,68.0,78.0,76.0,16.23,14.76,0.01,0.0,0.0,80,67,73.5
0.02,0,1,1.5,0.0,0.0,0.0,94.0,72.0,83.0,75.0,19.21,8.05,0.02,0.0,0.0,90,73,81.5
0.6,0,1,4.5,0.0,0.0,0.0,84.0,62.0,73.0,77.0,22.5,6.93,0.6,0.0,0.0,92,63,77.5
0.03,0,1,2.0,0.0,0.0,0.0,82.0,61.0,71.5,74.0,22.76,6.71,0.03,0.0,0.0,83,64,73.5
0.49,0,1,8.5,0.0,0.0,0.0,103.0,75.0,89.0,82.0,22.83,7.83,0.49,0.0,0.0,89,72,80.5
0.2,0,1,3.0,0.0,0.0,0.0,91.0,63.0,77.0,79.0,22.96,7.38,0.2,0.0,0.0,95,65,80.0
0.02,0,1,5.5,0.0,0.0,0.0,98.0,71.0,84.5,75.0,23.08,6.49,0.02,0.0,0.0,90,68,79.0
0.18,0,1,4.5,0.0,0.0,0.0,89.0,64.0,76.5,72.0,23.06,7.38,0.18,0.0,0.0,77,67,72.0
0.25,0,1,3.0,0.0,0.0,0.0,82.0,65.0,73.5,73.0,22.6,9.17,0.25,0.0,0.0,84,69,76.5
0.07,0,1,3.5,0.0,0.0,0.0,84.0,64.0,74.0,70.0,21.46,4.47,0.07,0.0,0.0,88,67,77.5
0.01,0,1,1.0,0.0,0.0,0.0,91.0,72.0,81.5,75.0,21.56,10.07,0.01,0.0,0.0,94,71,82.5
0.34,0,1,2.5,0.0,0.0,0.0,76.0,53.0,64.5,62.0,21.17,9.17,0.34,0.0,0.0,70,54,62.0
0.13,0,1,3.0,0.0,0.0,0.0,69.0,59.0,64.0,63.0,19.57,5.82,0.13,0.0,0.0,71,63,67.0
0.59,0,1,2.0,0.0,0.0,0.0,75.0,52.0,63.5,60.0,18.8,11.41,0.59,0.0,0.0,73,50,61.5
0.94,0,1,1.5,0.0,0.0,0.0,80.0,55.0,67.5,60.0,17.59,8.72,0.94,0.0,0.0,84,54,69.0
0.05,0,1,8.5,0.0,0.0,0.0,61.0,38.0,49.5,52.0,15.2,8.5,0.05,0.0,0.0,75,41,58.0
0.08,0,1,7.0,0.0,0.0,0.0,61.0,45.0,53.0,57.0,14.14,6.26,0.08,0.0,0.0,54,38,46.0
0.18,0,1,3.5,0.0,0.0,0.0,57.0,30.0,43.5,35.0,13.93,8.5,0.18,0.0,0.0,48,32,40.0
0.09,0,1,3.0,0.0,0.0,0.0,65.0,48.0,56.5,57.0,12.43,6.71,0.09,0.0,0.0,57,50,53.5
0.3,0,1,4.5,0.0,0.0,0.0,71.0,46.0,58.5,54.0,11.65,8.5,0.3,0.0,0.0,62,46,54.0
0.08,0,1,1.0,0.0,0.0,0.0,63.0,44.0,53.5,55.0,11.08,7.61,0.08,0.0,0.0,62,47,54.5
0.31,0,1,2.5,0.0,0.0,0.0,60.0,43.0,51.5,53.0,10.41,14.32,0.31,0.0,0.0,65,43,54.0
0.1,0,1,2.5,0.0,0.0,0.0,52.0,30.0,41.0,41.0,9.96,7.38,0.1,0.0,0.0,49,28,38.5
0.06,0,1,4.0,0.0,0.0,0.0,20.0,12.0,16.0,16.0,7.24,8.28,0.06,0.7,1.0,27,13,20.0
0.07,0,1,5.5,0.0,0.0,1.0,24.0,15.0,19.5,22.0,5.68,7.83,0.07,1.1,0.0,30,20,25.0
0.4,0,1,3.5,0.0,0.0,3.0,23.0,1.0,12.0,22.0,5.03,8.28,0.4,6.7,1.0,28,3,15.5
0.09,0,1,2.0,0.0,0.0,10.0,28.0,12.0,20.0,21.0,4.81,12.75,0.09,0.6,6.0,32,12,22.0
0.28,0,1,2.5,0.0,0.0,4.0,46.0,32.0,39.0,36.0,3.94,4.03,0.28,0.0,1.0,39,34,36.5
0.33,0,1,1.0,0.0,0.0,0.0,39.0,30.0,34.5,37.0,2.76,9.62,0.33,0.3,0.0,38,33,35.5
0.03,0,1,3.0,0.0,0.0,0.0,38.0,27.0,32.5,34.0,2.62,9.17,0.03,0.0,0.0,45,26,35.5
0.05,0,1,0.5,0.0,0.0,0.0,38.0,21.0,29.5,29.0,3.45,6.26,0.05,0.0,0.0,38,20,29.0
0.78,0,1,4.0,0.0,0.0,0.0,55.0,31.0,43.0,33.0,2.95,10.07,0.78,4.1,0.0,46,32,39.0
0.48,0,1,1.5,0.0,0.0,0.0,51.0,37.0,44.0,41.0,3.03,9.4,0.48,0.0,0.0,49,36,42.5
0.02,0,1,1.0,0.0,0.0,0.0,34.0,19.0,26.5,20.0,2.39,10.51,0.02,0.5,0.0,30,21,25.5
0.06,0,1,2.5,0.0,0.0,0.0,40.0,26.0,33.0,31.0,2.09,8.5,0.06,1.2,0.0,35,26,30.5
0.1,0,1,2.5,0.0,0.0,0.0,56.0,23.0,39.5,36.0,2.07,10.74,0.1,0.0,0.0,42,32,37.0
0.3,0,1,0.5,0.0,0.0,0.0,39.0,20.0,29.5,29.0,1.79,6.04,0.3,2.6,0.0,34,26,30.0
0.06,0,1,1.0,0.0,0.0,0.0,44.0,28.0,36.0,35.0,2.31,13.42,0.06,1.5,0.0,38,32,35.0
0.05,0,1,2.5,0.0,0.0,0.0,50.0,28.0,39.0,38.0,2.47,6.49,0.05,0.5,0.0,42,31,36.5
0.12,0,1,0.5,0.0,0.0,0.0,50.0,24.0,37.0,38.0,2.54,8.95,0.12,0.0,0.0,50,25,37.5
0.68,0,1,6.5,0.0,0.0,0.0,48.0,38.0,43.0,40.0,2.87,10.51,0.68,0.0,0.0,60,39,49.5
0.01,0,1,1.0,0.0,0.0,0.0,72.0,49.0,60.5,61.0,3.7,15.43,0.01,0.0,0.0,75,48,61.5
0.05,0,1,2.5,0.0,0.0,0.0,76.0,51.0,63.5,58.0,4.06,8.5,0.05,0.0,0.0,80,52,66.0
0.31,0,1,1.5,0.0,0.0,0.0,62.0,47.0,54.5,49.0,5.21,15.21,0.31,0.0,0.0,61,51,56.0
0.11,0,1,0.0,0.0,0.0,0.0,73.0,55.0,64.0,63.0,6.42,4.7,0.11,0.0,0.0,74,54,64.0
0.01,0,1,4.5,0.0,0.0,0.0,58.0,46.0,52.0,53.0,6.69,6.49,0.01,0.0,0.0,65,48,56.5
0.16,0,1,3.0,0.0,0.0,0.0,64.0,48.0,56.0,60.0,6.69,7.61,0.16,0.0,0.0,73,45,59.0
0.38,0,1,3.5,0.0,0.0,0.0,75.0,47.0,61.0,63.0,7.73,10.51,0.38,0.0,0.0,80,49,64.5
0.14,0,1,3.5,0.0,0.0,0.0,93.0,73.0,83.0,79.0,11.38,7.83,0.14,0.0,0.0,91,68,79.5
0.08,0,1,7.5,0.0,0.0,0.0,81.0,56.0,68.5,60.0,13.65,13.42,0.08,0.0,0.0,68,54,61.0
0.04,0,1,5.5,0.0,0.0,0.0,70.0,50.0,60.0,63.0,13.19,4.47,0.04,0.0,0.0,79,52,65.5
0.01,0,1,4.5,0.0,0.0,0.0,80.0,57.0,68.5,73.0,18.53,7.38,0.01,0.0,0.0,84,62,73.0
0.45,0,1,2.0,0.0,0.0,0.0,96.0,75.0,85.5,85.0,20.94,10.96,0.45,0.0,0.0,95,72,83.5
0.01,0,1,4.5,0.0,0.0,0.0,81.0,63.0,72.0,73.0,20.84,6.93,0.01,0.0,0.0,88,65,76.5
0.01,0,1,6.5,0.0,0.0,0.0,79.0,62.0,70.5,76.0,21.44,10.51,0.01,0.0,0.0,88,66,77.0
0.06,0,1,3.5,0.0,0.0,0.0,93.0,72.0,82.5,74.0,21.82,6.71,0.06,0.0,0.0,86,72,79.0
0.1,0,1,0.5,0.0,0.0,0.0,92.0,74.0,83.0,79.0,23.03,6.71,0.1,0.0,0.0,90,77,83.5
0.26,0,1,2.5,0.0,0.0,0.0,100.0,79.0,89.5,82.0,23.31,11.18,0.26,0.0,0.0,97,77,87.0
0.01,0,1,1.0,0.0,0.0,0.0,85.0,66.0,75.5,73.0,22.94,5.37,0.01,0.0,0.0,84,69,76.5
0.6,0,1,2.5,0.0,0.0,0.0,76.0,66.0,71.0,71.0,21.2,11.63,0.6,0.0,0.0,73,64,68.5
0.2,0,1,0.0,0.0,0.0,0.0,76.0,55.0,65.5,60.0,20.81,4.92,0.2,0.0,0.0,78,53,65.5
0.3,0,1,0.5,0.0,0.0,0.0,80.0,62.0,71.0,68.0,18.87,8.95,0.3,0.0,0.0,82,59,70.5
0.02,0,1,8.0,0.0,0.0,0.0,73.0,45.0,59.0,52.0,18.14,10.74,0.02,0.0,0.0,55,47,51.0
0.07,0,1,3.5,0.0,0.0,0.0,67.0,50.0,58.5,55.0,14.7,8.5,0.07,0.0,0.0,58,52,55.0
0.01,0,1,2.0,0.0,0.0,0.0,52.0,27.0,39.5,32.0,11.65,7.38,0.01,0.0,0.0,52,31,41.5
0.5,0,1,10.0,0.0,0.0,0.0,56.0,28.0,42.0,53.0,11.63,12.3,0.5,0.0,0.0,56,48,52.0
0.3,0,1,1.5,0.0,0.0,0.0,58.0,50.0,54.0,55.0,11.2,7.61,0.3,0.0,0.0,63,42,52.5
0.01,0,1,1.5,0.0,0.0,0.0,43.0,34.0,38.5,42.0,10.22,11.41,0.01,0.0,0.0,41,33,37.0
0.52,0,1,4.5,0.0,0.0,0.0,52.0,28.0,40.0,46.0,10.14,10.74,0.52,0.0,0.0,46,43,44.5
1.34,0,1,13.5,0.0,0.0,0.0,69.0,43.0,56.0,46.0,8.76,17.22,1.34,0.0,0.0,48,37,42.5
0.02,0,1,1.5,0.0,0.0,0.0,42.0,35.0,38.5,40.0,8.05,6.71,0.02,0.0,0.0,44,36,40.0
0.01,0,1,2.5,0.0,0.0,0.0,45.0,33.0,39.0,36.0,7.48,11.41,0.01,0.0,0.0,44,29,36.5
0.03,0,1,1.0,0.0,0.0,0.0,63.0,54.0,58.5,57.0,7.3,15.21,0.03,0.0,0.0,61,54,57.5
0.05,0,1,6.5,0.0,0.0,4.0,43.0,26.0,34.5,41.0,5.27,8.72,0.05,0.0,0.0,45,37,41.0
0.01,0,1,2.5,0.0,0.0,0.0,47.0,33.0,40.0,45.0,5.25,13.65,0.01,0.0,0.0,50,35,42.5
0.21,0,1,3.0,0.0,0.0,0.0,46.0,24.0,35.0,30.0,5.15,4.47,0.21,0.0,0.0,40,24,32.0
0.66,0,1,3.0,0.0,0.0,0.0,50.0,35.0,42.5,43.0,4.93,17.45,0.66,0.0,0.0,52,39,45.5
0.05,0,1,1.0,0.0,0.0,0.0,42.0,28.0,35.0,32.0,4.73,8.72,0.05,0.0,0.0,41,27,34.0
0.02,0,1,10.5,0.0,0.0,0.0,38.0,21.0,29.5,38.0,4.53,19.01,0.02,0.0,0.0,45,35,40.0
0.43,0,1,1.5,0.0,0.0,0.0,32.0,28.0,30.0,31.0,4.05,10.74,0.43,0.0,0.0,33,30,31.5
0.08,0,1,7.0,0.0,0.0,2.0,29.0,12.0,20.5,28.0,1.84,8.28,0.08,0.8,1.0,29,26,27.5
0.02,0,1,6.0,0.0,0.0,1.0,31.0,12.0,21.5,12.0,2.42,13.2,0.02,0.4,1.0,24,7,15.5
0.01,0,1,0.5,0.0,0.0,1.0,26.0,9.0,17.5,17.0,2.25,10.96,0.01,0.5,1.0,25,9,17.0
0.11,0,1,3.0,0.0,0.0,1.0,7.0,-8.0,-0.5,1.0,1.46,6.04,0.11,2.1,0.0,10,-5,2.5
0.43,0,1,3.0,0.0,0.0,0.0,33.0,19.0,26.0,27.0,1.05,19.91,0.43,2.0,0.0,32,26,29.0
0.01,0,1,1.5,0.0,0.0,3.0,38.0,28.0,33.0,32.0,0.97,12.08,0.01,0.0,2.0,35,28,31.5
0.05,0,1,5.0,0.0,0.5,3.0,35.0,15.0,25.0,19.0,0.65,9.17,0.05,0.7,0.0,24,16,20.0
0.28,0,1,10.5,0.0,0.0,2.0,41.0,22.0,31.5,41.0,0.7,7.38,0.28,0.0,0.0,56,28,42.0
0.16,0,1,14.5,0.0,0.0,0.0,74.0,51.0,62.5,58.0,1.27,14.76,0.16,0.1,0.0,61,35,48.0
0.04,0,1,2.5,0.0,0.0,0.0,61.0,40.0,50.5,43.0,2.38,7.16,0.04,0.0,0.0,52,44,48.0
0.51,0,1,8.5,0.0,0.0,0.0,51.0,40.0,45.5,46.0,2.69,11.18,0.51,0.0,0.0,63,45,54.0
0.3,0,1,1.0,0.0,0.0,0.0,72.0,42.0,57.0,53.0,3.78,10.29,0.3,0.0,0.0,68,44,56.0
0.15,0,1,5.5,0.0,0.0,0.0,73.0,43.0,58.0,62.0,4.34,11.41,0.15,0.0,0.0,82,45,63.5
0.38,0,1,9.5,0.0,0.0,0.0,90.0,66.0,78.0,74.0,5.88,12.3,0.38,0.0,0.0,80,57,68.5
0.02,0,1,1.5,0.0,0.0,0.0,88.0,66.0,77.0,73.0,7.83,17.22,0.02,0.0,0.0,88,63,75.5
0.01,0,1,6.5,0.0,0.0,0.0,88.0,68.0,78.0,74.0,10.45,9.84,0.01,0.0,0.0,78,65,71.5
0.28,0,1,1.5,0.0,0.0,0.0,86.0,69.0,77.5,79.0,16.96,15.21,0.28,0.0,0.0,89,69,79.0
0.01,0,1,6.0,0.0,0.0,0.0,85.0,65.0,75.0,72.0,15.99,10.74,0.01,0.0,0.0,77,61,69.0
0.16,0,1,6.0,0.0,0.0,0.0,85.0,65.0,75.0,80.0,18.1,7.16,0.16,0.0,0.0,92,70,81.0
0.4,0,1,4.5,0.0,0.0,0.0,76.0,58.0,67.0,70.0,17.68,7.38,0.4,0.0,0.0,83,60,71.5
0.3,0,1,1.0,0.0,0.0,0.0,96.0,70.0,83.0,80.0,18.99,8.72,0.3,0.0,0.0,94,70,82.0
0.39,0,1,2.5,0.0,0.0,0.0,82.0,60.0,71.0,73.0,18.6,5.14,0.39,0.0,0.0,82,65,73.5
0.03,0,1,1.5,0.0,0.0,0.0,85.0,57.0,71.0,72.0,22.45,6.04,0.03,0.0,0.0,81,64,72.5
0.26,0,1,3.0,0.0,0.0,0.0,91.0,65.0,78.0,76.0,22.44,4.92,0.26,0.0,0.0,88,74,81.0
0.06,0,1,1.5,0.0,0.0,0.0,93.0,70.0,81.5,78.0,22.67,6.93,0.06,0.0,0.0,87,73,80.0
0.23,0,1,1.0,0.0,0.0,0.0,87.0,66.0,76.5,72.0,22.24,5.82,0.23,0.0,0.0,80,71,75.5
0.09,0,1,4.5,0.0,0.0,0.0,79.0,57.0,68.0,65.0,21.76,8.05,0.09,0.0,0.0,68,59,63.5
0.18,0,1,4.5,0.0,0.0,0.0,92.0,72.0,82.0,77.0,21.47,12.08,0.18,0.0,0.0,82,73,77.5
0.36,0,1,6.0,0.0,0.0,0.0,78.0,62.0,70.0,67.0,20.47,8.95,0.36,0.0,0.0,74,54,64.0
0.27,0,1,8.0,0.0,0.0,0.0,92.0,72.0,82.0,76.0,17.53,10.51,0.27,0.0,0.0,85,63,74.0
0.14,0,1,6.0,0.0,0.0,0.0,79.0,51.0,65.0,64.0,17.04,14.54,0.14,0.0,0.0,83,59,71.0
0.16,0,1,12.0,0.0,0.0,0.0,80.0,57.0,68.5,58.0,14.32,9.17,0.16,0.0,0.0,67,46,56.5
0.33,0,1,8.5,0.0,0.0,0.0,57.0,44.0,50.5,52.0,13.57,6.93,0.33,0.0,0.0,65,53,59.0
0.01,0,1,1.0,0.0,0.0,0.0,56.0,32.0,44.0,46.0,11.77,9.17,0.01,0.0,0.0,53,37,45.0
0.04,0,1,4.5,0.0,0.0,0.0,42.0,29.0,35.5,40.0,9.19,8.72,0.04,0.0,0.0,46,34,40.0
0.3,0,1,1.0,0.0,0.0,0.0,55.0,43.0,49.0,46.0,8.52,8.5,0.3,0.0,0.0,55,45,50.0
0.63,0,1,0.5,0.0,0.0,0.0,32.0,20.0,26.0,26.0,6.44,12.3,0.63,0.6,0.0,34,19,26.5
0.23,0,1,2.5,0.0,0.0,0.0,30.0,20.0,25.0,26.0,5.95,5.37,0.23,3.4,0.0,33,22,27.5
0.04,0,1,2.5,0.0,0.0,7.0,31.0,11.0,21.0,16.0,5.38,7.61,0.04,0.0,3.0,24,13,18.5
0.06,0,1,1.5,0.0,0.0,5.0,39.0,19.0,29.0,31.0,4.15,9.4,0.06,0.0,3.0,38,23,30.5
0.03,0,1,3.5,0.0,0.0,2.0,27.0,19.0,23.0,24.0,3.59,6.49,0.03,0.3,1.0,35,18,26.5
0.03,0,1,4.5,0.0,0.0,0.0,61.0,46.0,53.5,58.0,3.15,15.21,0.03,0.0,0.0,65,51,58.0
0.3,0,1,1.5,0.0,0.0,0.0,42.0,31.0,36.5,37.0,3.1,9.17,0.3,0.0,0.0,44,32,38.0
0.02,0,1,8.0,0.0,0.0,0.0,34.0,24.0,29.0,25.0,3.32,12.97,0.02,0.6,0.0,27,15,21.0
0.08,0,1,11.5,0.0,0.0,0.0,42.0,26.0,34.0,34.0,3.06,14.99,0.08,0.2,0.0,33,12,22.5
0.04,0,1,3.5,0.0,0.0,3.0,21.0,5.0,13.0,7.0,2.22,7.16,0.04,0.7,2.0,14,5,9.5
0.03,0,1,2.5,0.0,0.0,2.0,14.0,-4.0,5.0,4.0,2.15,7.61,0.03,0.6,2.0,20,-5,7.5
0.02,0,1,4.5,0.0,0.0,3.0,42.0,13.0,27.5,42.0,1.51,19.91,0.02,0.0,2.0,44,20,32.0
0.16,0,1,0.5,0.0,0.0,7.0,31.0,25.0,28.0,27.0,1.43,7.83,0.16,3.1,5.0,32,25,28.5
0.01,0,1,6.0,0.0,0.0,0.0,24.0,2.0,13.0,15.0,0.99,6.49,0.01,0.0,5.0,33,5,19.0
0.46,0,1,1.0,0.0,0.0,5.0,41.0,22.0,31.5,34.0,0.87,7.61,0.46,3.5,0.0,34,31,32.5
0.02,0,1,3.0,0.0,0.0,8.0,28.0,0.0,14.0,15.0,0.85,6.71,0.02,0.5,3.0,26,8,17.0
0.07,0,1,11.0,0.0,0.0,5.0,43.0,24.0,33.5,43.0,0.85,13.65,0.07,0.0,1.0,57,32,44.5
0.01,0,1,2.0,0.0,0.0,2.0,28.0,15.0,21.5,21.0,0.87,8.28,0.01,0.3,0.0,25,14,19.5
0.02,0,1,2.0,0.0,0.0,0.0,37.0,28.0,32.5,35.0,0.85,12.08,0.02,0.0,0.0,39,30,34.5
0.58,0,1,4.0,0.0,0.0,0.0,42.0,29.0,35.5,30.0,1.11,15.43,0.58,4.8,1.0,34,29,31.5
0.03,0,1,1.0,0.0,0.0,0.0,42.0,34.0,38.0,37.0,1.33,8.05,0.03,0.0,0.0,42,36,39.0
0.19,0,1,3.5,0.0,0.0,0.0,52.0,29.0,40.5,38.0,1.41,9.17,0.19,0.0,0.0,53,35,44.0
0.01,0,1,6.5,0.0,0.0,0.0,61.0,47.0,54.0,49.0,1.59,11.63,0.01,0.0,0.0,53,42,47.5
0.61,0,1,2.5,0.0,0.0,0.0,51.0,39.0,45.0,42.0,2.15,8.5,0.61,0.0,0.0,45,40,42.5
0.07,0,1,5.5,0.0,0.0,0.0,71.0,46.0,58.5,60.0,3.86,16.55,0.07,0.0,0.0,74,54,64.0
0.41,0,1,5.0,0.0,0.0,0.0,56.0,35.0,45.5,46.0,3.72,7.61,0.41,0.0,0.0,46,35,40.5
1.28,0,1,2.0,0.0,0.0,0.0,74.0,55.0,64.5,66.0,4.06,15.21,1.28,0.0,0.0,74,51,62.5
0.76,0,1,6.0,0.0,0.0,0.0,78.0,53.0,65.5,63.0,4.76,12.3,0.76,0.0,0.0,70,49,59.5
0.08,0,1,9.0,0.0,0.0,0.0,56.0,39.0,47.5,56.0,4.99,15.88,0.08,0.0,0.0,73,40,56.5
0.12,0,1,3.0,0.0,0.0,0.0,75.0,56.0,65.5,62.0,5.59,14.76,0.12,0.0,0.0,73,52,62.5
0.01,0,1,6.5,0.0,0.0,0.0,58.0,38.0,48.0,54.0,6.89,4.25,0.01,0.0,0.0,67,42,54.5
0.52,0,1,5.5,0.0,0.0,0.0,83.0,52.0,67.5,57.0,8.32,9.17,0.52,0.0,0.0,69,55,62.0
0.11,0,1,1.5,0.0,0.0,0.0,88.0,69.0,78.5,78.0,9.02,13.2,0.11,0.0,0.0,85,69,77.0
0.09,0,1,3.5,0.0,0.0,0.0,79.0,54.0,66.5,67.0,12.74,7.83,0.09,0.0,0.0,82,58,70.0
0.08,0,1,0.5,0.0,0.0,0.0,80.0,64.0,72.0,70.0,14.33,9.4,0.08,0.0,0.0,79,66,72.5
0.04,0,1,3.0,0.0,0.0,0.0,84.0,69.0,76.5,74.0,15.38,13.2,0.04,0.0,0.0,83,64,73.5
0.2,0,1,0.0,0.0,0.0,0.0,85.0,65.0,75.0,73.0,15.81,13.2,0.2,0.0,0.0,87,63,75.0
0.03,0,1,0.5,0.0,0.0,0.0,87.0,70.0,78.5,76.0,16.76,11.86,0.03,0.0,0.0,87,71,79.0
0.04,0,1,3.0,0.0,0.0,0.0,92.0,74.0,83.0,80.0,18.83,5.37,0.04,0.0,0.0,86,74,80.0
0.05,0,1,5.0,0.0,0.0,0.0,82.0,61.0,71.5,71.0,20.57,7.83,0.05,0.0,0.0,88,65,76.5
0.14,0,1,1.5,0.0,0.0,0.0,90.0,68.0,79.0,76.0,21.07,5.82,0.14,0.0,0.0,89,72,80.5
0.06,0,1,2.5,0.0,0.0,0.0,77.0,63.0,70.0,66.0,20.45,4.7,0.06,0.0,0.0,79,66,72.5
0.06,0,1,1.5,0.0,0.0,0.0,79.0,61.0,70.0,69.0,20.76,6.71,0.06,0.0,0.0,80,63,71.5
0.01,0,1,1.0,0.0,0.0,0.0,72.0,53.0,62.5,59.0,20.17,5.37,0.01,0.0,0.0,74,53,63.5
1.23,0,1,6.0,0.0,0.0,0.0,76.0,55.0,65.5,62.0,19.69,6.26,1.23,0.0,0.0,67,52,59.5
0.37,0,1,3.5,0.0,0.0,0.0,79.0,56.0,67.5,71.0,19.03,6.71,0.37,0.0,0.0,73,69,71.0
0.2,0,1,1.0,0.0,0.0,0.0,83.0,58.0,70.5,65.0,18.25,4.7,0.2,0.0,0.0,82,57,69.5
0.82,0,1,5.0,0.0,0.0,0.0,70.0,58.0,64.0,58.0,18.06,4.92,0.82,0.0,0.0,64,54,59.0
0.06,0,1,1.0,0.0,0.0,0.0,62.0,38.0,50.0,43.0,15.9,6.71,0.06,0.0,0.0,61,41,51.0
0.8,0,1,2.5,0.0,0.0,0.0,68.0,56.0,62.0,59.0,15.56,11.41,0.8,0.0,0.0,63,56,59.5
0.3,0,1,1.0,0.0,0.0,0.0,63.0,49.0,56.0,59.0,14.85,6.26,0.3,0.0,0.0,63,47,55.0
0.18,0,1,4.5,0.0,0.0,0.0,62.0,45.0,53.5,50.0,13.93,7.61,0.18,0.0,0.0,55,43,49.0
0.29,0,1,1.0,0.0,0.0,0.0,40.0,23.0,31.5,30.0,10.18,8.5,0.29,0.0,0.0,38,23,30.5
0.01,0,1,2.5,0.0,0.0,0.0,42.0,29.0,35.5,30.0,8.92,10.29,0.01,0.1,0.0,37,29,33.0
0.67,0,1,0.5,0.0,0.0,0.0,46.0,25.0,35.5,39.0,6.41,12.08,0.67,0.3,0.0,39,33,36.0
0.09,0,1,0.5,0.0,0.0,1.0,37.0,22.0,29.5,36.0,5.88,13.2,0.09,1.0,2.0,38,20,29.0
0.02,0,1,4.5,0.0,0.0,3.0,29.0,7.0,18.0,29.0,5.45,17.22,0.02,2.1,2.0,32,13,22.5
0.02,0,1,12.5,0.0,0.0,3.0,23.0,6.0,14.5,23.0,4.93,7.61,0.02,0.0,2.0,38,16,27.0
0.19,0,1,7.5,0.0,0.0,3.0,33.0,10.0,21.5,33.0,3.96,19.24,0.19,0.0,0.0,39,19,29.0
0.31,0,1,4.5,0.0,0.0,0.0,14.0,5.0,9.5,9.0,3.18,4.7,0.31,4.8,0.0,22,6,14.0
0.06,0,1,0.0,0.0,0.0,4.0,23.0,3.0,13.0,6.0,2.64,3.13,0.06,0.3,3.0,23,3,13.0
0.02,0,1,2.0,0.0,0.0,0.0,44.0,24.0,34.0,28.0,2.33,10.51,0.02,0.2,0.0,40,24,32.0
0.01,0,1,4.0,0.0,0.0,0.0,30.0,15.0,22.5,30.0,2.06,11.63,0.01,0.0,0.0,36,17,26.5
0.04,0,1,1.5,0.0,0.0,0.0,31.0,12.0,21.5,29.0,1.89,6.04,0.04,1.2,0.0,30,16,23.0
0.1,0,1,6.0,0.0,0.0,9.0,20.0,0.0,10.0,8.0,1.33,7.38,0.1,1.5,8.0,29,3,16.0
0.12,0,1,5.0,0.0,0.0,0.0,45.0,24.0,34.5,34.0,1.08,10.96,0.12,0.0,0.0,53,26,39.5
0.04,0,1,0.5,0.0,0.0,0.0,39.0,23.0,31.0,29.0,1.06,5.59,0.04,0.1,0.0,36,25,30.5
0.01,0,1,10.5,0.0,0.0,2.0,41.0,27.0,34.0,40.0,0.73,10.74,0.01,0.0,0.0,54,35,44.5
0.04,0,1,2.5,0.0,0.0,0.0,52.0,37.0,44.5,38.0,1.13,19.01,0.04,0.0,0.0,56,38,47.0
0.44,0,1,7.5,0.0,0.0,0.0,45.0,30.0,37.5,45.0,1.54,15.21,0.44,0.0,0.0,53,37,45.0
0.14,0,1,0.5,0.0,0.0,0.0,54.0,34.0,44.0,44.0,1.6,10.74,0.14,0.0,0.0,50,37,43.5
0.29,0,1,0.5,0.0,0.0,0.0,46.0,37.0,41.5,39.0,1.97,14.32,0.29,0.0,0.0,46,36,41.0
0.32,0,1,3.5,0.0,0.0,0.0,64.0,33.0,48.5,46.0,3.36,12.53,0.32,0.0,0.0,67,37,52.0
0.84,0,1,7.0,0.0,0.0,0.0,86.0,46.0,66.0,70.0,4.41,17.0,0.84,0.0,0.0,77,41,59.0
0.67,0,1,5.5,0.0,0.0,0.0,67.0,48.0,57.5,60.0,4.41,8.05,0.67,0.0,0.0,75,51,63.0
0.02,0,1,0.0,0.0,0.0,0.0,78.0,52.0,65.0,63.0,4.77,6.04,0.02,0.0,0.0,77,53,65.0
0.04,0,1,4.5,0.0,0.0,0.0,62.0,50.0,56.0,57.0,6.82,10.74,0.04,0.0,0.0,67,54,60.5
0.02,0,1,8.5,0.0,0.0,0.0,81.0,50.0,65.5,55.0,7.98,7.61,0.02,0.0,0.0,63,51,57.0
0.01,0,1,2.5,0.0,0.0,0.0,65.0,51.0,58.0,52.0,9.05,8.72,0.01,0.0,0.0,67,54,60.5
0.01,0,1,0.0,0.0,0.0,0.0,65.0,52.0,58.5,59.0,9.55,10.29,0.01,0.0,0.0,64,53,58.5
1.23,0,1,1.0,0.0,0.0,0.0,78.0,50.0,64.0,67.0,12.73,11.86,1.23,0.0,0.0,71,59,65.0
0.01,0,1,1.0,0.0,0.0,0.0,89.0,67.0,78.0,73.0,16.1,3.8,0.01,0.0,0.0,84,70,77.0
0.04,0,1,4.0,0.0,0.0,0.0,91.0,70.0,80.5,87.0,18.78,5.82,0.04,0.0,0.0,94,75,84.5
0.3,0,1,5.0,0.0,0.0,0.0,82.0,59.0,70.5,69.0,17.68,6.93,0.3,0.0,0.0,89,62,75.5
0.2,0,1,0.0,0.0,0.0,0.0,74.0,54.0,64.0,65.0,16.39,3.8,0.2,0.0,0.0,69,59,64.0
0.06,0,1,3.0,0.0,0.0,0.0,73.0,59.0,66.0,64.0,16.73,6.93,0.06,0.0,0.0,65,61,63.0
0.08,0,1,2.5,0.0,0.0,0.0,79.0,61.0,70.0,70.0,17.19,4.92,0.08,0.0,0.0,82,63,72.5
0.04,0,1,2.5,0.0,0.0,0.0,75.0,58.0,66.5,69.0,17.55,5.82,0.04,0.0,0.0,80,58,69.0
0.01,0,1,0.5,0.0,0.0,0.0,86.0,65.0,75.5,73.0,18.65,8.05,0.01,0.0,0.0,84,66,75.0
0.07,0,1,4.5,0.0,0.0,0.0,81.0,61.0,71.0,72.0,18.48,12.3,0.07,0.0,0.0,84,67,75.5
0.33,0,1,0.0,0.0,0.0,0.0,81.0,57.0,69.0,69.0,18.85,7.83,0.33,0.0,0.0,74,64,69.0
0.18,0,1,2.0,0.0,0.0,0.0,93.0,71.0,82.0,82.0,19.48,12.97,0.18,0.0,0.0,91,77,84.0
0.63,0,1,0.5,0.0,0.0,0.0,90.0,67.0,78.5,78.0,20.02,10.29,0.63,0.0,0.0,88,70,79.0
0.35,0,1,0.0,0.0,0.0,0.0,86.0,56.0,71.0,65.0,19.54,8.72,0.35,0.0,0.0,83,59,71.0
0.02,0,1,1.0,0.0,0.0,0.0,68.0,55.0,61.5,58.0,18.28,11.86,0.02,0.0,0.0,69,56,62.5
0.75,0,1,0.0,0.0,0.0,0.0,75.0,52.0,63.5,60.0,19.37,7.83,0.75,0.0,0.0,73,54,63.5
0.16,0,1,2.0,0.0,0.0,0.0,72.0,62.0,67.0,65.0,18.93,7.38,0.16,0.0,0.0,70,60,65.0
0.89,0,1,0.0,0.0,0.0,0.0,60.0,40.0,50.0,48.0,15.87,9.62,0.89,0.0,0.0,59,41,50.0
0.12,0,1,4.5,0.0,0.0,0.0,61.0,46.0,53.5,49.0,13.03,4.92,0.12,0.0,0.0,53,45,49.0
0.03,0,1,3.5,0.0,0.0,0.0,49.0,34.0,41.5,46.0,11.71,11.41,0.03,0.0,0.0,48,42,45.0
0.03,0,1,0.5,0.0,0.0,0.0,65.0,44.0,54.5,52.0,10.98,5.37,0.03,0.0,0.0,62,48,55.0
0.6,0,1,1.5,0.0,0.0,0.0,58.0,46.0,52.0,54.0,10.17,12.75,0.6,0.0,0.0,60,47,53.5
0.01,0,1,3.0,0.0,0.0,0.0,55.0,40.0,47.5,49.0,9.57,10.51,0.01,0.0,0.0,59,42,50.5
0.05,0,1,0.5,0.0,0.0,0.0,49.0,43.0,46.0,45.0,8.85,15.88,0.05,0.0,0.0,47,44,45.5
0.64,0,1,1.5,0.0,0.0,0.0,49.0,38.0,43.5,46.0,8.49,8.28,0.64,0.0,0.0,50,40,45.0
0.02,0,1,4.5,0.0,0.0,0.0,55.0,31.0,43.0,40.0,8.03,7.61,0.02,0.0,0.0,44,33,38.5
0.01,0,1,8.5,0.0,0.0,2.0,25.0,10.0,17.5,25.0,5.63,11.86,0.01,0.0,2.0,36,16,26.0
0.02,0,1,3.0,0.0,0.0,1.0,38.0,33.0,35.5,37.0,5.45,9.4,0.02,0.0,0.0,38,27,32.5
0.01,0,1,1.5,0.0,0.0,1.0,33.0,24.0,28.5,26.0,4.54,4.92,0.01,0.0,2.0,29,25,27.0
0.02,0,1,2.5,0.0,0.0,3.0,29.0,12.0,20.5,25.0,3.92,8.28,0.02,1.1,2.0,31,15,23.0
0.01,0,1,3.0,0.0,0.0,3.0,26.0,10.0,18.0,16.0,2.07,5.37,0.01,0.1,2.0,20,10,15.0
0.01,0,1,3.5,0.0,0.0,4.0,40.0,24.0,32.0,32.0,1.88,14.99,0.01,0.0,2.0,33,24,28.5
0.02,0,1,3.0,0.0,0.0,0.0,34.0,25.0,29.5,34.0,1.15,14.99,0.02,0.2,1.0,35,30,32.5
0.36,0,1,0.0,0.0,0.0,6.0,38.0,31.0,34.5,34.0,1.16,7.61,0.36,2.0,2.0,36,33,34.5
0.03,0,1,4.5,0.0,0.0,5.0,43.0,20.0,31.5,32.0,1.46,3.8,0.03,0.0,0.0,46,26,36.0
0.01,0,1,3.5,0.0,0.0,3.0,46.0,30.0,38.0,33.0,1.52,6.49,0.01,0.0,0.0,51,32,41.5
0.01,0,1,8.5,0.0,0.0,0.0,37.0,27.0,32.0,37.0,2.26,9.4,0.01,0.0,0.0,50,31,40.5
0.01,0,1,5.0,0.0,0.0,0.0,61.0,43.0,52.0,55.0,4.24,11.41,0.01,0.0,0.0,70,44,57.0
0.07,0,1,8.0,0.0,0.0,0.0,53.0,35.0,44.0,49.0,4.76,7.83,0.07,0.0,0.0,63,41,52.0
0.06,0,1,4.0,0.0,0.0,0.0,79.0,56.0,67.5,68.0,5.98,18.12,0.06,0.0,0.0,81,62,71.5
0.01,0,1,5.5,0.0,0.0,0.0,74.0,46.0,60.0,53.0,6.24,9.17,0.01,0.0,0.0,63,46,54.5
0.01,0,1,1.0,0.0,0.0,0.0,63.0,47.0,55.0,51.0,8.05,9.84,0.01,0.0,0.0,58,50,54.0
0.05,0,1,1.5,0.0,0.0,0.0,74.0,44.0,59.0,60.0,9.77,7.83,0.05,0.0,0.0,74,47,60.5
0.26,0,1,6.0,0.0,0.0,0.0,92.0,67.0,79.5,79.0,14.51,4.7,0.26,0.0,0.0,81,66,73.5
0.15,0,1,5.0,0.0,0.0,0.0,85.0,64.0,74.5,72.0,13.84,7.83,0.15,0.0,0.0,79,60,69.5
0.02,0,1,10.5,0.0,0.0,0.0,73.0,59.0,66.0,71.0,14.05,10.51,0.02,0.0,0.0,89,64,76.5
0.22,0,1,5.5,0.0,0.0,0.0,79.0,62.0,70.5,70.0,17.44,8.5,0.22,0.0,0.0,85,67,76.0
0.79,0,1,2.5,0.0,0.0,0.0,91.0,65.0,78.0,77.0,20.9,7.83,0.79,0.0,0.0,85,66,75.5
0.01,0,1,1.5,0.0,0.0,0.0,92.0,72.0,82.0,78.0,21.63,10.07,0.01,0.0,0.0,90,71,80.5
0.01,0,1,1.0,0.0,0.0,0.0,93.0,69.0,81.0,77.0,21.78,9.62,0.01,0.0,0.0,92,72,82.0
0.01,0,1,3.5,0.0,0.0,0.0,94.0,66.0,80.0,74.0,21.87,4.92,0.01,0.0,0.0,84,69,76.5
0.01,0,1,2.0,0.0,0.0,0.0,89.0,66.0,77.5,76.0,22.5,11.86,0.01,0.0,0.0,90,69,79.5
0.08,0,1,0.0,0.0,0.0,0.0,86.0,70.0,78.0,73.0,23.39,9.84,0.08,0.0,0.0,87,69,78.0
0.25,0,1,2.5,0.0,0.0,0.0,89.0,71.0,80.0,81.0,24.2,7.61,0.25,0.0,0.0,92,73,82.5
0.03,0,1,1.0,0.0,0.0,0.0,82.0,63.0,72.5,70.0,23.27,6.04,0.03,0.0,0.0,79,64,71.5
0.03,0,1,5.0,0.0,0.0,0.0,88.0,65.0,76.5,78.0,22.78,11.18,0.03,0.0,0.0,92,71,81.5
0.16,0,1,10.0,0.0,0.0,0.0,80.0,62.0,71.0,69.0,17.86,11.41,0.16,0.0,0.0,69,53,61.0
0.08,0,1,3.5,0.0,0.0,0.0,71.0,43.0,57.0,68.0,16.08,6.26,0.08,0.0,0.0,73,48,60.5
0.26,0,1,7.5,0.0,0.0,0.0,74.0,43.0,58.5,50.0,15.96,15.43,0.26,0.0,0.0,57,45,51.0
0.1,0,1,5.5,0.0,0.0,0.0,72.0,52.0,62.0,60.0,15.59,8.5,0.1,0.0,0.0,66,47,56.5
0.02,0,1,5.5,0.0,0.0,0.0,56.0,30.0,43.0,37.0,14.07,6.49,0.02,0.0,0.0,64,33,48.5
0.1,0,1,8.5,0.0,0.0,0.0,65.0,37.0,51.0,61.0,13.88,11.41,0.1,0.0,0.0,65,54,59.5
0.01,0,1,1.0,0.0,0.0,0.0,53.0,30.0,41.5,40.0,10.91,8.05,0.01,0.0,0.0,54,31,42.5
0.01,0,1,3.0,0.0,0.0,0.0,56.0,39.0,47.5,46.0,10.74,14.76,0.01,0.0,0.0,51,38,44.5
0.34,0,1,0.5,0.0,0.0,0.0,66.0,46.0,56.0,60.0,10.35,6.71,0.34,0.0,0.0,67,46,56.5
0.13,0,1,1.5,0.0,0.0,0.0,38.0,24.0,31.0,35.0,8.3,15.21,0.13,0.0,0.0,40,25,32.5
0.51,0,1,2.5,0.0,0.0,0.0,47.0,30.0,38.5,41.0,7.5,12.75,0.51,0.0,0.0,49,33,41.0
0.03,0,1,1.0,0.0,0.0,5.0,28.0,8.0,18.0,24.0,5.72,10.29,0.03,0.8,3.0,29,5,17.0
0.45,0,1,1.0,0.0,0.0,5.0,41.0,21.0,31.0,35.0,5.33,10.51,0.45,0.3,3.0,36,24,30.0
0.01,0,1,6.5,0.0,0.0,3.0,26.0,8.0,17.0,25.0,4.16,5.59,0.01,0.7,1.0,27,20,23.5
0.2,0,1,0.0,0.0,0.0,3.0,27.0,6.0,16.5,25.0,4.23,6.71,0.2,3.0,1.0,27,6,16.5
0.2,0,1,1.0,0.0,0.0,5.0,35.0,26.0,30.5,28.0,4.12,5.82,0.2,1.9,3.0,32,27,29.5
0.01,0,1,2.0,0.0,0.0,10.0,32.0,17.0,24.5,21.0,3.88,9.84,0.01,0.0,6.0,36,9,22.5
0.02,0,1,5.5,0.0,0.0,0.0,30.0,15.0,22.5,16.0,3.42,10.96,0.02,0.6,0.0,22,12,17.0
0.31,0,1,6.0,0.0,0.0,3.0,25.0,13.0,19.0,23.0,2.66,12.08,0.31,0.9,2.0,32,18,25.0
0.01,0,1,0.5,0.0,0.0,4.0,20.0,3.0,11.5,7.0,2.26,9.17,0.01,0.3,0.0,20,4,12.0
0.09,0,1,4.5,0.0,0.0,4.0,33.0,22.0,27.5,23.0,1.8,15.43,0.09,1.0,2.0,26,20,23.0
0.95,0,1,1.0,0.0,0.0,0.0,36.0,26.0,31.0,36.0,1.91,11.18,0.95,0.0,0.0,36,28,32.0
0.11,0,1,2.0,0.0,0.0,1.0,29.0,24.0,26.5,26.0,1.55,9.17,0.11,0.3,0.0,33,24,28.5
0.01,0,1,5.5,0.0,0.0,0.0,39.0,27.0,33.0,36.0,1.73,8.95,0.01,0.0,0.0,45,32,38.5
0.32,0,1,9.5,0.0,0.0,0.0,45.0,33.0,39.0,44.0,1.92,11.41,0.32,0.0,0.0,57,40,48.5
0.18,0,1,2.5,0.0,0.0,0.0,44.0,24.0,34.0,39.0,2.11,6.71,0.18,0.0,0.0,45,28,36.5
0.34,0,1,4.0,0.0,0.0,0.0,44.0,36.0,40.0,40.0,3.12,18.34,0.34,0.0,0.0,51,37,44.0
0.03,0,1,3.5,0.0,0.0,0.0,45.0,30.0,37.5,39.0,3.18,8.05,0.03,0.0,0.0,50,32,41.0
0.34,0,1,2.5,0.0,0.0,0.0,53.0,41.0,47.0,46.0,3.48,10.51,0.34,0.0,0.0,54,45,49.5
0.06,0,1,2.5,0.0,0.0,0.0,57.0,36.0,46.5,52.0,4.25,11.41,0.06,0.0,0.0,63,35,49.0
0.13,0,1,5.5,0.0,0.0,0.0,80.0,59.0,69.5,73.0,5.48,6.71,0.13,0.0,0.0,87,63,75.0
0.02,0,1,12.0,0.0,0.0,0.0,89.0,59.0,74.0,70.0,5.66,10.96,0.02,0.0,0.0,77,47,62.0
0.01,0,1,4.5,0.0,0.0,0.0,70.0,46.0,58.0,58.0,6.81,8.05,0.01,0.0,0.0,75,50,62.5
0.11,0,1,10.0,0.0,0.0,0.0,82.0,51.0,66.5,54.0,6.88,12.3,0.11,0.0,0.0,66,47,56.5
0.08,0,1,4.5,0.0,0.0,0.0,91.0,72.0,81.5,80.0,8.68,13.2,0.08,0.0,0.0,85,69,77.0
0.02,0,1,4.5,0.0,0.0,0.0,83.0,51.0,67.0,68.0,8.34,9.4,0.02,0.0,0.0,69,56,62.5
0.01,0,1,12.0,0.0,0.0,0.0,68.0,50.0,59.0,65.0,8.93,11.41,0.01,0.0,0.0,87,55,71.0
0.17,0,1,6.5,0.0,0.0,0.0,97.0,77.0,87.0,82.0,11.26,13.42,0.17,0.0,0.0,95,66,80.5
0.01,0,1,3.0,0.0,0.0,0.0,77.0,62.0,69.5,66.0,13.97,12.75,0.01,0.0,0.0,71,62,66.5
0.03,0,1,4.5,0.0,0.0,0.0,78.0,59.0,68.5,75.0,15.4,10.74,0.03,0.0,0.0,81,65,73.0
0.39,0,1,6.5,0.0,0.0,0.0,94.0,78.0,86.0,83.0,19.49,8.5,0.39,0.0,0.0,88,71,79.5
0.71,0,1,5.0,0.0,0.0,0.0,81.0,67.0,74.0,71.0,22.12,9.62,0.71,0.0,0.0,90,68,79.0
0.43,0,1,0.5,0.0,0.0,0.0,92.0,76.0,84.0,83.0,23.04,9.17,0.43,0.0,0.0,93,74,83.5
1.11,0,1,0.0,0.0,0.0,0.0,84.0,62.0,73.0,72.0,22.02,3.36,1.11,0.0,0.0,80,66,73.0
0.65,0,1,3.5,0.0,0.0,0.0,81.0,61.0,71.0,69.0,21.74,9.84,0.65,0.0,0.0,73,62,67.5
0.04,0,1,0.5,0.0,0.0,0.0,78.0,58.0,68.0,66.0,21.38,6.26,0.04,0.0,0.0,76,61,68.5
0.02,0,1,3.0,0.0,0.0,0.0,92.0,72.0,82.0,74.0,21.41,6.26,0.02,0.0,0.0,89,69,79.0
0.02,0,1,2.5,0.0,0.0,0.0,75.0,62.0,68.5,66.0,19.48,8.28,0.02,0.0,0.0,72,60,66.0
0.08,0,1,9.5,0.0,0.0,0.0,74.0,50.0,62.0,55.0,18.87,7.38,0.08,0.0,0.0,58,47,52.5
0.28,0,1,5.5,0.0,0.0,0.0,77.0,52.0,64.5,66.0,14.62,6.93,0.28,0.0,0.0,66,52,59.0
0.02,0,1,6.5,0.0,0.0,0.0,63.0,43.0,53.0,58.0,10.82,11.86,0.02,0.0,0.0,74,45,59.5
0.17,0,1,2.0,0.0,0.0,0.0,56.0,30.0,43.0,45.0,10.37,11.18,0.17,0.0,0.0,57,33,45.0
0.01,0,1,3.0,0.0,0.0,0.0,65.0,42.0,53.5,53.0,10.37,12.08,0.01,0.0,0.0,65,48,56.5
0.04,0,1,0.5,0.0,0.0,0.0,60.0,50.0,55.0,53.0,10.0,3.58,0.04,0.0,0.0,58,51,54.5
0.01,0,1,11.0,0.0,0.0,0.0,63.0,32.0,47.5,35.0,9.34,10.51,0.01,0.0,0.0,41,32,36.5
0.01,0,1,8.5,0.0,0.0,0.0,70.0,36.0,53.0,45.0,9.0,4.03,0.01,0.0,0.0,53,36,44.5
0.24,0,1,2.0,0.0,0.0,0.0,47.0,40.0,43.5,43.0,8.1,11.41,0.24,0.0,0.0,43,40,41.5
1.01,0,1,0.5,0.0,0.0,0.0,57.0,43.0,50.0,52.0,7.78,11.18,1.01,0.0,0.0,56,45,50.5
0.09,0,1,3.0,0.0,0.0,0.0,47.0,30.0,38.5,41.0,6.14,4.03,0.09,0.0,0.0,45,38,41.5
0.06,0,1,0.0,0.0,0.0,0.0,45.0,23.0,34.0,31.0,5.47,11.41,0.06,0.0,0.0,45,23,34.0
0.35,0,1,10.5,0.0,0.0,0.0,50.0,27.0,38.5,34.0,4.63,11.63,0.35,4.7,0.0,37,19,28.0
0.04,0,1,10.5,0.0,0.0,5.0,35.0,19.0,27.0,35.0,4.11,9.62,0.04,0.0,4.0,45,30,37.5
0.01,0,1,3.5,0.0,0.0,2.0,15.0,11.0,13.0,15.0,3.82,12.75,0.01,0.1,0.0,28,5,16.5
0.54,0,1,6.0,0.0,0.0,2.0,15.0,2.0,8.5,12.0,3.56,4.92,0.54,5.4,0.0,24,5,14.5
0.32,0,1,10.5,0.0,0.0,6.0,25.0,10.0,17.5,25.0,3.4,12.75,0.32,0.0,4.0,40,16,28.0
0.04,0,1,4.0,0.0,0.0,0.0,37.0,32.0,34.5,34.0,3.57,8.72,0.04,0.2,0.0,43,34,38.5
0.01,0,1,0.5,0.0,0.0,0.0,36.0,28.0,32.0,36.0,3.35,12.08,0.01,0.0,0.0,36,29,32.5
0.19,0,1,4.5,0.0,0.0,0.0,38.0,21.0,29.5,34.0,3.13,14.76,0.19,1.5,0.0,36,14,25.0
0.03,0,1,0.5,0.0,0.0,0.0,36.0,16.0,26.0,23.0,2.91,8.5,0.03,0.3,0.0,36,15,25.5
0.16,0,1,3.0,0.0,0.0,0.0,37.0,30.0,33.5,34.0,3.04,8.72,0.16,0.0,0.0,43,30,36.5
0.01,0,1,0.0,0.0,0.0,0.0,41.0,32.0,36.5,35.0,2.91,6.04,0.01,0.1,0.0,44,29,36.5
0.11,0,1,3.5,0.0,0.0,1.0,38.0,22.0,30.0,35.0,2.77,8.72,0.11,0.0,0.0,44,23,33.5
0.19,0,1,0.0,0.0,0.0,0.0,40.0,34.0,37.0,38.0,2.93,14.09,0.19,0.0,0.0,40,34,37.0
0.03,0,1,2.5,0.0,0.0,0.0,82.0,62.0,72.0,68.0,6.36,10.51,0.03,0.0,0.0,78,61,69.5
0.16,0,1,3.5,0.0,0.0,0.0,81.0,55.0,68.0,60.0,6.8,6.26,0.16,0.0,0.0,83,60,71.5
0.16,0,1,4.5,0.0,0.0,0.0,64.0,48.0,56.0,55.0,5.09,8.28,0.16,0.0,0.0,67,54,60.5
0.01,0,1,11.0,0.0,0.0,0.0,52.0,38.0,45.0,51.0,5.33,10.51,0.01,0.0,0.0,73,39,56.0
0.1,0,1,1.5,0.0,0.0,0.0,65.0,45.0,55.0,51.0,5.67,6.71,0.1,0.0,0.0,61,46,53.5
0.01,0,1,0.5,0.0,0.0,0.0,55.0,35.0,45.0,42.0,5.63,10.51,0.01,0.0,0.0,54,35,44.5
1.34,0,1,4.0,0.0,0.0,0.0,82.0,62.0,72.0,73.0,6.9,12.08,1.34,0.0,0.0,86,66,76.0
0.06,0,1,5.0,0.0,0.0,0.0,70.0,47.0,58.5,51.0,7.77,7.61,0.06,0.0,0.0,60,47,53.5
0.03,0,1,6.0,0.0,0.0,0.0,79.0,55.0,67.0,55.0,8.59,9.4,0.03,0.0,0.0,69,53,61.0
0.05,0,1,6.0,0.0,0.0,0.0,78.0,53.0,65.5,67.0,9.16,12.53,0.05,0.0,0.0,86,57,71.5
0.31,0,1,5.5,0.0,0.0,0.0,90.0,62.0,76.0,75.0,15.83,11.41,0.31,0.0,0.0,94,69,81.5
0.01,0,1,8.0,0.0,0.0,0.0,95.0,76.0,85.5,79.0,17.15,9.84,0.01,0.0,0.0,85,70,77.5
0.37,0,1,1.5,0.0,0.0,0.0,90.0,71.0,80.5,77.0,23.75,6.04,0.37,0.0,0.0,93,71,82.0
0.39,0,1,7.5,0.0,0.0,0.0,87.0,66.0,76.5,72.0,21.32,10.74,0.39,0.0,0.0,76,62,69.0
0.28,0,1,2.5,0.0,0.0,0.0,79.0,53.0,66.0,55.0,21.52,11.63,0.28,0.0,0.0,73,54,63.5
0.26,0,1,4.5,0.0,0.0,0.0,73.0,51.0,62.0,60.0,19.91,8.95,0.26,0.0,0.0,78,55,66.5
0.17,0,1,5.0,0.0,0.0,0.0,60.0,37.0,48.5,48.0,14.83,16.78,0.17,0.0,0.0,65,42,53.5
0.02,0,1,9.5,0.0,0.0,0.0,51.0,32.0,41.5,44.0,13.7,14.99,0.02,0.0,0.0,67,35,51.0
0.51,0,1,4.5,0.0,0.0,0.0,69.0,44.0,56.5,57.0,12.55,17.67,0.51,0.0,0.0,68,54,61.0
0.81,0,1,5.5,0.0,0.0,0.0,65.0,38.0,51.5,57.0,12.29,6.49,0.81,0.0,0.0,65,49,57.0
0.13,0,1,11.5,0.0,0.0,0.0,80.0,63.0,71.5,66.0,12.33,17.67,0.13,0.0,0.0,75,45,60.0
0.13,0,1,2.5,0.0,0.0,0.0,46.0,30.0,38.0,38.0,9.29,6.71,0.13,0.0,0.0,42,29,35.5
0.22,0,1,9.0,0.0,0.0,0.0,57.0,41.0,49.0,55.0,9.22,11.86,0.22,0.0,0.0,66,50,58.0
0.01,0,1,2.0,0.0,0.0,0.0,58.0,33.0,45.5,44.0,8.87,6.93,0.01,0.0,0.0,59,36,47.5
0.27,0,1,4.0,0.0,0.0,0.0,58.0,39.0,48.5,51.0,8.67,17.22,0.27,0.0,0.0,63,42,52.5
0.08,0,1,2.0,0.0,0.0,0.0,40.0,31.0,35.5,32.0,6.15,8.5,0.08,0.0,0.0,43,32,37.5
0.01,0,1,0.5,0.0,0.0,0.0,34.0,25.0,29.5,27.0,5.57,9.4,0.01,0.1,0.0,33,25,29.0
0.03,0,1,1.5,0.0,0.0,2.0,37.0,17.0,27.0,25.0,4.77,9.62,0.03,0.4,0.0,39,18,28.5
0.63,0,1,2.0,0.0,0.0,0.0,49.0,22.0,35.5,33.0,4.64,8.5,0.63,0.0,0.0,45,22,33.5
0.01,0,1,10.0,0.0,0.0,0.0,13.0,0.0,6.5,13.0,3.69,12.75,0.01,0.4,0.0,23,10,16.5
0.58,0,1,9.5,0.0,0.0,1.0,29.0,12.0,20.5,27.0,3.34,14.32,0.58,0.1,0.0,37,23,30.0
0.02,0,1,2.5,0.0,0.0,1.0,19.0,0.0,9.5,13.0,2.77,12.53,0.02,0.5,0.0,14,0,7.0
0.29,0,1,10.5,0.0,0.0,7.0,37.0,21.0,29.0,36.0,2.4,16.33,0.29,0.0,3.0,49,30,39.5
0.29,0,1,15.0,0.0,0.0,0.0,36.0,13.0,24.5,36.0,2.28,17.22,0.29,0.0,0.0,52,27,39.5
0.07,0,1,7.5,0.0,0.0,0.0,26.0,10.0,18.0,26.0,2.24,12.3,0.07,0.8,0.0,32,19,25.5
0.45,0,1,0.0,0.0,0.0,2.0,41.0,27.0,34.0,35.0,2.05,18.34,0.45,4.8,0.0,36,32,34.0
0.04,0,1,4.0,0.0,0.0,6.0,41.0,25.0,33.0,34.0,2.0,10.96,0.04,0.0,5.0,44,30,37.0
0.2,0,1,3.5,0.0,0.0,0.0,40.0,24.0,32.0,33.0,1.98,5.82,0.2,0.0,0.0,41,30,35.5
0.01,0,1,2.5,0.0,0.0,0.0,39.0,25.0,32.0,33.0,2.1,18.34,0.01,0.1,0.0,37,32,34.5
0.04,0,1,13.5,0.0,0.0,0.0,45.0,34.0,39.5,43.0,2.5,18.57,0.04,0.0,0.0,70,36,53.0
0.32,0,1,1.5,0.0,0.0,0.0,70.0,48.0,59.0,57.0,6.18,5.82,0.32,0.0,0.0,75,46,60.5
1.09,0,1,3.0,0.0,0.0,0.0,85.0,63.0,74.0,77.0,7.01,13.65,1.09,0.0,0.0,89,65,77.0
0.51,0,1,1.0,0.0,0.0,0.0,82.0,67.0,74.5,76.0,9.21,14.54,0.51,0.0,0.0,83,64,73.5
0.75,0,1,1.5,0.0,0.0,0.0,84.0,62.0,73.0,66.0,11.29,8.05,0.75,0.0,0.0,86,63,74.5
0.03,0,1,3.0,0.0,0.0,0.0,84.0,57.0,70.5,71.0,12.32,8.05,0.03,0.0,0.0,88,59,73.5
0.02,0,1,2.0,0.0,0.0,0.0,68.0,59.0,63.5,62.0,16.94,5.37,0.02,0.0,0.0,72,59,65.5
0.09,0,1,3.0,0.0,0.0,0.0,85.0,69.0,77.0,77.0,22.29,5.14,0.09,0.0,0.0,89,71,80.0
0.04,0,1,1.0,0.0,0.0,0.0,78.0,55.0,66.5,64.0,19.12,4.7,0.04,0.0,0.0,74,57,65.5
0.07,0,1,2.0,0.0,0.0,0.0,74.0,55.0,64.5,65.0,19.48,7.61,0.07,0.0,0.0,75,58,66.5
0.01,0,1,1.5,0.0,0.0,0.0,88.0,67.0,77.5,74.0,20.69,8.95,0.01,0.0,0.0,90,68,79.0
0.01,0,1,5.5,0.0,0.0,0.0,84.0,58.0,71.0,72.0,20.42,6.93,0.01,0.0,0.0,88,65,76.5
0.55,0,1,8.0,0.0,0.0,0.0,70.0,55.0,62.5,64.0,18.55,8.95,0.55,0.0,0.0,81,60,70.5
0.2,0,1,4.5,0.0,0.0,0.0,78.0,52.0,65.0,60.0,17.8,12.75,0.2,0.0,0.0,84,55,69.5
0.07,0,1,0.0,0.0,0.0,0.0,64.0,49.0,56.5,56.0,16.06,10.51,0.07,0.0,0.0,64,49,56.5
0.55,0,1,6.5,0.0,0.0,0.0,53.0,40.0,46.5,44.0,11.18,7.61,0.55,0.0,0.0,63,43,53.0
0.04,0,1,1.0,0.0,0.0,0.0,58.0,45.0,51.5,53.0,10.23,10.74,0.04,0.0,0.0,55,50,52.5
0.29,0,1,8.0,0.0,0.0,0.0,50.0,38.0,44.0,47.0,8.71,12.75,0.29,0.4,0.0,47,25,36.0
0.01,0,1,0.5,0.0,0.0,0.0,50.0,37.0,43.5,40.0,8.12,10.29,0.01,0.0,0.0,50,38,44.0
0.15,0,1,2.0,0.0,0.0,0.0,41.0,28.0,34.5,37.0,7.5,10.51,0.15,0.0,0.0,45,28,36.5
0.03,0,1,6.0,0.0,0.0,0.0,28.0,13.0,20.5,28.0,6.81,12.53,0.03,0.5,0.0,31,22,26.5
0.07,0,1,3.5,0.0,0.0,0.0,41.0,25.0,33.0,29.0,5.73,7.38,0.07,0.0,0.0,44,29,36.5
0.24,0,1,5.5,0.0,0.0,0.0,22.0,8.0,15.0,22.0,5.12,8.72,0.24,3.1,0.0,26,15,20.5
0.01,0,1,11.0,0.0,0.0,4.0,20.0,3.0,11.5,12.0,4.04,6.04,0.01,0.2,2.0,32,13,22.5
0.05,0,1,5.5,0.0,0.0,7.0,16.0,1.0,8.5,6.0,3.79,5.59,0.05,0.7,5.1,21,7,14.0
0.06,0,1,9.0,0.0,0.0,5.0,36.0,18.0,27.0,27.0,3.54,6.93,0.06,0.0,3.1,39,33,36.0
0.01,0,1,16.0,0.0,0.0,4.0,50.0,33.0,41.5,34.0,3.34,11.63,0.01,0.0,0.0,40,11,25.5
0.04,0,1,10.0,0.0,0.0,3.0,35.0,-1.0,17.0,0.0,3.34,7.38,0.04,0.5,0.0,13,1,7.0
0.26,0,1,13.5,0.0,0.0,7.0,25.0,-2.0,11.5,25.0,2.88,14.32,0.26,3.0,7.1,31,19,25.0
0.01,0,1,10.0,0.0,0.0,7.0,16.0,-13.0,1.5,0.0,1.89,5.59,0.01,0.3,9.1,27,-4,11.5
0.01,0,1,8.0,0.0,0.0,6.0,48.0,25.0,36.5,32.0,2.12,15.21,0.01,0.0,0.0,35,22,28.5
0.01,0,1,6.0,0.0,0.0,4.0,27.0,14.0,20.5,27.0,2.09,16.33,0.01,0.3,0.0,34,19,26.5
0.18,0,1,3.0,0.0,0.0,9.0,37.0,17.0,27.0,29.0,1.81,11.63,0.18,3.4,1.2,35,13,24.0
0.02,0,1,9.0,0.0,0.0,9.0,11.0,-7.0,2.0,5.0,1.28,20.13,0.02,0.4,3.9,28,-6,11.0
0.01,0,1,1.0,0.0,0.0,9.0,32.0,15.0,23.5,16.0,0.91,5.59,0.01,0.2,3.1,28,17,22.5
0.08,0,1,1.0,0.0,0.0,14.0,26.0,3.0,14.5,13.0,0.68,6.93,0.08,1.3,5.9,24,7,15.5
0.07,0,1,4.5,0.0,0.0,0.0,14.0,-2.0,6.0,11.0,0.5,4.92,0.07,2.5,11.0,16,5,10.5
0.04,0,1,0.5,0.0,0.0,13.0,23.0,3.0,13.0,7.0,0.2,7.38,0.04,0.7,9.1,24,3,13.5
0.35,0,1,5.0,0.0,0.0,16.0,27.0,14.0,20.5,19.0,0.45,14.54,0.35,5.0,9.1,28,23,25.5
0.02,0,1,9.5,0.0,0.0,11.0,50.0,28.0,39.0,28.0,0.2,10.51,0.02,0.3,2.0,38,21,29.5
0.14,0,1,3.5,0.0,0.0,0.0,55.0,36.0,45.5,38.0,0.27,9.17,0.14,0.4,0.0,50,34,42.0
0.04,0,1,1.5,0.0,0.0,0.0,45.0,29.0,37.0,32.0,0.39,7.61,0.04,0.7,0.0,47,30,38.5
0.2,0,1,15.0,0.0,0.0,0.0,40.0,19.0,29.5,35.0,0.52,17.45,0.2,0.0,0.0,55,34,44.5
0.02,0,1,2.5,0.0,0.0,0.0,55.0,34.0,44.5,39.0,1.68,8.72,0.02,0.0,0.0,51,33,42.0
0.05,0,1,2.5,0.0,0.0,0.0,54.0,39.0,46.5,46.0,2.52,13.2,0.05,0.0,0.0,55,43,49.0
0.1,0,1,10.5,0.0,0.0,0.0,72.0,47.0,59.5,71.0,3.08,14.32,0.1,0.0,0.0,89,51,70.0
0.12,0,1,4.5,0.0,0.0,0.0,76.0,48.0,62.0,67.0,3.43,8.95,0.12,0.0,0.0,81,52,66.5
0.82,0,1,10.0,0.0,0.0,0.0,70.0,57.0,63.5,66.0,4.94,11.18,0.82,0.0,0.0,85,62,73.5
0.14,0,1,5.0,0.0,0.0,0.0,90.0,71.0,80.5,75.0,7.99,14.54,0.14,0.0,0.0,83,68,75.5
0.08,0,1,6.0,0.0,0.0,0.0,78.0,51.0,64.5,65.0,8.05,7.61,0.08,0.0,0.0,84,57,70.5
1.26,0,1,3.5,0.0,0.0,0.0,65.0,50.0,57.5,55.0,7.88,10.29,1.26,0.0,0.0,66,56,61.0
0.12,0,1,7.5,0.0,0.0,0.0,81.0,60.0,70.5,64.0,13.35,9.62,0.12,0.0,0.0,70,56,63.0
0.01,0,1,1.0,0.0,0.0,0.0,87.0,70.0,78.5,75.0,17.4,11.86,0.01,0.0,0.0,90,69,79.5
0.02,0,1,1.0,0.0,0.0,0.0,80.0,70.0,75.0,74.0,16.42,14.99,0.02,0.0,0.0,87,65,76.0
0.01,0,1,8.0,0.0,0.0,0.0,69.0,54.0,61.5,64.0,15.96,9.62,0.01,0.0,0.0,81,58,69.5
2.76,0,1,3.5,0.0,0.0,0.0,85.0,62.0,73.5,72.0,18.45,7.61,2.76,0.0,0.0,87,67,77.0
0.34,0,1,0.5,0.0,0.0,0.0,85.0,70.0,77.5,73.0,19.62,4.92,0.34,0.0,0.0,86,68,77.0
0.01,0,1,3.0,0.0,0.0,0.0,82.0,71.0,76.5,79.0,19.85,6.71,0.01,0.0,0.0,88,71,79.5
0.01,0,1,2.0,0.0,0.0,0.0,78.0,60.0,69.0,67.0,19.45,7.61,0.01,0.0,0.0,79,63,71.0
0.13,0,1,0.5,0.0,0.0,0.0,52.0,48.0,50.0,52.0,17.82,12.53,0.13,0.0,0.0,55,44,49.5
0.12,0,1,5.0,0.0,0.0,0.0,74.0,56.0,65.0,64.0,16.04,10.07,0.12,0.0,0.0,77,63,70.0
0.01,0,1,5.0,0.0,0.0,0.0,74.0,52.0,63.0,57.0,16.87,8.95,0.01,0.0,0.0,83,53,68.0
0.01,0,1,3.0,0.0,0.0,0.0,60.0,35.0,47.5,40.0,13.12,9.17,0.01,0.0,0.0,63,38,50.5
0.01,0,1,10.5,0.0,0.0,0.0,62.0,45.0,53.5,47.0,12.23,9.17,0.01,0.0,0.0,50,36,43.0
0.21,0,1,9.5,0.0,0.0,0.0,63.0,45.0,54.0,45.0,8.17,15.21,0.21,0.0,0.0,58,31,44.5
0.04,0,1,1.5,0.0,0.0,0.0,29.0,16.0,22.5,22.0,6.88,5.59,0.04,1.4,0.0,31,17,24.0
0.63,0,1,5.0,0.0,0.0,0.0,53.0,37.0,45.0,50.0,5.67,10.51,0.63,0.0,0.0,52,48,50.0
0.06,0,1,4.0,0.0,0.0,0.0,52.0,44.0,48.0,46.0,4.47,11.41,0.06,0.0,0.0,46,42,44.0
0.32,0,1,0.0,0.0,0.0,0.0,38.0,31.0,34.5,33.0,4.16,11.18,0.32,0.0,0.0,41,28,34.5
0.06,0,1,7.0,0.0,0.0,4.0,4.0,-8.0,-2.0,-2.0,2.49,17.67,0.06,3.0,3.1,18,-8,5.0
0.19,0,1,14.5,0.0,0.0,5.0,25.0,0.0,12.5,24.0,2.23,8.28,0.19,2.6,3.9,32,22,27.0
0.01,0,1,1.0,0.0,0.0,1.0,34.0,17.0,25.5,26.0,1.72,10.96,0.01,0.0,1.2,34,19,26.5
0.01,0,1,0.5,0.0,0.0,0.0,36.0,26.0,31.0,35.0,1.76,13.87,0.01,0.1,1.2,35,28,31.5
0.12,0,1,4.5,0.0,0.0,0.0,29.0,17.0,23.0,29.0,1.09,6.93,0.12,1.3,0.0,36,19,27.5
0.09,0,1,1.0,0.0,0.0,13.0,20.0,6.0,13.0,15.0,1.54,5.37,0.09,1.6,16.9,26,2,14.0
0.01,0,1,2.5,0.0,0.0,8.0,44.0,25.0,34.5,35.0,1.4,9.84,0.01,0.0,9.1,39,25,32.0
0.03,0,1,0.0,0.0,0.0,6.0,15.0,-3.0,6.0,2.0,0.93,9.17,0.03,0.2,5.1,15,-3,6.0
0.01,0,1,7.5,0.0,0.0,7.0,5.0,-9.0,-2.0,5.0,0.59,13.2,0.01,0.2,5.1,18,-7,5.5
0.01,0,1,8.5,0.0,0.0,6.0,17.0,-1.0,8.0,11.0,0.52,15.88,0.01,0.1,5.1,29,4,16.5
0.02,0,1,3.5,0.0,0.0,9.0,17.0,-13.0,2.0,0.0,0.42,5.37,0.02,0.4,9.1,21,-10,5.5
0.02,0,1,7.0,0.0,0.0,0.0,48.0,27.0,37.5,32.0,0.2,10.96,0.02,0.2,0.0,35,26,30.5
0.01,0,1,6.0,0.0,0.0,0.0,34.0,25.0,29.5,33.0,1.27,15.21,0.01,0.0,0.0,47,24,35.5
0.04,0,1,2.0,0.0,0.0,0.0,68.0,32.0,50.0,47.0,1.8,6.71,0.04,0.0,0.0,62,34,48.0
0.46,0,1,10.0,0.0,0.0,0.0,53.0,43.0,48.0,49.0,3.06,9.62,0.46,0.0,0.0,68,48,58.0
0.16,0,1,2.0,0.0,0.0,0.0,54.0,28.0,41.0,44.0,2.89,6.71,0.16,0.0,0.0,57,29,43.0
0.04,0,1,11.0,0.0,0.0,0.0,68.0,45.0,56.5,68.0,5.37,11.41,0.04,0.0,0.0,83,52,67.5
0.04,0,1,0.5,0.0,0.0,0.0,52.0,36.0,44.0,44.0,5.72,8.28,0.04,0.0,0.0,48,39,43.5
0.36,0,1,0.5,0.0,0.0,0.0,78.0,54.0,66.0,65.0,6.21,7.38,0.36,0.0,0.0,72,59,65.5
0.36,0,1,9.5,0.0,0.0,0.0,68.0,49.0,58.5,67.0,8.23,12.08,0.36,0.0,0.0,81,55,68.0
0.27,0,1,9.0,0.0,0.0,0.0,91.0,57.0,74.0,63.0,9.89,8.28,0.27,0.0,0.0,72,58,65.0
0.31,0,1,8.5,0.0,0.0,0.0,63.0,51.0,57.0,59.0,11.23,7.16,0.31,0.0,0.0,78,53,65.5
0.09,0,1,1.0,0.0,0.0,0.0,86.0,65.0,75.5,76.0,12.06,10.51,0.09,0.0,0.0,83,66,74.5
0.02,0,1,4.5,0.0,0.0,0.0,74.0,50.0,62.0,61.0,12.78,3.8,0.02,0.0,0.0,79,54,66.5
0.49,0,1,2.0,0.0,0.0,0.0,83.0,62.0,72.5,75.0,15.5,9.62,0.49,0.0,0.0,85,64,74.5
0.07,0,1,0.0,0.0,0.0,0.0,68.0,53.0,60.5,59.0,15.45,7.61,0.07,0.0,0.0,67,54,60.5
0.03,0,1,1.0,0.0,0.0,0.0,80.0,57.0,68.5,69.0,16.81,5.14,0.03,0.0,0.0,78,61,69.5
0.97,0,1,2.0,0.0,0.0,0.0,73.0,56.0,64.5,65.0,17.16,7.61,0.97,0.0,0.0,75,58,66.5
0.54,0,1,2.0,0.0,0.0,0.0,94.0,72.0,83.0,78.0,18.28,8.28,0.54,0.0,0.0,89,73,81.0
0.53,0,1,1.0,0.0,0.0,0.0,88.0,68.0,78.0,76.0,20.8,13.87,0.53,0.0,0.0,91,67,79.0
0.02,0,1,2.0,0.0,0.0,0.0,81.0,67.0,74.0,73.0,21.12,6.04,0.02,0.0,0.0,84,68,76.0
0.21,0,1,1.0,0.0,0.0,0.0,87.0,68.0,77.5,74.0,21.75,9.84,0.21,0.0,0.0,90,67,78.5
0.12,0,1,5.0,0.0,0.0,0.0,91.0,75.0,83.0,76.0,21.99,7.16,0.12,0.0,0.0,88,68,78.0
0.21,0,1,0.0,0.0,0.0,0.0,74.0,54.0,64.0,63.0,19.72,5.59,0.21,0.0,0.0,74,54,64.0
0.36,0,1,0.5,0.0,0.0,0.0,83.0,64.0,73.5,69.0,18.77,11.41,0.36,0.0,0.0,85,61,73.0
0.4,0,1,7.5,0.0,0.0,0.0,79.0,59.0,69.0,60.0,18.02,14.54,0.4,0.0,0.0,68,55,61.5
0.05,0,1,5.5,0.0,0.0,0.0,68.0,48.0,58.0,56.0,15.16,8.28,0.05,0.0,0.0,77,50,63.5
0.11,0,1,8.0,0.0,0.0,0.0,73.0,42.0,57.5,58.0,13.01,10.07,0.11,0.0,0.0,74,57,65.5
0.16,0,1,4.0,0.0,0.0,0.0,62.0,46.0,54.0,53.0,12.83,11.63,0.16,0.0,0.0,64,52,58.0
0.49,0,1,2.0,0.0,0.0,0.0,61.0,41.0,51.0,53.0,12.39,13.42,0.49,0.0,0.0,56,50,53.0
0.42,0,1,3.0,0.0,0.0,0.0,57.0,36.0,46.5,51.0,10.63,14.32,0.42,0.0,0.0,63,36,49.5
0.12,0,1,7.0,0.0,0.0,0.0,66.0,48.0,57.0,54.0,9.78,12.08,0.12,0.0,0.0,57,43,50.0
0.28,0,1,1.5,0.0,0.0,0.0,44.0,30.0,37.0,35.0,9.03,8.5,0.28,4.2,0.0,40,31,35.5
0.26,0,1,7.0,0.0,0.0,0.0,42.0,26.0,34.0,40.0,7.73,10.74,0.26,0.0,0.0,44,38,41.0
0.03,0,1,10.5,0.0,0.0,0.0,36.0,16.0,26.0,36.0,6.43,16.33,0.03,0.0,0.0,50,23,36.5
0.49,0,1,7.5,0.0,0.0,0.0,49.0,35.0,42.0,49.0,6.32,17.22,0.49,0.0,0.0,59,40,49.5
0.21,0,1,1.0,0.0,0.0,0.0,44.0,33.0,38.5,40.0,5.89,10.07,0.21,0.0,0.0,42,37,39.5
0.01,0,1,6.0,0.0,0.0,2.0,38.0,25.0,31.5,36.0,4.8,7.38,0.01,0.0,1.2,41,34,37.5
0.19,0,1,1.0,0.0,0.0,1.0,42.0,34.0,38.0,38.0,4.81,6.49,0.19,0.0,0.0,42,36,39.0
0.11,0,1,4.0,0.0,0.0,3.0,17.0,-2.0,7.5,0.0,4.43,9.62,0.11,3.1,1.2,24,-1,11.5
0.01,0,1,1.0,0.0,0.0,1.0,46.0,29.0,37.5,40.0,3.98,13.42,0.01,0.0,0.0,43,30,36.5
0.02,0,1,3.0,0.0,0.0,1.0,30.0,13.0,21.5,25.0,2.99,10.51,0.02,0.4,0.0,30,19,24.5
0.13,0,1,5.0,0.0,0.0,1.0,34.0,21.0,27.5,29.0,3.06,10.29,0.13,0.0,0.0,41,24,32.5
0.02,0,1,1.5,0.0,0.0,0.0,49.0,35.0,42.0,39.0,2.99,8.5,0.02,0.0,0.0,48,33,40.5
0.79,0,1,0.5,0.0,0.0,0.0,46.0,25.0,35.5,35.0,2.96,11.41,0.79,0.0,0.0,38,32,35.0
0.1,0,1,2.5,0.0,0.0,1.0,18.0,4.0,11.0,17.0,2.23,11.86,0.1,2.3,0.0,18,9,13.5
0.04,0,1,2.5,0.0,0.0,1.0,30.0,22.0,26.0,27.0,2.35,4.7,0.04,0.4,2.0,33,24,28.5
0.15,0,1,3.5,0.0,0.0,0.0,42.0,33.0,37.5,36.0,2.49,22.82,0.15,1.7,0.0,36,32,34.0
0.08,0,1,4.0,0.0,0.0,0.0,57.0,33.0,45.0,51.0,2.52,19.91,0.08,0.0,0.0,62,36,49.0
0.07,0,1,6.0,0.0,0.0,2.0,35.0,12.0,23.5,27.0,2.31,7.16,0.07,0.8,0.0,39,20,29.5
0.03,0,1,9.5,0.0,0.0,0.0,52.0,36.0,44.0,52.0,3.03,13.42,0.03,0.0,0.0,63,44,53.5
0.14,0,1,6.0,0.0,0.0,0.0,53.0,39.0,46.0,46.0,2.95,12.53,0.14,0.0,0.0,58,46,52.0
0.11,0,1,10.0,0.0,0.0,0.0,61.0,37.0,49.0,38.0,3.15,14.54,0.11,0.0,0.0,42,36,39.0
0.32,0,1,7.0,0.0,0.0,0.0,50.0,35.0,42.5,45.0,3.28,9.62,0.32,0.0,0.0,63,36,49.5
0.13,0,1,6.5,0.0,0.0,0.0,55.0,36.0,45.5,45.0,3.38,16.11,0.13,0.0,0.0,62,42,52.0
0.48,0,1,12.0,0.0,0.0,0.0,54.0,44.0,49.0,50.0,4.52,9.62,0.48,0.0,0.0,71,51,61.0
0.08,0,1,8.5,0.0,0.0,0.0,72.0,52.0,62.0,65.0,4.67,12.53,0.08,0.0,0.0,83,58,70.5
0.47,0,1,2.5,0.0,0.0,0.0,45.0,40.0,42.5,42.0,4.72,14.09,0.47,0.0,0.0,49,41,45.0
0.61,0,1,0.5,0.0,0.0,0.0,49.0,41.0,45.0,45.0,4.86,13.42,0.61,0.0,0.0,48,43,45.5
0.59,0,1,5.0,0.0,0.0,0.0,72.0,46.0,59.0,56.0,5.72,12.97,0.59,0.0,0.0,58,50,54.0
0.95,0,1,1.0,0.0,0.0,0.0,88.0,64.0,76.0,73.0,9.7,9.62,0.95,0.0,0.0,86,64,75.0
0.13,0,1,2.5,0.0,0.0,0.0,86.0,66.0,76.0,70.0,10.79,11.63,0.13,0.0,0.0,81,66,73.5
0.56,0,1,2.0,0.0,0.0,0.0,83.0,59.0,71.0,67.0,12.69,8.28,0.56,0.0,0.0,83,63,73.0
0.41,0,1,2.5,0.0,0.0,0.0,80.0,59.0,69.5,70.0,13.4,6.93,0.41,0.0,0.0,72,62,67.0
0.02,0,1,10.0,0.0,0.0,0.0,68.0,52.0,60.0,62.0,14.3,4.92,0.02,0.0,0.0,86,54,70.0
1.31,0,1,1.5,0.0,0.0,0.0,85.0,61.0,73.0,71.0,16.57,7.83,1.31,0.0,0.0,76,67,71.5
1.05,0,1,2.5,0.0,0.0,0.0,91.0,68.0,79.5,75.0,19.33,5.82,1.05,0.0,0.0,84,70,77.0
0.06,0,1,4.0,0.0,0.0,0.0,92.0,68.0,80.0,79.0,20.14,10.29,0.06,0.0,0.0,84,68,76.0
0.25,0,1,4.0,0.0,0.0,0.0,78.0,58.0,68.0,69.0,20.23,10.96,0.25,0.0,0.0,83,61,72.0
0.05,0,1,2.5,0.0,0.0,0.0,86.0,67.0,76.5,75.0,24.23,6.04,0.05,0.0,0.0,88,70,79.0
0.43,0,1,4.0,0.0,0.0,0.0,81.0,67.0,74.0,71.0,22.41,4.92,0.43,0.0,0.0,86,70,78.0
0.39,0,1,1.5,0.0,0.0,0.0,93.0,73.0,83.0,80.0,22.17,9.84,0.39,0.0,0.0,89,74,81.5
0.01,0,1,8.0,0.0,0.0,0.0,83.0,65.0,74.0,68.0,21.7,10.96,0.01,0.0,0.0,73,59,66.0
0.01,0,1,3.5,0.0,0.0,0.0,77.0,64.0,70.5,69.0,20.84,12.08,0.01,0.0,0.0,83,65,74.0
0.01,0,1,6.0,0.0,0.0,0.0,73.0,63.0,68.0,64.0,20.17,10.51,0.01,0.0,0.0,85,63,74.0
0.02,0,1,0.5,0.0,0.0,0.0,75.0,46.0,60.5,50.0,15.61,3.8,0.02,0.0,0.0,71,49,60.0
0.2,0,1,11.0,0.0,0.0,0.0,73.0,54.0,63.5,62.0,11.7,18.12,0.2,0.0,0.0,66,39,52.5
0.02,0,1,0.5,0.0,0.0,0.0,40.0,25.0,32.5,35.0,10.55,8.72,0.02,0.0,0.0,41,25,33.0
0.05,0,1,3.0,0.0,0.0,0.0,48.0,34.0,41.0,36.0,9.03,10.29,0.05,0.0,0.0,44,32,38.0
0.5,0,1,4.0,0.0,0.0,0.0,39.0,29.0,34.0,35.0,8.57,3.8,0.5,6.4,0.0,33,27,30.0
0.01,0,1,1.5,0.0,0.0,0.0,31.0,13.0,22.0,18.0,7.86,16.55,0.01,0.0,0.0,24,17,20.5
0.12,0,1,2.5,0.0,0.0,0.0,28.0,18.0,23.0,18.0,6.99,8.72,0.12,2.7,0.0,23,18,20.5
0.13,0,1,6.0,0.0,0.0,6.0,15.0,0.0,7.5,15.0,5.3,9.4,0.13,1.2,3.9,20,7,13.5
0.1,0,1,2.0,0.0,0.0,6.0,41.0,25.0,33.0,33.0,4.86,7.83,0.1,0.0,3.1,35,27,31.0
0.11,0,1,1.0,0.0,0.0,0.0,41.0,22.0,31.5,36.0,4.36,6.26,0.11,0.0,0.0,40,25,32.5
0.05,0,1,8.5,0.0,0.0,0.0,43.0,21.0,32.0,21.0,3.22,11.18,0.05,0.2,0.0,28,19,23.5
0.46,0,1,2.5,0.0,0.0,0.0,37.0,30.0,33.5,35.0,3.32,6.71,0.46,0.0,0.0,42,30,36.0
0.01,0,1,5.0,0.0,0.0,0.0,28.0,14.0,21.0,19.0,2.85,10.07,0.01,0.1,0.0,37,15,26.0
0.21,0,1,7.0,0.0,0.0,0.0,68.0,43.0,55.5,48.0,3.07,12.53,0.21,0.0,0.0,59,38,48.5
0.01,0,1,7.0,0.0,0.0,0.0,33.0,23.0,28.0,31.0,2.49,14.54,0.01,0.1,0.0,42,28,35.0
0.05,0,1,4.5,0.0,0.0,0.0,29.0,16.0,22.5,19.0,2.51,6.93,0.05,0.4,0.0,36,18,27.0
0.03,0,1,13.0,0.0,0.0,3.0,43.0,17.0,30.0,35.0,2.49,10.29,0.03,0.0,0.0,50,36,43.0
0.13,0,1,4.0,0.0,0.0,0.0,49.0,34.0,41.5,43.0,2.51,8.28,0.13,0.0,0.0,54,37,45.5
0.02,0,1,9.0,0.0,0.0,0.0,37.0,24.0,30.5,32.0,2.44,12.75,0.02,0.0,0.0,50,29,39.5
0.11,0,1,3.5,0.0,0.0,0.0,45.0,32.0,38.5,35.0,2.7,11.86,0.11,0.0,0.0,49,35,42.0
0.19,0,1,1.5,0.0,0.0,0.0,60.0,43.0,51.5,45.0,3.04,8.5,0.19,0.0,0.0,54,46,50.0
0.01,0,1,5.5,0.0,0.0,0.0,76.0,50.0,63.0,65.0,4.3,9.62,0.01,0.0,0.0,70,45,57.5
1.95,0,1,6.5,0.0,0.0,0.0,57.0,42.0,49.5,43.0,4.93,18.79,1.95,0.0,0.0,46,40,43.0
0.11,0,1,2.5,0.0,0.0,0.0,55.0,42.0,48.5,45.0,5.32,12.53,0.11,0.0,0.0,58,44,51.0
0.87,0,1,5.5,0.0,0.0,0.0,57.0,43.0,50.0,52.0,5.81,7.61,0.87,0.0,0.0,67,44,55.5
0.02,0,1,13.0,0.0,0.0,0.0,61.0,45.0,53.0,57.0,6.8,8.95,0.02,0.0,0.0,82,50,66.0
0.37,0,1,6.0,0.0,0.0,0.0,88.0,70.0,79.0,74.0,7.27,20.13,0.37,0.0,0.0,84,62,73.0
0.23,0,1,13.0,0.0,0.0,0.0,78.0,41.0,59.5,43.0,7.22,16.11,0.23,0.0,0.0,50,43,46.5
0.01,0,1,3.5,0.0,0.0,0.0,68.0,46.0,57.0,54.0,7.08,12.75,0.01,0.0,0.0,73,48,60.5
0.33,0,1,6.0,0.0,0.0,0.0,75.0,54.0,64.5,62.0,7.3,6.71,0.33,0.0,0.0,62,55,58.5
0.59,0,1,9.0,0.0,0.0,0.0,82.0,60.0,71.0,82.0,14.64,9.84,0.59,0.0,0.0,92,68,80.0
0.03,0,1,0.5,0.0,0.0,0.0,80.0,61.0,70.5,68.0,15.29,10.07,0.03,0.0,0.0,80,62,71.0
0.02,0,1,4.5,0.0,0.0,0.0,83.0,60.0,71.5,63.0,16.02,12.3,0.02,0.0,0.0,75,59,67.0
1.3,0,1,4.0,0.0,0.0,0.0,76.0,54.0,65.0,67.0,15.89,15.21,1.3,0.0,0.0,80,58,69.0
0.56,0,1,2.5,0.0,0.0,0.0,83.0,67.0,75.0,72.0,19.35,5.59,0.56,0.0,0.0,85,70,77.5
0.48,0,1,4.5,0.0,0.0,0.0,84.0,65.0,74.5,76.0,20.19,7.61,0.48,0.0,0.0,88,70,79.0
0.21,0,1,3.5,0.0,0.0,0.0,85.0,68.0,76.5,76.0,20.82,5.82,0.21,0.0,0.0,90,70,80.0
0.03,0,1,3.0,0.0,0.0,0.0,81.0,63.0,72.0,72.0,20.65,7.16,0.03,0.0,0.0,85,65,75.0
0.92,0,1,2.5,0.0,0.0,0.0,86.0,62.0,74.0,75.0,21.54,5.37,0.92,0.0,0.0,86,67,76.5
0.88,0,1,3.5,0.0,0.0,0.0,86.0,66.0,76.0,72.0,21.17,9.17,0.88,0.0,0.0,84,61,72.5
0.03,0,1,2.0,0.0,0.0,0.0,87.0,67.0,77.0,74.0,20.97,8.5,0.03,0.0,0.0,87,71,79.0
0.01,0,1,2.5,0.0,0.0,0.0,76.0,59.0,67.5,66.0,20.39,8.5,0.01,0.0,0.0,78,62,70.0
0.07,0,1,1.0,0.0,0.0,0.0,80.0,59.0,69.5,65.0,20.29,5.37,0.07,0.0,0.0,76,61,68.5
0.25,0,1,4.5,0.0,0.0,0.0,69.0,47.0,58.0,52.0,19.77,4.7,0.25,0.0,0.0,75,50,62.5
0.03,0,1,6.5,0.0,0.0,0.0,78.0,69.0,73.5,70.0,18.59,7.61,0.03,0.0,0.0,76,58,67.0
0.78,0,1,6.5,0.0,0.0,0.0,80.0,54.0,67.0,61.0,17.47,13.87,0.78,0.0,0.0,63,58,60.5
0.37,0,1,8.5,0.0,0.0,0.0,76.0,62.0,69.0,66.0,15.12,13.2,0.37,0.0,0.0,70,51,60.5
0.23,0,1,1.5,0.0,0.0,0.0,42.0,35.0,38.5,39.0,11.88,9.84,0.23,0.0,0.0,44,36,40.0
0.02,0,1,9.0,0.0,0.0,0.0,52.0,37.0,44.5,44.0,7.94,14.99,0.02,0.0,0.0,44,27,35.5
0.01,0,1,5.0,0.0,0.0,0.0,28.0,17.0,22.5,21.0,6.79,12.3,0.01,0.0,0.0,37,18,27.5
0.08,0,1,5.5,0.0,0.0,0.0,32.0,19.0,25.5,29.0,6.2,9.84,0.08,1.4,0.0,39,23,31.0
0.01,0,1,4.5,0.0,0.0,0.0,42.0,34.0,38.0,42.0,5.16,11.41,0.01,0.0,0.0,46,39,42.5
0.18,0,1,4.5,0.0,0.0,0.0,31.0,18.0,24.5,20.0,4.78,8.95,0.18,1.8,0.0,22,18,20.0
0.03,0,1,5.0,0.0,0.0,2.0,9.0,-4.0,2.5,7.0,3.93,7.83,0.03,0.6,1.2,15,0,7.5
0.03,0,1,12.5,0.0,0.0,2.0,18.0,-2.0,8.0,18.0,2.67,14.99,0.03,0.0,1.0,33,8,20.5
0.01,0,1,10.5,0.0,0.0,2.0,40.0,25.0,32.5,39.0,2.66,15.88,0.01,0.0,0.0,56,30,43.0
0.36,0,1,6.0,0.0,0.0,0.0,57.0,37.0,47.0,56.0,2.7,16.33,0.36,0.0,0.0,59,23,41.0
0.08,0,1,4.0,0.0,0.0,0.0,16.0,2.0,9.0,6.0,2.34,9.4,0.08,0.8,0.0,21,5,13.0
0.02,0,1,1.0,0.0,0.0,2.0,30.0,25.0,27.5,27.0,2.37,6.49,0.02,0.3,1.2,30,27,28.5
0.01,0,1,3.0,0.0,0.0,0.0,49.0,25.0,37.0,33.0,2.38,8.72,0.01,0.0,0.0,40,28,34.0
0.03,0,1,16.5,0.0,0.0,0.0,25.0,5.0,15.0,25.0,2.03,13.2,0.03,0.8,0.0,41,22,31.5
0.15,0,1,2.5,0.0,0.0,5.0,23.0,0.0,11.5,11.0,1.35,6.93,0.15,1.6,3.9,21,7,14.0
0.11,0,1,0.5,0.0,0.0,3.0,36.0,15.0,25.5,21.0,1.61,8.5,0.11,2.0,0.0,35,17,26.0
0.52,0,1,18.0,0.0,0.0,2.0,41.0,20.0,30.5,41.0,1.61,12.08,0.52,0.0,0.0,60,37,48.5
0.16,0,1,4.0,0.0,0.0,0.0,44.0,31.0,37.5,34.0,1.77,13.2,0.16,0.0,0.0,50,33,41.5
0.11,0,1,1.0,0.0,0.0,0.0,43.0,32.0,37.5,33.0,1.79,17.45,0.11,0.4,0.0,40,33,36.5
0.22,0,1,8.0,0.0,0.0,0.0,45.0,25.0,35.0,30.0,1.77,10.74,0.22,2.2,0.0,35,19,27.0
0.23,0,1,8.5,0.0,0.0,0.0,39.0,28.0,33.5,34.0,2.04,9.62,0.23,0.0,0.0,53,31,42.0
0.01,0,1,3.5,0.0,0.0,0.0,51.0,35.0,43.0,38.0,2.12,4.47,0.01,0.0,0.0,54,39,46.5
0.09,0,1,8.0,0.0,0.0,0.0,44.0,30.0,37.0,42.0,2.09,15.88,0.09,0.0,0.0,58,32,45.0
0.2,0,1,3.5,0.0,0.0,0.0,40.0,27.0,33.5,37.0,2.11,12.08,0.2,0.0,0.0,40,34,37.0
0.07,0,1,4.0,0.0,0.0,0.0,36.0,21.0,28.5,27.0,2.11,7.38,0.07,0.0,0.0,42,23,32.5
0.01,0,1,1.0,0.0,0.0,0.0,39.0,19.0,29.0,26.0,2.16,6.93,0.01,0.0,0.0,39,21,30.0
0.05,0,1,12.0,0.0,0.0,0.0,48.0,33.0,40.5,42.0,2.34,9.84,0.05,0.0,0.0,66,39,52.5
0.07,0,1,12.0,0.0,0.0,0.0,73.0,37.0,55.0,42.0,2.52,13.2,0.07,0.0,0.0,47,39,43.0
0.41,0,1,1.5,0.0,0.0,0.0,45.0,25.0,35.0,35.0,2.45,11.63,0.41,0.4,0.0,37,30,33.5
0.02,0,1,3.5,0.0,0.0,0.0,63.0,41.0,52.0,45.0,3.2,13.87,0.02,0.0,0.0,58,39,48.5
1.32,0,1,1.0,0.0,0.0,0.0,86.0,65.0,75.5,72.0,4.04,12.3,1.32,0.0,0.0,86,63,74.5
0.9,0,1,10.5,0.0,0.0,0.0,72.0,60.0,66.0,70.0,11.01,8.05,0.9,0.0,0.0,86,67,76.5
0.31,0,1,6.5,0.0,0.0,0.0,60.0,49.0,54.5,55.0,9.64,8.72,0.31,0.0,0.0,70,52,61.0
0.01,0,1,4.5,0.0,0.0,0.0,81.0,54.0,67.5,55.0,9.18,13.2,0.01,0.0,0.0,72,54,63.0
0.1,0,1,11.5,0.0,0.0,0.0,58.0,46.0,52.0,55.0,9.24,5.82,0.1,0.0,0.0,79,48,63.5
0.36,0,1,6.0,0.0,0.0,0.0,95.0,78.0,86.5,83.0,14.74,12.75,0.36,0.0,0.0,95,66,80.5
0.76,0,1,6.0,0.0,0.0,0.0,75.0,63.0,69.0,65.0,16.21,8.95,0.76,0.0,0.0,84,66,75.0
0.24,0,1,2.5,0.0,0.0,0.0,97.0,78.0,87.5,81.0,18.53,12.3,0.24,0.0,0.0,94,76,85.0
0.01,0,1,8.0,0.0,0.0,0.0,85.0,68.0,76.5,74.0,19.85,7.61,0.01,0.0,0.0,93,76,84.5
0.08,0,1,3.5,0.0,0.0,0.0,87.0,71.0,79.0,80.0,21.73,6.04,0.08,0.0,0.0,93,72,82.5
0.07,0,1,3.5,0.0,0.0,0.0,81.0,57.0,69.0,66.0,21.23,2.91,0.07,0.0,0.0,83,62,72.5
0.01,0,1,0.0,0.0,0.0,0.0,90.0,68.0,79.0,75.0,23.63,5.82,0.01,0.0,0.0,85,73,79.0
0.5,0,1,1.0,0.0,0.0,0.0,86.0,67.0,76.5,73.0,23.66,4.47,0.5,0.0,0.0,86,69,77.5
0.82,0,1,2.5,0.0,0.0,0.0,84.0,69.0,76.5,73.0,23.35,10.07,0.82,0.0,0.0,79,69,74.0
0.24,0,1,3.5,0.0,0.0,0.0,92.0,75.0,83.5,79.0,21.05,12.08,0.24,0.0,0.0,91,69,80.0
0.07,0,1,6.0,0.0,0.0,0.0,70.0,48.0,59.0,57.0,17.96,6.04,0.07,0.0,0.0,60,46,53.0
0.04,0,1,5.0,0.0,0.0,0.0,86.0,53.0,69.5,58.0,16.65,16.11,0.04,0.0,0.0,77,52,64.5
0.01,0,1,2.5,0.0,0.0,0.0,84.0,66.0,75.0,72.0,15.39,10.29,0.01,0.0,0.0,85,70,77.5
0.35,0,1,14.0,0.0,0.0,0.0,85.0,69.0,77.0,71.0,15.03,13.42,0.35,0.0,0.0,75,51,63.0
0.07,0,1,2.5,0.0,0.0,0.0,54.0,33.0,43.5,38.0,12.97,5.82,0.07,0.0,0.0,54,38,46.0
0.03,0,1,3.5,0.0,0.0,0.0,59.0,34.0,46.5,49.0,12.1,12.3,0.03,0.0,0.0,54,46,50.0
0.3,0,1,5.5,0.0,0.0,0.0,55.0,43.0,49.0,50.0,10.22,7.83,0.3,0.0,0.0,64,45,54.5
0.06,0,1,1.5,0.0,0.0,0.0,51.0,30.0,40.5,32.0,9.98,7.61,0.06,0.0,0.0,50,34,42.0
0.09,0,1,1.0,0.0,0.0,0.0,35.0,24.0,29.5,35.0,7.35,5.14,0.09,1.1,0.0,35,26,30.5
0.04,0,1,6.0,0.0,0.0,0.0,39.0,34.0,36.5,39.0,6.7,11.63,0.04,0.0,0.0,51,34,42.5
1.2,0,1,6.5,0.0,0.0,0.0,48.0,38.0,43.0,39.0,6.65,15.21,1.2,3.3,0.0,40,33,36.5
0.05,0,1,3.0,0.0,0.0,3.0,26.0,12.0,19.0,20.0,6.18,4.7,0.05,0.7,5.1,27,17,22.0
1.13,0,1,4.0,0.0,0.0,2.0,43.0,27.0,35.0,37.0,5.29,12.53,1.13,0.0,3.1,42,36,39.0
0.15,0,1,2.5,0.0,0.0,0.0,44.0,21.0,32.5,25.0,5.16,4.25,0.15,0.0,0.0,46,24,35.0
0.66,0,1,8.5,0.0,0.0,0.0,49.0,26.0,37.5,40.0,4.17,15.66,0.66,0.0,0.0,53,39,46.0
