#YY,MM,DD,WDIR,WSPD,ATMP
2015,1,1,238.33333333333334,9.890476190476189,-5.928571428571429
2015,1,2,216.08695652173913,6.230434782608696,-2.2043478260869565
2015,1,3,181.91666666666666,5.654166666666666,0.3958333333333334
2015,1,4,313.75,8.779166666666667,-1.5458333333333334
2015,1,5,262.1666666666667,9.537499999999998,-16.145833333333332
2015,1,6,272.9583333333333,7.8374999999999995,-13.654166666666667
2015,1,7,291.17391304347825,11.495652173913042,-15.956521739130432
2015,1,8,232.69565217391303,11.391304347826088,-18.3
2015,1,9,266.375,11.762499999999998,-13.125000000000002
2015,1,10,234.08333333333334,9.195833333333333,-13.666666666666664
2015,1,11,209.45833333333334,8.6,-2.833333333333334
2015,1,12,302.7826086956522,11.243478260869566,-4.126086956521739
2015,1,13,107.78260869565217,9.921739130434782,-7.726086956521739
2015,1,14,215.79166666666666,5.441666666666667,-9.3
2015,1,15,229.79166666666666,8.716666666666667,-4.575
2015,1,16,216.04761904761904,5.571428571428571,-0.980952380952381
2015,1,17,189.08333333333334,12.179166666666667,2.9583333333333335
2015,1,18,264.4166666666667,8.062500000000002,3.5875000000000004
2015,1,19,193.43478260869566,4.260869565217392,1.0173913043478262
2015,1,20,185.52173913043478,4.782608695652174,1.0130434782608695
2015,1,21,259.9130434782609,9.243478260869566,-4.827056628805028e-18
2015,1,22,300.0833333333333,5.766666666666666,-0.55
2015,1,23,233.04166666666666,7.916666666666665,-0.5666666666666665
2015,1,24,258.125,8.174999999999997,1.679166666666667
2015,1,25,55.416666666666664,11.879166666666668,-0.11249999999999998
2015,1,26,105.17391304347827,7.9391304347826095,-3.804347826086958
2015,1,27,93.21739130434783,7.573913043478259,-2.3739130434782605
2015,1,28,139.52173913043478,7.517391304347826,-1.6260869565217388
2015,1,29,250.0,9.491666666666665,1.9124999999999996
2015,1,30,271.0,10.441666666666665,-2.9375
2015,1,31,232.7826086956522,5.460869565217392,-1.152173913043478
2015,2,1,63.904761904761905,28.280952380952385,-1.5571428571428574
2015,2,2,200.70833333333334,32.42499999999999,-8.241666666666665
2015,2,3,229.79166666666666,6.629166666666667,-8.629166666666668
2015,2,4,255.91304347826087,6.586956521739131,-5.182608695652172
2015,2,5,275.2083333333333,7.916666666666667,-11.216666666666663
2015,2,6,214.375,8.604166666666668,-6.449999999999999
2015,2,7,209.33333333333334,8.166666666666668,1.4749999999999999
2015,2,8,275.6666666666667,10.083333333333334,3.083333333333334
2015,2,9,125.70833333333333,16.187499999999996,-2.3874999999999997
2015,2,10,127.95833333333333,8.3,-3.004166666666666
2015,2,11,241.7826086956522,8.891304347826088,-0.10434782608695665
2015,2,12,298.7391304347826,13.069565217391302,-8.482608695652173
2015,2,13,246.47826086956522,7.052173913043476,-10.104347826086956
2015,2,14,296.75,13.379166666666665,-7.3083333333333345
2015,2,15,237.5,8.883333333333335,-14.612500000000004
2015,2,16,126.34782608695652,6.782608695652174,-11.652173913043478
2015,2,17,271.1818181818182,6.8090909090909095,-8.163636363636364
2015,2,18,302.77777777777777,12.455555555555556,-14.688888888888888
2015,2,19,297.9166666666667,9.354166666666666,-18.575
2015,2,20,223.54166666666666,8.170833333333333,-14.095833333333333
2015,2,21,153.66666666666666,7.079166666666667,-5.7625
2015,2,22,270.4583333333333,8.054166666666665,-5.7749999999999995
2015,2,23,282.7083333333333,7.870833333333333,-14.491666666666667
2015,2,24,223.95833333333334,10.666666666666666,-10.15
2015,2,25,211.79166666666666,7.808333333333334,-5.187500000000001
2015,2,26,110.04166666666667,15.1625,-7.908333333333332
2015,2,27,277.4782608695652,6.200000000000001,-12.078260869565218
2015,2,28,199.04166666666666,7.516666666666667,-11.212499999999999
2015,3,1,232.5,5.095833333333333,-5.879166666666667
2015,3,2,211.70833333333334,7.674999999999998,-5.420833333333333
2015,3,3,193.63636363636363,10.53181818181818,-1.3409090909090908
2015,3,4,290.375,8.825000000000001,-3.7208333333333337
2015,3,5,293.375,7.479166666666668,-10.108333333333334
2015,3,6,224.16666666666666,9.812500000000002,-9.320833333333333
2015,3,7,241.58333333333334,8.825000000000001,1.458333333333333
2015,3,8,248.5,5.688888888888889,3.9166666666666665
2015,3,9,214.45833333333334,6.458333333333333,4.3583333333333325
2015,3,10,211.58333333333334,5.958333333333333,6.554166666666666
2015,3,11,295.6190476190476,7.676190476190476,5.052380952380951
2015,3,12,131.29166666666666,4.058333333333334,3.079166666666666
2015,3,13,147.375,5.208333333333333,5.666666666666667
2015,3,14,227.25,7.483333333333335,8.25
2015,3,15,184.45833333333334,5.829166666666666,7.8791666666666655
2015,3,16,237.29166666666666,8.058333333333335,16.2
2015,3,17,142.125,17.000000000000004,3.491666666666667
2015,3,18,189.5,4.445833333333334,2.9499999999999997
2015,3,19,99.34782608695652,5.243478260869566,3.378260869565218
2015,3,20,201.16666666666666,6.320833333333333,6.2124999999999995
2015,3,21,166.20833333333334,12.037500000000001,4.5875
2015,3,22,47.833333333333336,11.15,-0.004166666666666661
2015,3,23,69.65,10.325,-1.165
2015,3,24,95.75,9.895833333333334,-0.5833333333333333
2015,3,25,200.83333333333334,9.925,4.05
2015,3,26,236.79166666666666,6.916666666666668,3.0916666666666655
2015,3,27,137.65217391304347,17.017391304347825,-2.5043478260869567
2015,3,28,50.541666666666664,9.7125,-3.158333333333333
2015,3,29,187.41666666666666,11.825000000000001,1.7249999999999999
2015,3,30,276.1304347826087,7.81304347826087,8.639130434782606
2015,3,31,230.04347826086956,8.969565217391304,6.321739130434783
2015,4,1,172.13636363636363,7.336363636363637,97.22727272727273
2015,4,2,205.7826086956522,11.008695652173913,14.934782608695654
2015,4,3,275.25,9.358333333333334,9.174999999999999
2015,4,4,264.2083333333333,8.212499999999999,5.675
2015,4,5,227.65217391304347,8.71304347826087,11.956521739130435
2015,4,6,229.8095238095238,6.899999999999999,5.623809523809523
2015,4,7,158.82608695652175,12.613043478260868,3.752173913043478
2015,4,8,94.375,8.454166666666667,4.816666666666666
2015,4,9,165.17391304347825,8.98695652173913,9.556521739130433
2015,4,10,247.23809523809524,12.628571428571428,12.290476190476191
2015,4,11,246.22727272727272,6.295454545454546,9.595454545454546
2015,4,12,172.38888888888889,8.5,14.38888888888889
2015,4,13,230.20833333333334,10.333333333333332,16.345833333333335
2015,4,14,197.95454545454547,4.8,11.968181818181819
2015,4,15,101.65217391304348,5.9913043478260875,7.782608695652174
2015,4,16,66.08333333333333,5.958333333333333,7.3374999999999995
2015,4,17,185.7826086956522,5.991304347826087,14.05217391304348
2015,4,18,280.0,10.522727272727273,13.022727272727268
2015,4,19,138.08695652173913,6.821739130434783,8.360869565217392
2015,4,20,249.04166666666666,9.866666666666667,8.808333333333334
2015,4,21,256.375,16.266666666666666,7.504166666666669
2015,4,22,285.875,13.370833333333332,4.816666666666666
2015,4,23,218.65217391304347,6.991304347826087,5.008695652173913
2015,4,24,138.41666666666666,5.345833333333332,6.245833333333334
2015,4,25,68.17391304347827,12.508695652173913,5.330434782608696
2015,4,26,159.91304347826087,12.139130434782608,5.152173913043478
2015,4,27,297.05,12.755,6.269999999999999
2015,4,28,182.2608695652174,6.3999999999999995,5.92608695652174
2015,4,29,240.16666666666666,5.941666666666667,6.8833333333333355
2015,4,30,261.75,13.420833333333334,5.858333333333333
2015,5,1,227.0,6.2956521739130435,7.739130434782608
2015,5,2,192.875,5.820833333333334,15.375
2015,5,3,206.54166666666666,7.450000000000002,61.012499999999996
2015,5,4,185.7826086956522,7.204347826086957,16.995652173913044
2015,5,5,237.36363636363637,7.1863636363636365,8.763636363636364
2015,5,6,88.83333333333333,6.241666666666667,8.299999999999999
2015,5,7,172.125,7.808333333333334,17.041666666666668
2015,5,8,199.95652173913044,7.604347826086956,22.09565217391304
2015,5,9,226.0952380952381,8.861904761904762,10.942857142857141
2015,5,10,328.95454545454544,11.645454545454545,6.586363636363637
2015,5,11,214.91304347826087,7.304347826086956,13.717391304347826
2015,5,12,266.625,10.779166666666669,11.554166666666665
2015,5,13,137.29166666666666,9.4,7.104166666666667
2015,5,14,121.08695652173913,7.85217391304348,9.326086956521738
2015,5,15,197.375,6.770833333333331,57.5625
2015,5,16,159.8235294117647,4.252941176470588,17.082352941176474
2015,5,17,171.69230769230768,12.153846153846153,21.50769230769231
2015,5,18,224.04166666666666,11.129166666666665,23.112499999999997
2015,5,19,220.58333333333334,7.454166666666666,9.279166666666667
2015,5,20,127.75,7.8374999999999995,5.729166666666667
2015,5,21,259.6818181818182,5.554545454545456,11.536363636363639
2015,5,22,167.58333333333334,5.916666666666665,11.1875
2015,5,23,138.33333333333334,4.886666666666668,14.226666666666665
2015,5,24,145.73684210526315,3.657894736842106,15.984210526315788
2015,5,25,203.27272727272728,11.663636363636362,22.536363636363635
2015,5,26,188.47826086956522,9.126086956521739,21.17826086956522
2015,5,27,219.375,7.983333333333334,20.6625
2015,5,28,152.58333333333334,4.329166666666668,17.825
2015,5,29,165.82608695652175,5.92608695652174,20.682608695652174
2015,5,30,257.7916666666667,9.966666666666667,16.97083333333333
2015,5,31,200.7826086956522,15.26086956521739,7.25217391304348
2015,6,1,112.625,7.529166666666669,8.266666666666667
2015,6,2,94.45833333333333,3.912500000000001,10.383333333333333
2015,6,3,128.08695652173913,3.595652173913043,13.456521739130432
2015,6,4,181.08333333333334,6.1625000000000005,18.929166666666667
2015,6,5,287.0952380952381,7.504761904761905,14.466666666666667
2015,6,6,254.9090909090909,6.518181818181817,10.827272727272726
2015,6,7,157.79166666666666,6.720833333333332,17.79166666666667
2015,6,8,246.875,5.666666666666667,22.42916666666667
2015,6,9,239.27272727272728,5.195454545454544,20.713636363636365
2015,6,10,184.08333333333334,7.141666666666668,25.46666666666667
2015,6,11,128.14285714285714,4.2,15.657142857142855
2015,6,12,171.47826086956522,5.004347826086957,14.008695652173914
2015,6,13,206.54166666666666,5.733333333333334,13.699999999999998
2015,6,14,224.93333333333334,3.953333333333334,23.52
2015,6,15,195.47826086956522,4.4,22.51739130434783
2015,6,16,223.0,6.816666666666666,16.033333333333335
2015,6,17,161.83333333333334,3.345833333333333,13.7125
2015,6,18,218.43478260869566,5.426086956521738,21.13478260869565
2015,6,19,243.34782608695653,9.173913043478262,12.465217391304348
2015,6,20,193.125,5.270833333333332,15.320833333333335
2015,6,21,255.28571428571428,4.2857142857142865,20.878571428571426
2015,6,22,206.45833333333334,5.6333333333333355,25.14999999999999
2015,6,23,228.375,5.529166666666666,21.541666666666668
2015,6,24,157.5,3.625,19.958333333333332
2015,6,25,169.8181818181818,3.522727272727272,19.83181818181818
2015,6,26,236.58333333333334,7.416666666666667,15.487499999999999
2015,6,27,287.25,7.300000000000001,15.545833333333334
2015,6,28,213.875,3.5666666666666678,17.97083333333334
2015,6,29,142.0,2.5380952380952375,18.633333333333333
2015,6,30,137.76190476190476,4.1952380952380945,18.723809523809525
2015,7,1,90.52173913043478,5.778260869565218,13.891304347826088
2015,7,2,90.21739130434783,8.27391304347826,13.665217391304346
2015,7,3,82.625,4.058333333333333,16.674999999999997
2015,7,4,165.7391304347826,2.8521739130434787,19.143478260869568
2015,7,5,165.42857142857142,3.9047619047619047,21.266666666666666
2015,7,6,175.75,6.5375000000000005,24.016666666666662
2015,7,7,186.13636363636363,9.340909090909092,18.218181818181815
2015,7,8,61.0,5.529166666666668,14.862499999999999
2015,7,9,167.63636363636363,5.918181818181819,15.795454545454549
2015,7,10,153.9090909090909,3.5090909090909093,18.890909090909094
2015,7,11,144.93333333333334,4.4,20.133333333333336
2015,7,12,93.22222222222223,1.9666666666666666,19.566666666666666
2015,7,13,132.0,7.3999999999999995,20.26666666666667
2015,7,14,300.0,4.7,23.4
2015,7,15,169.5,7.0,15.4
2015,7,16,165.0,2.25,17.35
2015,7,17,247.71428571428572,4.807142857142857,29.42142857142857
2015,7,18,175.52173913043478,5.252173913043479,24.543478260869566
2015,7,19,153.63636363636363,3.3681818181818186,24.60454545454546
2015,7,20,240.77272727272728,4.050000000000001,24.472727272727276
2015,7,21,201.66666666666666,5.612499999999998,22.058333333333337
2015,7,22,162.91304347826087,3.1999999999999997,21.58695652173913
2015,7,23,150.5,2.4625,22.650000000000002
2015,7,24,192.08695652173913,5.3304347826086955,25.456521739130434
2015,7,25,183.83333333333334,5.304166666666666,25.416666666666668
2015,7,26,174.52380952380952,1.961904761904762,22.06666666666667
2015,7,27,162.95454545454547,2.6999999999999997,23.340909090909086
2015,7,28,136.65217391304347,2.7347826086956526,24.35217391304348
2015,7,29,226.5,4.69375,26.700000000000003
2015,7,30,285.35714285714283,6.9142857142857155,27.142857142857142
2015,7,31,279.04347826086956,6.186956521739131,26.30434782608695
2015,8,1,275.0,5.671428571428573,25.33809523809524
2015,8,2,242.16666666666666,6.820833333333334,27.512500000000003
2015,8,3,266.30434782608694,7.369565217391303,23.773913043478252
2015,8,4,264.8695652173913,4.743478260869565,23.59130434782609
2015,8,5,150.58333333333334,2.8083333333333336,22.25833333333333
2015,8,6,59.083333333333336,4.716666666666667,22.024999999999995
2015,8,7,140.8181818181818,5.5590909090909095,22.177272727272733
2015,8,8,180.91666666666666,4.995833333333334,23.420833333333334
2015,8,9,185.125,3.016666666666667,21.34583333333333
2015,8,10,193.1304347826087,4.0782608695652165,22.460869565217394
2015,8,11,132.29166666666666,5.2875,21.950000000000006
2015,8,12,119.91666666666667,3.204166666666667,21.1125
2015,8,13,207.41666666666666,4.879166666666667,23.933333333333334
2015,8,14,249.82608695652175,5.104347826086958,26.33478260869565
2015,8,15,197.83333333333334,4.554166666666667,24.625000000000004
2015,8,16,217.125,5.374999999999999,27.275000000000002
2015,8,17,199.3913043478261,4.634782608695652,26.452173913043477
2015,8,18,178.75,4.320833333333333,22.2
2015,8,19,205.70833333333334,8.570833333333335,22.3625
2015,8,20,246.83333333333334,8.137500000000001,18.754166666666666
2015,8,21,208.25,5.120833333333334,21.733333333333338
2015,8,22,169.9047619047619,6.557142857142858,21.285714285714285
2015,8,23,206.8695652173913,7.1130434782608685,21.75652173913043
2015,8,24,259.0833333333333,7.545833333333332,19.133333333333336
2015,8,25,244.08333333333334,4.9125,16.437500000000004
2015,8,26,227.22727272727272,2.777272727272728,15.55909090909091
2015,8,27,194.42857142857142,2.4666666666666663,16.799999999999997
2015,8,28,155.95833333333334,3.5124999999999997,19.029166666666665
2015,8,29,154.20833333333334,3.5500000000000003,18.170833333333338
2015,8,30,265.45454545454544,3.340909090909091,16.827272727272728
2015,8,31,149.56521739130434,2.1217391304347823,20.317391304347826
2015,9,1,186.125,5.516666666666666,25.687499999999996
2015,9,2,223.0,5.092307692307693,29.376923076923074
2015,9,3,224.65217391304347,4.943478260869566,28.330434782608698
2015,9,4,259.875,3.0999999999999996,20.05
2015,9,5,147.875,4.729166666666667,23.224999999999998
2015,9,6,198.375,6.083333333333333,27.658333333333335
2015,9,7,191.375,5.249999999999999,27.40833333333333
2015,9,8,182.66666666666666,4.966666666666666,24.287500000000005
2015,9,9,279.6,4.494999999999999,19.255
2015,9,10,242.95652173913044,3.0434782608695654,18.882608695652177
2015,9,11,219.125,5.720833333333332,17.120833333333334
2015,9,12,258.5,11.286363636363637,14.268181818181814
2015,9,13,238.33333333333334,5.133333333333334,15.2875
2015,9,14,199.75,7.470833333333334,19.916666666666668
2015,9,15,204.7826086956522,8.665217391304346,22.93913043478261
2015,9,16,188.47826086956522,7.013043478260869,23.243478260869566
2015,9,17,191.875,7.520833333333332,23.808333333333337
2015,9,18,182.69565217391303,4.973913043478261,21.821739130434786
2015,9,19,204.45833333333334,6.425000000000001,17.5125
2015,9,20,187.82608695652175,2.6695652173913036,16.604347826086958
2015,9,21,135.83333333333334,3.0708333333333324,17.283333333333335
2015,9,22,148.04545454545453,3.731818181818181,18.113636363636367
2015,9,23,128.35,1.8650000000000002,18.694999999999997
2015,9,24,131.38095238095238,2.6285714285714286,18.761904761904763
2015,9,25,143.34782608695653,5.265217391304348,18.647826086956524
2015,9,26,112.13636363636364,4.695454545454545,18.95
2015,9,27,144.91666666666666,5.0625,19.39583333333333
2015,9,28,171.22727272727272,4.454545454545455,20.586363636363636
2015,9,29,301.6,20.66,18.889999999999997
2015,9,30,111.3913043478261,17.56521739130435,14.243478260869566
2015,10,1,58.0,13.215384615384615,13.500000000000002
2015,10,2,47.666666666666664,13.108333333333333,13.408333333333333
2015,10,3,59.17391304347826,19.108695652173914,11.082608695652173
2015,10,4,55.43478260869565,9.843478260869563,11.156521739130437
2015,10,5,46.666666666666664,4.591666666666666,13.704166666666667
2015,10,6,161.1304347826087,3.769565217391305,14.539130434782612
2015,10,7,196.41666666666666,5.179166666666667,15.358333333333336
2015,10,8,155.17391304347825,5.547826086956522,17.7695652173913
2015,10,9,252.0,8.904347826086958,15.2
2015,10,10,165.82608695652175,4.791304347826086,13.721739130434784
2015,10,11,208.47619047619048,7.580952380952381,16.585714285714285
2015,10,12,233.13636363636363,9.086363636363636,19.65909090909091
2015,10,13,290.1818181818182,7.445454545454549,12.913636363636362
2015,10,14,212.52173913043478,5.321739130434782,11.104347826086958
2015,10,15,230.75,5.31,14.09
2015,10,16,284.75,6.766666666666668,10.079166666666667
2015,10,17,297.82608695652175,7.982608695652174,6.356521739130434
2015,10,18,199.38095238095238,4.504761904761905,8.171428571428569
2015,10,19,206.45454545454547,14.627272727272725,14.422727272727274
2015,10,20,208.58333333333334,8.7875,17.258333333333333
2015,10,21,210.0909090909091,8.586363636363638,18.472727272727273
2015,10,22,201.0,6.282608695652174,14.860869565217392
2015,10,23,107.69565217391305,9.391304347826088,13.021739130434783
2015,10,24,215.95454545454547,9.00909090909091,17.095454545454544
2015,10,25,232.20833333333334,4.779166666666666,11.179166666666667
2015,10,26,112.54166666666667,5.9624999999999995,12.2875
2015,10,27,106.65217391304348,9.76086956521739,12.843478260869567
2015,10,28,178.47826086956522,10.565217391304346,11.96521739130435
2015,10,29,249.47826086956522,9.908695652173915,5.5434782608695645
2015,10,30,244.16666666666666,5.716666666666666,8.45416666666667
2015,10,31,173.54166666666666,8.316666666666665,9.241666666666665
2015,11,1,236.91304347826087,6.186956521739131,12.282608695652174
2015,11,2,207.8,10.175,15.235
2015,11,3,170.54545454545453,5.790909090909091,15.254545454545456
2015,11,4,211.66666666666666,6.266666666666667,16.6875
2015,11,5,198.45833333333334,9.054166666666667,18.67083333333333
2015,11,6,241.83333333333334,11.4,13.008333333333333
2015,11,7,272.0,6.308695652173912,8.121739130434783
2015,11,8,241.69565217391303,4.817391304347825,7.5826086956521745
2015,11,9,170.91304347826087,4.5826086956521745,8.77826086956522
2015,11,10,173.6818181818182,4.172727272727273,9.318181818181817
2015,11,11,170.89473684210526,8.289473684210526,12.13684210526316
2015,11,12,224.52173913043478,21.08695652173913,9.243478260869566
2015,11,13,277.7826086956522,15.47826086956522,5.782608695652174
2015,11,14,236.25,7.3041666666666645,6.266666666666668
2015,11,15,215.70833333333334,6.666666666666667,13.141666666666666
2015,11,16,181.54166666666666,9.087499999999999,12.216666666666661
2015,11,17,134.79166666666666,20.258333333333333,10.616666666666667
2015,11,18,169.66666666666666,13.941666666666663,14.791666666666664
2015,11,19,236.6086956521739,11.543478260869565,7.669565217391304
2015,11,20,255.2608695652174,6.269565217391305,3.6
2015,11,21,136.0,10.08695652173913,1.4043478260869564
2015,11,22,244.79166666666666,7.287500000000001,-5.416666666666667
2015,11,23,222.16666666666666,10.708333333333334,-0.09583333333333327
2015,11,24,215.08333333333334,7.779166666666668,2.6166666666666667
2015,11,25,180.65217391304347,12.043478260869568,8.195652173913043
2015,11,26,198.04166666666666,12.399999999999999,12.366666666666669
2015,11,27,261.95652173913044,18.930434782608696,7.365217391304348
2015,11,28,43.208333333333336,15.337499999999999,3.179166666666667
2015,11,29,112.91304347826087,8.339130434782609,2.7347826086956526
2015,11,30,95.16666666666667,9.191666666666665,5.258333333333333
2015,12,1,186.125,9.8875,5.995833333333333
2015,12,2,240.91666666666666,10.95833333333333,2.3416666666666663
2015,12,3,254.25,6.954166666666668,1.2000000000000002
2015,12,4,234.25,6.870833333333334,3.679166666666667
2015,12,5,186.04347826086956,8.213043478260872,2.356521739130435
2015,12,6,194.625,5.5375000000000005,3.9583333333333335
2015,12,7,208.5,4.683333333333334,3.441666666666666
2015,12,8,195.79166666666666,8.850000000000001,5.145833333333332
2015,12,9,220.20833333333334,6.841666666666666,9.120833333333335
2015,12,10,208.25,13.104166666666664,10.324999999999998
2015,12,11,213.375,6.966666666666665,8.916666666666666
2015,12,12,193.375,3.633333333333333,7.499999999999999
2015,12,13,193.2173913043478,12.526086956521738,13.104347826086956
2015,12,14,184.16666666666666,9.9125,11.291666666666666
2015,12,15,212.6086956521739,6.604347826086957,5.42608695652174
2015,12,16,167.04166666666666,12.654166666666667,6.766666666666667
2015,12,17,253.65217391304347,9.617391304347825,1.2260869565217392
2015,12,18,255.52173913043478,8.07391304347826,-1.7521739130434788
2015,12,19,267.45,8.525,-4.584999999999999
2015,12,20,198.95454545454547,12.872727272727273,3.8000000000000003
2015,12,21,216.41666666666666,12.399999999999997,8.241666666666669
2015,12,22,242.5,10.495833333333335,4.233333333333334
2015,12,23,150.27272727272728,12.1,8.55909090909091
2015,12,24,222.58333333333334,9.791666666666666,6.095833333333334
2015,12,25,188.22727272727272,6.486363636363637,4.377272727272728
2015,12,26,77.86363636363636,14.331818181818182,4.995454545454546
2015,12,27,183.04347826086956,18.62608695652174,4.308695652173913
2015,12,28,58.43478260869565,22.06086956521739,1.6000000000000005
2015,12,29,221.34782608695653,9.221739130434784,1.9999999999999998
2015,12,30,250.8695652173913,5.034782608695651,-1.252173913043478
2015,12,31,258.4583333333333,8.300000000000002,-2.6875
2016,1,1,249.79166666666666,9.187499999999998,-4.091666666666666
2016,1,2,244.41666666666666,7.612500000000002,-1.6375
2016,1,3,296.625,9.174999999999999,-2.029166666666667
2016,1,4,213.04347826086956,10.11304347826087,-2.2521739130434777
2016,1,5,165.25,8.220833333333333,-2.4499999999999997
2016,1,6,197.1304347826087,9.104347826086956,-0.11304347826086969
2016,1,7,163.04166666666666,5.804166666666666,2.795833333333333
2016,1,8,146.33333333333334,5.9875,3.983333333333333
2016,1,9,242.75,13.483333333333333,3.954166666666666
2016,1,10,279.8695652173913,15.726086956521739,-6.986956521739131
2016,1,11,234.91666666666666,8.416666666666666,-14.095833333333337
2016,1,12,264.8333333333333,11.612499999999999,-9.862499999999999
2016,1,13,234.04166666666666,8.758333333333333,-13.204166666666671
2016,1,14,217.5,7.970833333333334,1.1541666666666668
2016,1,15,229.2608695652174,10.286956521739128,5.126086956521739
2016,1,16,291.375,9.720833333333333,-1.5583333333333333
2016,1,17,283.8333333333333,9.558333333333335,-13.829166666666664
2016,1,18,266.39130434782606,9.243478260869566,-17.330434782608698
2016,1,19,244.0,6.479166666666667,-13.858333333333329
2016,1,20,233.66666666666666,4.345833333333333,-7.7124999999999995
2016,1,21,214.91666666666666,4.2,-5.854166666666667
2016,1,22,141.54166666666666,9.1875,-2.5499999999999994
2016,1,23,94.83333333333333,7.741666666666667,-0.8083333333333332
2016,1,24,195.34782608695653,6.695652173913042,-1.691304347826087
2016,1,25,175.47826086956522,6.969565217391305,1.2347826086956522
2016,1,26,244.125,14.608333333333327,1.0583333333333338
2016,1,27,234.69565217391303,8.01304347826087,-1.9695652173913047
2016,1,28,251.83333333333334,11.233333333333333,1.8666666666666665
2016,1,29,243.16666666666666,8.295833333333333,-2.1791666666666667
2016,1,30,219.79166666666666,9.733333333333334,4.574999999999999
2016,1,31,216.08333333333334,6.95,7.112500000000002
2016,2,1,220.0,5.613636363636365,2.1318181818181814
2016,2,2,122.45833333333333,8.091666666666667,1.3958333333333333
2016,2,3,207.70833333333334,7.841666666666668,2.9374999999999996
2016,2,4,272.2083333333333,7.341666666666666,-2.3166666666666664
2016,2,5,146.9,7.039999999999999,-1.4300000000000002
2016,2,6,215.54166666666666,6.866666666666667,0.21250000000000013
2016,2,7,214.3913043478261,8.921739130434784,4.834782608695653
2016,2,8,257.3333333333333,7.175,0.3333333333333334
2016,2,9,298.6363636363636,8.145454545454546,-8.3
2016,2,10,305.3478260869565,9.669565217391305,-10.11304347826087
2016,2,11,238.91666666666666,6.862500000000002,-10.204166666666667
2016,2,12,273.7083333333333,8.354166666666666,-6.566666666666666
2016,2,13,302.7916666666667,9.1125,-12.675000000000002
2016,2,14,185.0,11.908333333333333,-9.258333333333335
2016,2,15,192.34782608695653,7.817391304347827,-5.4
2016,2,16,188.75,3.254166666666667,-2.295833333333333
2016,2,17,242.6086956521739,8.152173913043478,-2.017391304347826
2016,2,18,120.25,11.704166666666666,-0.9333333333333327
2016,2,19,194.2608695652174,17.008695652173913,9.495652173913042
2016,2,20,247.625,10.420833333333336,11.033333333333333
2016,2,21,310.76190476190476,9.542857142857143,3.704761904761906
2016,2,22,74.54545454545455,3.227272727272727,1.3727272727272728
2016,2,23,149.54166666666666,4.55,1.1833333333333333
2016,2,24,109.68181818181819,19.36818181818182,1.718181818181818
2016,2,25,329.95652173913044,15.599999999999998,0.5739130434782609
2016,2,26,272.2916666666667,7.887499999999998,-0.02083333333333332
2016,2,27,218.41666666666666,9.2625,3.8625000000000003
2016,2,28,222.41666666666666,13.899999999999999,11.579166666666664
2016,2,29,247.95833333333334,11.129166666666668,4.258333333333333
2016,3,1,131.29166666666666,19.0625,-2.108333333333333
2016,3,2,251.83333333333334,7.183333333333333,-5.516666666666668
2016,3,3,100.47826086956522,8.317391304347826,-0.9869565217391307
2016,3,4,149.125,8.854166666666666,-0.8333333333333335
2016,3,5,236.70833333333334,8.787500000000001,1.0166666666666666
2016,3,6,214.08333333333334,8.525,4.3791666666666655
2016,3,7,206.7826086956522,12.965217391304348,11.51304347826087
2016,3,8,196.1875,9.7,16.35
2016,3,9,205.47826086956522,8.547826086956523,16.86521739130435
2016,3,10,280.9166666666667,6.6000000000000005,7.195833333333336
2016,3,11,131.125,5.4375,3.5624999999999996
2016,3,12,128.45833333333334,3.3416666666666663,4.9624999999999995
2016,3,13,133.8,5.25,5.36
2016,3,14,115.0,4.483333333333333,5.483333333333333
2016,3,15,117.79166666666667,4.758333333333334,5.470833333333332
2016,3,16,218.43478260869566,14.095652173913043,10.73913043478261
2016,3,17,258.7916666666667,11.487499999999999,9.679166666666669
2016,3,18,190.54166666666666,7.399999999999999,4.937499999999999
2016,3,19,87.16666666666667,7.520833333333333,2.691666666666667
2016,3,20,145.13636363636363,9.959090909090909,1.9954545454545458
2016,3,21,186.08333333333334,6.629166666666666,2.266666666666667
2016,3,22,200.2173913043478,9.743478260869566,9.891304347826088
2016,3,23,131.91304347826087,14.265217391304347,4.782608695652174
2016,3,24,212.8095238095238,13.457142857142856,3.37142857142857
2016,3,25,202.8695652173913,6.81304347826087,0.5043478260869566
2016,3,26,124.29166666666667,7.0249999999999995,3.8916666666666675
2016,3,27,167.04347826086956,6.082608695652175,7.982608695652175
2016,3,28,224.75,7.270833333333335,6.2625
2016,3,29,136.75,4.425,4.979166666666667
2016,3,30,161.125,11.587499999999999,9.795833333333333
2016,3,31,211.625,12.754166666666665,14.879166666666668
2016,4,1,131.875,6.95,5.816666666666666
2016,4,2,274.0,10.033333333333333,2.1458333333333335
2016,4,3,234.8181818181818,11.672727272727274,6.636363636363637
2016,4,4,262.54545454545456,18.96818181818182,3.4227272727272737
2016,4,5,90.78260869565217,9.730434782608693,0.9782608695652174
2016,4,6,199.875,9.924999999999999,7.754166666666667
2016,4,7,315.82608695652175,8.743478260869566,4.36086956521739
2016,4,8,282.375,11.325000000000001,3.366666666666667
2016,4,9,254.04166666666666,15.979166666666673,-1.895833333333333
2016,4,10,173.30434782608697,12.234782608695651,4.0086956521739125
2016,4,11,266.0416666666667,6.4875,9.450000000000001
2016,4,12,168.5,6.495454545454546,3.272727272727272
2016,4,13,101.30434782608695,7.869565217391303,4.708695652173913
2016,4,14,120.5,6.683333333333331,6.170833333333333
2016,4,15,164.625,5.379166666666667,6.950000000000002
2016,4,16,184.08333333333334,4.483333333333334,8.4375
2016,4,17,133.95454545454547,3.840909090909091,9.727272727272727
2016,4,18,139.95652173913044,2.900000000000001,12.604347826086956
2016,4,19,313.25,12.725000000000001,8.245833333333332
2016,4,20,91.58333333333333,6.020833333333333,10.025
2016,4,21,146.47826086956522,4.8999999999999995,13.082608695652171
2016,4,22,286.875,12.783333333333333,8.529166666666665
2016,4,23,164.0,7.887499999999999,6.441666666666666
2016,4,24,112.17647058823529,4.623529411764706,8.517647058823528
2016,4,25,191.8421052631579,8.505263157894738,19.32105263157895
2016,4,26,243.85714285714286,13.680952380952382,7.0
2016,4,27,48.541666666666664,20.945833333333336,5.908333333333334
2016,4,28,61.291666666666664,10.345833333333331,6.541666666666668
2016,4,29,195.33333333333334,8.7,5.466666666666667
2016,4,30,72.91666666666667,10.370833333333335,6.508333333333333
2016,5,1,95.81818181818181,12.018181818181818,6.513636363636363
2016,5,2,207.79166666666666,9.4125,7.1875
2016,5,3,226.91304347826087,5.782608695652174,11.678260869565218
2016,5,4,304.5652173913044,11.556521739130433,9.482608695652173
2016,5,5,280.5217391304348,13.413043478260875,6.4913043478260875
2016,5,6,218.29166666666666,5.437500000000001,16.141666666666666
2016,5,7,296.6666666666667,11.733333333333334,16.412500000000005
2016,5,8,146.85714285714286,4.857142857142857,11.457142857142859
2016,5,9,129.16666666666666,5.650000000000001,10.483333333333333
2016,5,10,133.0909090909091,7.522727272727275,9.713636363636365
2016,5,11,174.20833333333334,3.2083333333333326,10.358333333333334
2016,5,12,170.36363636363637,5.104545454545455,13.32727272727273
2016,5,13,261.7391304347826,7.14782608695652,14.604347826086956
2016,5,14,283.4166666666667,8.641666666666667,7.345833333333335
2016,5,15,245.45833333333334,10.045833333333333,6.495833333333334
2016,5,16,222.58333333333334,7.9375,14.300000000000002
2016,5,17,314.9166666666667,9.333333333333334,10.424999999999997
2016,5,18,244.0,6.979166666666667,9.099999999999998
2016,5,19,138.04347826086956,2.6869565217391305,11.00869565217391
2016,5,20,170.91304347826087,3.4565217391304346,12.05217391304348
2016,5,21,318.1666666666667,6.458333333333333,14.483333333333333
2016,5,22,230.0,5.7272727272727275,14.663636363636364
2016,5,23,156.375,5.991666666666666,15.420833333333333
2016,5,24,200.47826086956522,8.72608695652174,23.54782608695652
2016,5,25,183.2608695652174,7.091304347826085,22.226086956521737
2016,5,26,187.2608695652174,5.5086956521739125,20.94347826086956
2016,5,27,167.125,6.466666666666668,20.83333333333334
2016,5,28,185.5,8.770833333333334,22.954166666666666
2016,5,29,223.2173913043478,10.73913043478261,23.608695652173914
2016,5,30,174.30434782608697,3.4956521739130433,21.6304347826087
2016,5,31,155.2608695652174,2.8043478260869565,18.004347826086956
2016,6,1,167.34782608695653,3.2347826086956517,17.217391304347824
2016,6,2,225.42857142857142,4.038095238095238,21.200000000000003
2016,6,3,122.66666666666667,3.0222222222222217,18.044444444444444
2016,6,4,186.2173913043478,6.35217391304348,20.886956521739126
2016,6,5,259.5,6.44,21.185000000000002
2016,6,6,253.9,6.115,23.39
2016,6,7,196.3181818181818,6.7318181818181815,15.77727272727273
2016,6,8,142.3684210526316,4.457894736842105,13.957894736842105
2016,6,9,159.72727272727272,4.954545454545454,17.136363636363637
2016,6,10,176.25,5.6375,21.770833333333332
2016,6,11,241.86666666666667,6.046666666666668,29.466666666666658
2016,6,12,203.42857142857142,9.023809523809526,19.557142857142857
2016,6,13,141.17391304347825,8.626086956521737,17.08695652173913
2016,6,14,167.125,4.195833333333333,19.17083333333333
2016,6,15,164.76190476190476,5.480952380952381,22.461904761904762
2016,6,16,217.46666666666667,6.64,20.293333333333333
2016,6,17,298.3181818181818,7.154545454545453,17.67727272727273
2016,6,18,175.9090909090909,7.0636363636363635,19.45
2016,6,19,170.6818181818182,4.495454545454546,25.14090909090909
2016,6,20,232.3913043478261,7.317391304347827,29.347826086956516
2016,6,21,232.83333333333334,5.695833333333334,21.995833333333334
2016,6,22,204.95833333333334,4.104166666666667,22.358333333333338
2016,6,23,152.75,4.891666666666667,19.108333333333334
2016,6,24,138.25,5.091666666666667,20.029166666666665
2016,6,25,135.04166666666666,5.866666666666667,22.779166666666665
2016,6,26,149.75,5.404166666666666,25.408333333333335
2016,6,27,242.5,4.9958333333333345,26.566666666666663
2016,6,28,161.04166666666666,7.724999999999998,18.2375
2016,6,29,192.25,4.179166666666667,18.279166666666665
2016,6,30,198.45833333333334,4.470833333333333,21.8875
2016,7,1,133.83333333333334,7.950000000000002,19.179166666666664
2016,7,2,103.5625,3.3687499999999995,20.006250000000005
2016,7,3,142.29166666666666,2.891666666666666,19.85833333333333
2016,7,4,107.83333333333333,4.091666666666667,20.216666666666665
2016,7,5,207.25,3.283333333333333,23.316666666666663
2016,7,6,216.29166666666666,6.233333333333333,25.091666666666665
2016,7,7,223.08333333333334,3.962499999999999,24.866666666666664
2016,7,8,242.66666666666666,4.954166666666667,24.870833333333337
2016,7,9,194.54166666666666,7.062499999999999,21.575
2016,7,10,177.54166666666666,2.6125,21.525000000000002
2016,7,11,175.83333333333334,6.870833333333334,26.079166666666666
2016,7,12,194.77777777777777,9.683333333333332,27.149999999999995
2016,7,13,194.0,6.972727272727273,26.727272727272727
2016,7,14,231.66666666666666,7.954166666666668,24.770833333333332
2016,7,15,197.95833333333334,5.604166666666668,21.570833333333336
2016,7,16,173.54166666666666,4.0125,19.40833333333333
2016,7,17,176.5,6.970833333333332,23.1375
2016,7,18,208.125,4.6083333333333325,23.724999999999998
2016,7,19,187.20833333333334,2.741666666666666,22.829166666666666
2016,7,20,135.29166666666666,3.5250000000000004,24.766666666666666
2016,7,21,188.875,6.095833333333334,26.8625
2016,7,22,202.91666666666666,4.725,25.404166666666665
2016,7,23,176.04166666666666,3.608333333333333,27.200000000000003
2016,7,24,192.875,7.875,25.837499999999995
2016,7,25,205.75,5.133333333333334,24.262500000000003
2016,7,26,141.54166666666666,1.8875000000000002,23.96666666666667
2016,7,27,155.125,2.2625,24.77916666666667
2016,7,28,156.95833333333334,2.770833333333334,23.729166666666668
2016,7,29,149.66666666666666,3.383333333333334,22.429166666666664
2016,7,30,74.08333333333333,5.633333333333334,21.850000000000005
2016,7,31,143.16666666666666,3.291666666666668,21.916666666666668
2016,8,1,73.875,3.5958333333333328,22.604166666666668
2016,8,2,116.83333333333333,1.6333333333333329,24.037499999999998
2016,8,3,142.0,2.041666666666667,25.224999999999998
2016,8,4,150.0,3.841666666666667,25.8
2016,8,5,176.20833333333334,3.4416666666666664,25.549999999999997
2016,8,6,202.16666666666666,5.445833333333333,22.866666666666664
2016,8,7,141.16666666666666,2.8166666666666664,23.220833333333335
2016,8,8,75.375,5.745833333333333,23.820833333333336
2016,8,9,122.625,4.045833333333333,24.220833333333335
2016,8,10,162.16666666666666,2.016666666666667,26.187500000000004
2016,8,11,189.45833333333334,5.783333333333332,28.345833333333335
2016,8,12,213.5,5.0041666666666655,26.470833333333335
2016,8,13,215.20833333333334,3.6333333333333333,24.79583333333333
2016,8,14,153.79166666666666,3.2625000000000006,23.90416666666667
2016,8,15,157.20833333333334,4.225,23.24166666666667
2016,8,16,151.83333333333334,4.979166666666666,23.170833333333334
2016,8,17,221.04166666666666,3.1541666666666663,25.325000000000003
2016,8,18,200.375,4.237500000000001,25.63333333333333
2016,8,19,213.95833333333334,9.704166666666667,24.366666666666664
2016,8,20,209.5,7.104166666666665,24.158333333333342
2016,8,21,275.5,6.3875,19.795833333333334
2016,8,22,216.5,4.470833333333334,20.63333333333333
2016,8,23,192.95833333333334,4.7375,23.237499999999997
2016,8,24,203.16666666666666,7.845833333333334,24.683333333333334
2016,8,25,200.75,2.7125,23.64166666666667
2016,8,26,223.20833333333334,3.479166666666668,21.43333333333334
2016,8,27,120.45833333333333,4.249999999999999,22.97083333333333
2016,8,28,196.45833333333334,2.45,24.004166666666666
2016,8,29,93.95833333333333,2.8250000000000006,22.975000000000005
2016,8,30,208.25,3.016666666666666,23.33333333333333
2016,8,31,301.1666666666667,7.625000000000001,21.679166666666664
2016,9,1,135.29166666666666,9.266666666666667,20.575000000000003
2016,9,2,72.45833333333333,5.1125,20.329166666666666
2016,9,3,97.29166666666667,4.666666666666666,20.375
2016,9,4,131.16666666666666,3.2958333333333343,21.166666666666668
2016,9,5,179.58333333333334,6.829166666666667,25.175
2016,9,6,213.08333333333334,6.616666666666666,28.724999999999998
2016,9,7,212.79166666666666,6.5874999999999995,28.329166666666666
2016,9,8,243.41666666666666,5.458333333333333,25.287500000000005
2016,9,9,180.625,4.041666666666666,23.525000000000002
2016,9,10,261.375,4.616666666666667,21.187500000000004
2016,9,11,243.22727272727272,4.927272727272728,18.790909090909093
2016,9,12,182.25,5.779166666666668,21.600000000000005
2016,9,13,218.16666666666666,6.216666666666666,23.308333333333334
2016,9,14,116.41666666666667,6.512500000000002,20.258333333333333
2016,9,15,116.54166666666667,4.874999999999999,20.7375
2016,9,16,161.95833333333334,8.383333333333333,22.8875
2016,9,17,231.625,5.562499999999997,23.616666666666664
2016,9,18,179.16666666666666,2.9625000000000004,20.575
2016,9,19,202.95833333333334,6.650000000000001,23.80416666666666
2016,9,20,192.58333333333334,3.8375,22.10833333333333
2016,9,21,197.625,5.541666666666668,21.40833333333333
2016,9,22,176.76190476190476,4.238095238095237,23.038095238095234
2016,9,23,287.7916666666667,5.691666666666666,19.766666666666666
2016,9,24,77.54166666666667,4.9541666666666675,19.516666666666662
2016,9,25,139.66666666666666,6.270833333333333,21.25
2016,9,26,268.7916666666667,7.841666666666668,19.083333333333332
2016,9,27,253.95833333333334,6.458333333333333,16.85
2016,9,28,280.5416666666667,9.387500000000001,12.958333333333336
2016,9,29,62.666666666666664,10.254166666666668,16.462500000000002
2016,9,30,49.166666666666664,7.2124999999999995,16.320833333333336
2016,10,1,118.125,4.75,16.133333333333333
2016,10,2,265.8333333333333,4.258333333333333,15.404166666666669
2016,10,3,249.70833333333334,3.295833333333334,16.00833333333333
2016,10,4,135.83333333333334,4.204166666666667,17.320833333333336
2016,10,5,174.75,7.475000000000001,21.208333333333332
2016,10,6,174.66666666666666,3.6791666666666667,19.3625
2016,10,7,233.125,6.400000000000001,19.19166666666667
2016,10,8,223.79166666666666,4.325,11.237499999999999
2016,10,9,137.04166666666666,5.091666666666668,14.070833333333333
2016,10,10,129.45833333333334,6.620833333333333,14.966666666666667
2016,10,11,173.58333333333334,6.5,18.662499999999998
2016,10,12,218.5,7.775000000000001,17.749999999999996
2016,10,13,213.375,4.754166666666666,8.887500000000001
2016,10,14,178.04166666666666,4.737500000000001,12.558333333333337
2016,10,15,188.0,8.545833333333333,16.295833333333338
2016,10,16,181.70833333333334,6.091666666666666,20.03333333333334
2016,10,17,181.125,10.779166666666667,22.204166666666666
2016,10,18,208.29166666666666,10.945833333333333,22.22083333333333
2016,10,19,167.375,3.4333333333333336,16.033333333333328
2016,10,20,250.66666666666666,10.200000000000001,13.266666666666666
2016,10,21,316.25,9.966666666666669,8.995833333333334
2016,10,22,257.3333333333333,5.541666666666667,9.220833333333333
2016,10,23,227.16666666666666,5.979166666666668,14.804166666666667
2016,10,24,243.5,9.258333333333335,11.237500000000002
2016,10,25,102.375,5.695833333333333,10.541666666666668
2016,10,26,124.29166666666667,15.170833333333329,9.9625
2016,10,27,282.0,6.575000000000002,9.029166666666667
2016,10,28,201.66666666666666,6.120833333333334,10.779166666666669
2016,10,29,227.91666666666666,9.158333333333335,18.504166666666666
2016,10,30,49.75,8.566666666666665,12.195833333333335
2016,10,31,122.875,8.574999999999998,10.683333333333332
2016,11,1,199.08333333333334,8.804166666666669,19.437499999999996
2016,11,2,214.33333333333334,3.2750000000000004,16.37916666666667
2016,11,3,214.79166666666666,5.175000000000001,11.991666666666667
2016,11,4,81.5,4.554166666666666,12.233333333333334
2016,11,5,232.29166666666666,5.224999999999999,14.220833333333333
2016,11,6,225.46153846153845,5.776923076923075,12.884615384615385
2016,11,7,170.2608695652174,5.030434782608695,14.85217391304348
2016,11,8,222.76190476190476,7.27142857142857,13.933333333333332
2016,11,9,249.41666666666666,9.220833333333333,10.233333333333333
2016,11,10,220.04166666666666,6.4375,11.141666666666666
2016,11,11,188.75,12.704166666666666,11.441666666666668
2016,11,12,161.0,7.579166666666667,7.916666666666667
2016,11,13,223.08333333333334,7.491666666666667,8.516666666666667
2016,11,14,218.66666666666666,6.337500000000001,10.249999999999998
2016,11,15,204.75,3.870833333333333,9.858333333333334
2016,11,16,219.45833333333334,3.5958333333333328,9.658333333333335
2016,11,17,173.625,10.416666666666666,15.070833333333335
2016,11,18,214.375,11.475000000000001,17.329166666666666
2016,11,19,285.8333333333333,12.170833333333334,3.3875000000000006
2016,11,20,290.3333333333333,7.779166666666665,-1.2458333333333333
2016,11,21,254.79166666666666,6.375,-0.04999999999999997
2016,11,22,95.875,8.241666666666667,3.5041666666666664
2016,11,23,152.25,11.85416666666667,5.3166666666666655
2016,11,24,266.4166666666667,5.808333333333333,5.125000000000001
2016,11,25,257.8333333333333,4.808333333333334,3.604166666666666
2016,11,26,236.41666666666666,6.0625,4.3625
2016,11,27,201.45833333333334,10.174999999999999,4.333333333333333
2016,11,28,176.5,11.629166666666665,7.6000000000000005
2016,11,29,196.45833333333334,10.437499999999998,10.716666666666667
2016,11,30,227.70833333333334,7.558333333333334,6.037499999999999
2016,12,1,246.91666666666666,7.558333333333333,3.6833333333333336
2016,12,2,282.75,6.212499999999999,3.5374999999999996
2016,12,3,288.3333333333333,4.995833333333334,1.2
2016,12,4,201.66666666666666,3.9041666666666663,0.9166666666666666
2016,12,5,222.20833333333334,5.974999999999999,0.6791666666666668
2016,12,6,158.33333333333334,8.958333333333334,3.1125000000000003
2016,12,7,257.4583333333333,7.983333333333332,-2.3583333333333334
2016,12,8,266.3333333333333,10.858333333333333,-5.708333333333335
2016,12,9,273.875,7.325,-4.5375
2016,12,10,259.3333333333333,6.083333333333333,-5.7
2016,12,11,174.5,8.058333333333335,-2.2375000000000007
2016,12,12,248.91666666666666,8.208333333333334,-3.1041666666666665
2016,12,13,270.5,7.045833333333335,-7.583333333333332
2016,12,14,254.125,9.65,-10.924999999999999
2016,12,15,277.25,9.835,-15.245
2016,12,16,157.41666666666666,10.783333333333333,-7.558333333333333
2016,12,17,255.66666666666666,5.316666666666667,-5.591666666666666
2016,12,18,291.875,9.654166666666667,-10.933333333333332
2016,12,19,232.83333333333334,9.674999999999999,-16.229166666666668
2016,12,20,213.41666666666666,12.0875,-6.029166666666668
2016,12,21,218.25,7.412500000000001,-1.7833333333333334
2016,12,22,266.7083333333333,6.2749999999999995,2.3208333333333333
2016,12,23,201.70833333333334,6.537499999999999,0.6416666666666667
2016,12,24,228.75,4.804166666666668,2.0124999999999997
2016,12,25,128.0,8.912499999999998,1.0416666666666667
2016,12,26,194.95833333333334,12.304166666666669,7.954166666666668
2016,12,27,265.0833333333333,9.608333333333333,-1.7958333333333334
2016,12,28,206.16666666666666,8.35,1.0416666666666667
2016,12,29,259.25,10.554166666666667,1.55
2016,12,30,260.625,8.641666666666667,-0.8541666666666662
2016,12,31,233.41666666666666,12.574999999999996,2.920833333333333
2017,1,1,204.0,5.258333333333332,-0.9166666666666666
2017,1,2,109.29166666666667,3.1999999999999997,1.8208333333333329
2017,1,3,271.3333333333333,5.3291666666666675,3.3333333333333335
2017,1,4,275.5416666666667,11.4125,-7.670833333333333
2017,1,5,276.6666666666667,9.395833333333334,-12.537500000000001
2017,1,6,280.5,8.15,-15.208333333333334
2017,1,7,275.9583333333333,7.2583333333333355,-13.5
2017,1,8,258.9583333333333,7.237500000000001,-12.104166666666664
2017,1,9,197.33333333333334,9.0875,-5.187499999999999
2017,1,10,194.0,14.433333333333332,4.079166666666667
2017,1,11,233.29166666666666,11.516666666666667,0.625
2017,1,12,321.9166666666667,12.458333333333334,-2.9791666666666665
2017,1,13,271.4583333333333,9.674999999999999,-5.624999999999999
2017,1,14,117.58333333333333,5.004166666666667,-1.3916666666666666
2017,1,15,220.70833333333334,3.287500000000001,-2.025
2017,1,16,122.125,4.266666666666667,0.375
2017,1,17,200.95833333333334,6.241666666666667,3.2625000000000006
2017,1,18,245.04166666666666,7.3666666666666645,2.233333333333334
2017,1,19,189.45833333333334,6.920833333333333,1.9041666666666668
2017,1,20,99.70833333333333,4.033333333333332,2.454166666666666
2017,1,21,168.29166666666666,6.387499999999999,8.004166666666668
2017,1,22,206.375,3.4749999999999996,5.270833333333335
2017,1,23,344.7916666666667,8.820833333333333,2.8458333333333337
2017,1,24,254.20833333333334,4.970833333333333,2.904166666666667
2017,1,25,150.625,6.991666666666666,2.879166666666667
2017,1,26,281.3333333333333,9.374999999999998,1.0666666666666669
2017,1,27,273.625,8.941666666666665,-1.8499999999999999
2017,1,28,268.0833333333333,7.479166666666668,-2.5250000000000004
2017,1,29,282.25,7.016666666666667,-2.7125000000000004
2017,1,30,259.0833333333333,9.308333333333334,-4.945833333333332
2017,1,31,259.3333333333333,9.345833333333335,2.8125
2017,2,1,275.5416666666667,7.941666666666667,2.033333333333333
2017,2,2,290.5833333333333,9.383333333333333,-6.216666666666668
2017,2,3,289.4583333333333,8.733333333333333,-6.933333333333334
2017,2,4,223.58333333333334,8.15,-3.875
2017,2,5,222.95833333333334,8.933333333333332,0.9833333333333335
2017,2,6,161.5,5.791666666666667,1.7583333333333335
2017,2,7,203.95833333333334,10.295833333333333,5.675
2017,2,8,313.3333333333333,9.991666666666667,-0.8583333333333333
2017,2,9,293.5416666666667,10.954166666666667,-7.308333333333333
2017,2,10,202.95833333333334,10.154166666666667,-2.6750000000000003
2017,2,11,249.16666666666666,5.866666666666667,5.1499999999999995
2017,2,12,307.125,11.283333333333331,3.9458333333333333
2017,2,13,262.4583333333333,7.791666666666667,2.845833333333333
2017,2,14,249.58333333333334,8.600000000000003,5.491666666666667
2017,2,15,314.75,9.858333333333333,0.7458333333333335
2017,2,16,230.25,8.229166666666666,-0.10833333333333334
2017,2,17,173.45833333333334,6.379166666666666,7.300000000000001
2017,2,18,223.70833333333334,6.425000000000001,12.7125
2017,2,19,188.54166666666666,3.0124999999999997,9.737499999999999
2017,2,20,143.29166666666666,6.425000000000001,7.195833333333334
2017,2,21,200.70833333333334,7.454166666666667,14.529166666666667
2017,2,22,206.3181818181818,8.013636363636364,14.459090909090907
2017,2,23,181.70833333333334,8.687500000000002,9.608333333333334
2017,2,24,210.79166666666666,15.000000000000002,3.3249999999999993
2017,2,25,281.9166666666667,9.441666666666668,-2.1874999999999996
2017,2,26,227.29166666666666,9.6625,0.5666666666666663
2017,2,27,195.70833333333334,5.804166666666666,4.279166666666668
2017,2,28,172.70833333333334,10.337500000000002,9.624999999999998
2017,3,1,254.7826086956522,8.999999999999998,6.443478260869565
2017,3,2,277.25,7.6333333333333355,-0.7374999999999999
2017,3,3,251.08333333333334,7.616666666666668,-3.6916666666666664
2017,3,4,141.625,12.0,-0.3791666666666669
2017,3,5,152.91666666666666,14.12916666666667,5.283333333333332
2017,3,6,195.41666666666666,13.583333333333336,12.429166666666667
2017,3,7,229.20833333333334,13.608333333333336,12.233333333333333
2017,3,8,241.70833333333334,13.345833333333333,7.895833333333332
2017,3,9,179.70833333333334,8.112499999999999,2.8791666666666678
2017,3,10,262.7916666666667,10.491666666666665,-1.5125000000000002
2017,3,11,223.70833333333334,8.145833333333334,-6.216666666666666
2017,3,12,197.52173913043478,6.465217391304349,-3.478260869565218
2017,3,13,98.875,12.529166666666667,-2.3666666666666667
2017,3,14,139.04166666666666,14.591666666666663,-3.754166666666667
2017,3,15,281.875,9.808333333333332,-4.695833333333335
2017,3,16,227.20833333333334,6.716666666666668,-1.0458333333333332
2017,3,17,174.33333333333334,6.7541666666666655,3.1916666666666664
2017,3,18,267.8333333333333,7.770833333333333,4.933333333333334
2017,3,19,196.13636363636363,5.449999999999999,3.127272727272727
2017,3,20,198.41666666666666,7.941666666666666,5.212500000000001
2017,3,21,242.29166666666666,9.820833333333333,4.7
2017,3,22,35.17391304347826,13.860869565217389,-1.1695652173913043
2017,3,23,133.41666666666666,11.000000000000002,1.6249999999999998
2017,3,24,221.16666666666666,10.683333333333335,13.20833333333333
2017,3,25,277.4166666666667,13.300000000000002,3.9041666666666663
2017,3,26,153.83333333333334,5.979166666666668,7.7625
2017,3,27,261.2083333333333,5.483333333333333,6.933333333333334
2017,3,28,347.8421052631579,10.668421052631576,3.594736842105264
2017,3,29,95.0,8.466666666666669,2.733333333333334
2017,3,30,61.25,11.445833333333335,4.5874999999999995
2017,3,31,151.91666666666666,17.754166666666663,3.241666666666667
2017,4,1,225.33333333333334,6.858333333333332,4.716666666666667
2017,4,2,171.25,4.066666666666666,7.641666666666667
2017,4,3,98.29166666666667,4.045833333333333,6.100000000000001
2017,4,4,234.375,10.845833333333333,7.545833333333334
2017,4,5,99.125,10.845833333333331,5.2125
2017,4,6,291.4166666666667,22.683333333333337,4.370833333333334
2017,4,7,287.0833333333333,12.262500000000001,4.599999999999999
2017,4,8,198.125,8.995833333333332,10.804166666666667
2017,4,9,191.875,13.595833333333333,18.12916666666667
2017,4,10,206.875,12.037500000000003,19.070833333333333
2017,4,11,230.08333333333334,8.841666666666667,6.9375
2017,4,12,160.875,5.129166666666666,6.916666666666667
2017,4,13,82.54166666666667,7.7375,7.141666666666667
2017,4,14,112.04166666666667,6.0874999999999995,7.5375000000000005
2017,4,15,200.70833333333334,11.766666666666666,20.275
2017,4,16,250.125,9.066666666666666,19.891666666666666
2017,4,17,218.54166666666666,7.025000000000001,12.208333333333334
2017,4,18,205.66666666666666,7.383333333333333,11.637500000000001
2017,4,19,171.625,7.429166666666667,15.933333333333332
2017,4,20,179.0,9.6,12.4125
2017,4,21,211.625,10.483333333333333,8.579166666666667
2017,4,22,110.83333333333333,11.200000000000001,6.991666666666666
2017,4,23,201.08333333333334,4.7124999999999995,10.566666666666666
2017,4,24,143.79166666666666,6.054166666666666,7.9125000000000005
2017,4,25,139.66666666666666,7.912499999999999,14.158333333333337
2017,4,26,185.95833333333334,9.083333333333332,19.1375
2017,4,27,210.58333333333334,7.520833333333335,11.816666666666668
2017,4,28,155.91666666666666,3.8541666666666665,7.5583333333333345
2017,4,29,51.708333333333336,17.808333333333337,6.033333333333335
2017,4,30,84.625,18.02916666666667,5.9750000000000005
2017,5,1,161.70833333333334,9.570833333333333,10.033333333333331
2017,5,2,249.75,9.425,7.454166666666667
2017,5,3,154.91666666666666,5.8374999999999995,7.879166666666667
2017,5,4,86.79166666666667,7.504166666666667,7.620833333333333
2017,5,5,291.4166666666667,15.958333333333336,6.625
2017,5,6,310.375,10.958333333333334,7.595833333333332
2017,5,7,219.125,8.654166666666663,6.695833333333334
2017,5,8,61.041666666666664,6.166666666666667,5.5625
2017,5,9,85.79166666666667,5.525000000000001,6.9875
2017,5,10,137.29166666666666,3.879166666666667,9.137500000000001
2017,5,11,137.66666666666666,12.854166666666666,9.129166666666666
2017,5,12,224.08333333333334,4.766666666666667,10.304166666666665
2017,5,13,237.375,4.858333333333333,16.645833333333332
2017,5,14,215.58333333333334,6.033333333333334,11.616666666666662
2017,5,15,124.16666666666667,4.75,12.012499999999998
2017,5,16,179.08333333333334,8.700000000000001,22.924999999999997
2017,5,17,193.08333333333334,10.750000000000002,25.762500000000003
2017,5,18,236.33333333333334,11.537500000000001,23.3875
2017,5,19,20.458333333333332,15.0,7.362500000000001
2017,5,20,76.20833333333333,10.004166666666666,9.983333333333334
2017,5,21,226.91666666666666,5.504166666666666,15.283333333333337
2017,5,22,236.20833333333334,8.299999999999999,14.845833333333333
2017,5,23,194.58333333333334,6.187499999999997,15.341666666666669
2017,5,24,225.54166666666666,9.095833333333333,11.170833333333334
2017,5,25,340.6666666666667,11.466666666666667,11.1875
2017,5,26,180.20833333333334,3.983333333333333,13.062500000000005
2017,5,27,157.91666666666666,4.7666666666666675,12.520833333333334
2017,5,28,123.29166666666667,3.7291666666666674,13.958333333333334
2017,5,29,240.5,7.579166666666667,20.954166666666666
2017,5,30,245.70833333333334,5.833333333333333,18.7625
2017,5,31,272.0,5.2625,18.13333333333333
2017,6,1,182.5,4.125,16.162499999999998
2017,6,2,163.875,4.295833333333333,18.816666666666666
2017,6,3,166.58333333333334,4.6000000000000005,21.04583333333333
2017,6,4,228.91666666666666,5.129166666666667,26.212500000000002
2017,6,5,283.4583333333333,6.4624999999999995,17.050000000000004
2017,6,6,305.5833333333333,9.158333333333331,13.65
2017,6,7,222.66666666666666,5.583333333333332,14.779166666666667
2017,6,8,170.875,2.9249999999999994,17.60833333333333
2017,6,9,184.29166666666666,6.108333333333332,20.525000000000002
2017,6,10,165.08333333333334,8.208333333333334,22.95416666666667
2017,6,11,197.375,8.654166666666667,27.508333333333336
2017,6,12,205.75,9.245833333333335,29.162499999999998
2017,6,13,179.75,4.441666666666666,20.1375
2017,6,14,147.04166666666666,6.033333333333334,20.004166666666666
2017,6,15,191.16666666666666,7.1875,22.962500000000006
2017,6,16,212.41666666666666,6.237500000000001,24.804166666666664
2017,6,17,175.66666666666666,5.925000000000001,24.44583333333333
2017,6,18,244.875,7.041666666666665,22.516666666666666
2017,6,19,252.0,5.829166666666666,21.116666666666667
2017,6,20,204.79166666666666,5.791666666666668,19.004166666666666
2017,6,21,132.0,2.3499999999999996,17.558333333333337
2017,6,22,187.5,7.675,25.229166666666668
2017,6,23,201.625,5.545833333333333,22.841666666666665
2017,6,24,288.0833333333333,7.708333333333332,20.6625
2017,6,25,269.2083333333333,6.566666666666667,18.083333333333332
2017,6,26,267.9166666666667,6.783333333333334,17.729166666666664
2017,6,27,231.79166666666666,4.654166666666667,17.0875
2017,6,28,186.75,8.020833333333334,20.679166666666664
2017,6,29,211.41666666666666,8.141666666666667,23.479166666666668
2017,6,30,186.16666666666666,4.2749999999999995,20.95
2017,7,1,236.66666666666666,5.454166666666667,22.912499999999998
2017,7,2,248.16666666666666,4.2625,23.833333333333332
2017,7,3,170.41666666666666,4.995833333333333,20.09583333333333
2017,7,4,138.125,3.866666666666667,20.06666666666667
2017,7,5,144.08333333333334,2.808333333333333,21.787500000000005
2017,7,6,168.5,4.449999999999999,24.55
2017,7,7,182.125,4.883333333333334,24.825
2017,7,8,156.95833333333334,5.7375,19.400000000000002
2017,7,9,194.08333333333334,5.25,22.766666666666666
2017,7,10,175.375,4.704166666666667,23.620833333333334
2017,7,11,195.70833333333334,3.3375000000000004,22.287500000000005
2017,7,12,196.45833333333334,6.175000000000001,23.57083333333334
2017,7,13,239.83333333333334,4.704166666666667,25.412500000000005
2017,7,14,225.5,5.858333333333334,20.754166666666666
2017,7,15,188.83333333333334,3.7291666666666674,20.129166666666666
2017,7,16,224.70833333333334,8.712500000000002,21.04583333333333
2017,7,17,137.91666666666666,5.379166666666666,18.937499999999996
2017,7,18,147.75,2.308333333333333,20.98333333333333
2017,7,19,143.0,4.308333333333334,24.179166666666664
2017,7,20,196.45833333333334,4.641666666666667,23.208333333333332
2017,7,21,155.16666666666666,2.6999999999999997,24.19583333333333
2017,7,22,156.375,4.591666666666667,23.02083333333334
2017,7,23,189.5,2.6999999999999997,24.518181818181816
2017,7,24,136.91666666666666,7.745833333333334,20.616666666666664
2017,7,25,121.75,4.999999999999999,21.420833333333334
2017,7,26,183.29166666666666,5.479166666666667,24.716666666666672
2017,7,27,245.66666666666666,6.425000000000001,23.0625
2017,7,28,213.875,8.233333333333333,21.654166666666665
2017,7,29,127.875,8.745833333333334,21.020833333333336
2017,7,30,140.16666666666666,4.6875,21.47916666666666
2017,7,31,164.5,2.058333333333333,22.77083333333334
2017,8,1,153.79166666666666,2.725,23.545833333333334
2017,8,2,178.125,3.995833333333333,23.78333333333333
2017,8,3,174.375,4.379166666666666,22.766666666666662
2017,8,4,264.0416666666667,8.375,17.12916666666667
2017,8,5,199.0,3.3874999999999993,19.64166666666667
2017,8,6,189.58333333333334,4.241666666666667,21.59583333333333
2017,8,7,177.125,5.916666666666667,20.420833333333338
2017,8,8,191.5,4.7125,20.566666666666674
2017,8,9,221.78571428571428,2.935714285714286,21.607142857142854
2017,8,10,225.0,8.371428571428572,26.885714285714283
2017,8,11,217.29166666666666,4.458333333333334,21.441666666666666
2017,8,12,245.20833333333334,10.158333333333335,19.262499999999996
2017,8,13,139.08333333333334,2.466666666666667,20.1
2017,8,14,129.20833333333334,1.9333333333333336,22.058333333333334
2017,8,15,165.04166666666666,3.241666666666667,22.1125
2017,8,16,90.66666666666667,3.3833333333333333,22.825000000000003
2017,8,17,208.54166666666666,7.887500000000002,25.025000000000006
2017,8,18,270.75,10.716666666666663,23.39583333333333
2017,8,19,198.20833333333334,4.304166666666666,21.84166666666667
2017,8,20,169.70833333333334,3.6208333333333336,23.770833333333332
2017,8,21,192.42857142857142,5.5357142857142865,25.24285714285714
2017,8,22,262.75,7.508333333333334,24.058333333333334
2017,8,23,197.625,5.279166666666667,19.766666666666662
2017,8,24,162.25,5.254166666666667,18.758333333333336
2017,8,25,166.54166666666666,3.720833333333333,17.770833333333332
2017,8,26,120.08333333333333,4.758333333333334,20.150000000000002
2017,8,27,155.25,5.804166666666666,20.89166666666667
2017,8,28,159.79166666666666,3.9583333333333335,20.7375
2017,8,29,157.625,3.2875,20.383333333333333
2017,8,30,204.29166666666666,2.891666666666666,20.287499999999998
2017,8,31,77.29166666666667,8.800000000000002,19.849999999999998
2017,9,1,73.29166666666667,7.125,17.400000000000002
2017,9,2,107.375,4.4624999999999995,17.916666666666664
2017,9,3,184.70833333333334,4.3625,19.15833333333333
2017,9,4,245.08333333333334,7.320833333333333,23.199999999999992
2017,9,5,293.2083333333333,6.7,17.25
2017,9,6,271.7083333333333,6.662499999999999,13.583333333333336
2017,9,7,274.375,5.829166666666668,15.4625
2017,9,8,149.54166666666666,4.266666666666667,16.716666666666665
2017,9,9,91.83333333333333,6.55,17.404166666666665
2017,9,10,113.20833333333333,5.3999999999999995,17.0
2017,9,11,115.375,4.320833333333334,17.55
2017,9,12,76.875,4.145833333333333,18.725
2017,9,13,115.5,2.8458333333333337,19.166666666666664
2017,9,14,157.08333333333334,4.204166666666667,18.849999999999998
2017,9,15,160.54166666666666,5.658333333333332,21.420833333333334
2017,9,16,164.125,6.104166666666667,22.60833333333333
2017,9,17,154.29166666666666,4.191666666666667,23.650000000000002
2017,9,18,109.375,4.954166666666667,19.441666666666666
2017,9,19,74.08333333333333,3.5500000000000003,19.775000000000002
2017,9,20,138.0,5.8625,22.808333333333326
2017,9,21,164.91666666666666,4.2625,26.4875
2017,9,22,163.91666666666666,4.783333333333332,26.191666666666666
2017,9,23,154.79166666666666,3.9875000000000007,25.504166666666663
2017,9,24,143.25,3.1333333333333333,24.162500000000005
2017,9,25,163.16666666666666,4.812499999999999,24.0625
2017,9,26,195.45833333333334,4.5041666666666655,27.595833333333335
2017,9,27,286.5,6.533333333333332,20.112500000000004
2017,9,28,221.25,5.745833333333334,15.916666666666664
2017,9,29,213.58333333333334,6.579166666666666,17.1375
2017,9,30,78.375,6.6499999999999995,15.733333333333336
2017,10,1,136.16666666666666,6.683333333333334,16.395833333333336
2017,10,2,159.45833333333334,7.545833333333334,20.47083333333334
2017,10,3,185.75,9.66666666666667,22.29166666666666
2017,10,4,179.625,6.933333333333334,20.40416666666667
2017,10,5,188.25,3.179166666666666,17.079166666666666
2017,10,6,103.5,4.295833333333333,17.47083333333333
2017,10,7,192.20833333333334,9.141666666666664,21.029166666666665
2017,10,8,205.08333333333334,6.070833333333333,17.216666666666665
2017,10,9,196.95833333333334,3.358333333333333,18.350000000000005
2017,10,10,65.75,7.754166666666666,16.45
2017,10,11,63.083333333333336,13.095833333333333,14.983333333333334
2017,10,12,113.0,4.983333333333333,14.116666666666667
2017,10,13,168.54166666666666,4.383333333333332,15.775
2017,10,14,152.375,4.016666666666667,16.695833333333336
2017,10,15,239.95833333333334,8.950000000000001,15.1875
2017,10,16,258.2916666666667,5.008333333333334,11.337499999999999
2017,10,17,214.79166666666666,7.341666666666669,14.879166666666665
2017,10,18,208.0,9.787500000000001,16.075
2017,10,19,187.79166666666666,5.358333333333334,15.541666666666664
2017,10,20,186.75,6.587499999999999,18.900000000000002
2017,10,21,185.5,9.975,20.566666666666663
2017,10,22,203.125,9.137500000000001,18.8875
2017,10,23,269.375,8.662499999999998,11.5375
2017,10,24,244.125,5.929166666666666,8.774999999999999
2017,10,25,243.54166666666666,4.708333333333332,6.766666666666667
2017,10,26,170.875,8.783333333333333,9.791666666666666
2017,10,27,235.54166666666666,8.979166666666668,7.274999999999999
2017,10,28,251.95833333333334,6.4750000000000005,3.7624999999999997
2017,10,29,254.95833333333334,4.491666666666666,4.5125
2017,10,30,243.79166666666666,7.379166666666666,7.050000000000001
2017,10,31,254.91666666666666,8.266666666666666,3.125
2017,11,1,170.04166666666666,7.895833333333332,4.449999999999999
2017,11,2,158.75,5.008333333333332,8.220833333333333
2017,11,3,215.5,9.629166666666668,7.441666666666666
2017,11,4,118.0,10.654166666666667,8.112499999999999
2017,11,5,218.6086956521739,3.6608695652173915,9.81304347826087
2017,11,6,250.91666666666666,8.491666666666667,4.970833333333332
2017,11,7,111.25,8.429166666666665,6.233333333333333
2017,11,8,259.5833333333333,4.387499999999999,4.116666666666666
2017,11,9,255.45833333333334,6.9875,4.358333333333333
2017,11,10,267.0,12.149999999999999,-4.070833333333334
2017,11,11,168.79166666666666,7.679166666666668,-0.7291666666666666
2017,11,12,237.66666666666666,3.7125,3.979166666666666
2017,11,13,268.9166666666667,4.920833333333333,3.1583333333333337
2017,11,14,189.66666666666666,6.416666666666667,5.4291666666666645
2017,11,15,203.0,13.866666666666665,8.695833333333333
2017,11,16,286.0833333333333,7.345833333333332,2.158333333333333
2017,11,17,160.08333333333334,8.170833333333334,4.091666666666667
2017,11,18,222.5,16.175,5.870833333333334
2017,11,19,292.0833333333333,8.7,1.2916666666666663
2017,11,20,218.83333333333334,10.158333333333335,4.5375
2017,11,21,244.79166666666666,16.799999999999997,5.8374999999999995
2017,11,22,278.625,6.787500000000002,-1.6708333333333334
2017,11,23,215.0,7.333333333333335,2.8791666666666664
2017,11,24,204.625,11.1,8.025
2017,11,25,278.9583333333333,8.004166666666666,9.312499999999998
2017,11,26,266.125,6.5249999999999995,4.354166666666667
2017,11,27,187.45833333333334,5.4125000000000005,7.55
2017,11,28,217.95833333333334,11.612499999999999,13.362500000000004
2017,11,29,178.25,5.358333333333333,6.516666666666666
2017,11,30,247.83333333333334,7.266666666666666,8.491666666666667
2017,12,1,235.875,5.558333333333331,6.845833333333332
2017,12,2,211.29166666666666,6.2,8.220833333333333
2017,12,3,210.83333333333334,4.379166666666666,7.7583333333333355
2017,12,4,177.04166666666666,16.79583333333333,13.6
2017,12,5,240.66666666666666,12.574999999999998,4.775000000000001
2017,12,6,261.4583333333333,10.654166666666665,-0.46250000000000013
2017,12,7,275.75,9.433333333333335,-3.9249999999999994
2017,12,8,244.16666666666666,7.679166666666668,-3.5291666666666672
2017,12,9,265.0416666666667,9.358333333333333,-1.5916666666666666
2017,12,10,247.45454545454547,6.681818181818182,-5.154545454545454
2017,12,11,194.8,6.180000000000001,1.16
2017,12,12,303.5416666666667,11.083333333333336,-4.783333333333334
2017,12,13,222.375,8.491666666666669,-2.6541666666666663
2017,12,14,286.2083333333333,10.095833333333333,-4.4125
2017,12,15,253.16666666666666,7.5125,-2.870833333333333
2017,12,16,191.41666666666666,6.116666666666668,3.7291666666666674
2017,12,17,108.16666666666667,3.7291666666666665,3.4499999999999997
2017,12,18,222.875,4.745833333333333,6.341666666666665
2017,12,19,244.83333333333334,8.858333333333334,6.904166666666666
2017,12,20,184.70833333333334,8.308333333333335,0.9291666666666667
2017,12,21,109.375,8.075,1.8499999999999999
2017,12,22,185.66666666666666,5.55,2.7458333333333336
2017,12,23,309.1666666666667,7.025000000000001,-0.85
2017,12,24,272.25,7.0541666666666645,-5.479166666666667
2017,12,25,266.9583333333333,10.645833333333332,-8.745833333333335
2017,12,26,272.125,7.683333333333334,-16.2625
2017,12,27,280.7368421052632,6.842105263157895,-16.742105263157892
2017,12,28,235.95833333333334,6.0249999999999995,-13.449999999999998
2017,12,29,254.79166666666666,7.2541666666666655,-10.89583333333333
2017,12,30,287.625,7.991666666666666,-12.9625
2017,12,31,288.875,7.104166666666667,-15.204166666666667
2018,1,1,279.25,9.520833333333332,-18.558333333333334
2018,1,2,245.29166666666666,9.970833333333333,-18.062500000000004
2018,1,3,261.9166666666667,9.008333333333335,-11.091666666666669
2018,1,4,305.0833333333333,10.083333333333332,-13.625000000000005
2018,1,5,298.9166666666667,8.816666666666666,-14.774999999999997
2018,1,6,262.5833333333333,6.208333333333332,-13.741666666666665
2018,1,7,204.125,11.833333333333329,-7.679166666666668
2018,1,8,235.25,9.316666666666665,1.3499999999999999
2018,1,9,208.83333333333334,6.779166666666668,-0.09583333333333334
2018,1,10,172.66666666666666,11.5375,3.6208333333333336
2018,1,11,205.29166666666666,14.575000000000001,13.354166666666666
2018,1,12,327.4583333333333,17.420833333333334,-4.345833333333332
2018,1,13,283.2083333333333,11.154166666666667,-10.683333333333332
2018,1,14,233.04166666666666,5.7458333333333345,-10.579166666666667
2018,1,15,193.20833333333334,9.166666666666666,-7.266666666666666
2018,1,16,271.875,10.237499999999999,-9.025
2018,1,17,262.4583333333333,7.983333333333333,-8.891666666666667
2018,1,18,230.75,12.499999999999998,-5.191666666666668
2018,1,19,222.08333333333334,12.304166666666667,1.4625000000000001
2018,1,20,224.54166666666666,8.5875,5.050000000000001
2018,1,21,169.375,4.5,4.187500000000001
2018,1,22,161.625,9.487499999999999,6.958333333333332
2018,1,23,276.3478260869565,7.865217391304348,1.4173913043478268
2018,1,24,279.7083333333333,5.337500000000001,-1.991666666666667
2018,1,25,187.5,7.595833333333334,0.19583333333333322
2018,1,26,189.83333333333334,12.991666666666667,6.195833333333333
2018,1,27,231.66666666666666,12.576190476190478,9.142857142857142
2018,1,28,224.57142857142858,7.5285714285714285,2.0857142857142854
2018,1,29,277.875,14.316666666666668,-2.8958333333333335
2018,1,30,246.25,7.704166666666668,-5.774999999999999
2018,1,31,186.92857142857142,20.349999999999998,-0.2857142857142857
2018,2,1,303.25,11.325000000000001,-8.049999999999999
2018,2,2,276.0,7.625,-12.129166666666665
2018,2,3,208.375,12.820833333333333,-2.849999999999999
2018,2,4,256.875,16.716666666666665,-3.7375000000000003
2018,2,5,247.875,6.866666666666668,-13.783333333333331
2018,2,6,218.58333333333334,5.991666666666667,-10.633333333333333
2018,2,7,275.375,6.325000000000002,-7.954166666666667
2018,2,8,254.66666666666666,5.612500000000001,-9.316666666666665
2018,2,9,94.70833333333333,10.245833333333335,-4.358333333333333
2018,2,10,309.9583333333333,12.475,-6.412499999999999
2018,2,11,208.16666666666666,8.129166666666665,-5.345833333333334
2018,2,12,263.9166666666667,7.604166666666665,-8.570833333333333
2018,2,13,116.58333333333333,7.583333333333335,-4.3375
2018,2,14,204.25,7.958333333333332,2.0625
2018,2,15,221.70833333333334,6.883333333333333,5.2875
2018,2,16,309.7916666666667,10.237500000000002,1.7624999999999995
2018,2,17,225.54166666666666,6.012499999999999,-3.054166666666666
2018,2,18,210.75,8.970833333333335,-1.3583333333333334
2018,2,19,178.54166666666666,10.220833333333335,6.387499999999999
2018,2,20,191.79166666666666,17.754166666666666,14.975000000000001
2018,2,21,231.29166666666666,13.466666666666663,-0.6500000000000002
2018,2,22,42.25,11.545833333333333,0.2333333333333334
2018,2,23,185.45833333333334,8.633333333333335,3.6458333333333335
2018,2,24,142.16666666666666,9.354166666666666,1.9083333333333332
2018,2,25,211.25,15.854166666666666,4.145833333333333
2018,2,26,224.875,6.2375,6.1000000000000005
2018,2,27,198.91666666666666,11.295833333333334,10.379166666666665
2018,2,28,200.0,9.870833333333335,9.4125
2018,3,1,291.1666666666667,14.3125,2.35
2018,3,2,246.41666666666666,7.037500000000001,1.2958333333333336
2018,3,3,107.66666666666667,5.55,1.325
2018,3,4,99.66666666666667,8.737499999999999,1.9416666666666667
2018,3,5,107.20833333333333,11.658333333333333,1.8625000000000005
2018,3,6,169.29166666666666,9.958333333333332,1.8916666666666668
2018,3,7,311.7083333333333,9.454166666666666,-0.9541666666666667
2018,3,8,293.1666666666667,7.816666666666667,-2.4583333333333335
2018,3,9,186.70833333333334,5.75,-1.645833333333333
2018,3,10,90.20833333333333,5.033333333333334,0.18333333333333332
2018,3,11,63.708333333333336,9.270833333333332,0.5791666666666667
2018,3,12,185.5,5.829166666666668,2.0083333333333333
2018,3,13,257.0833333333333,11.641666666666664,-0.5666666666666668
2018,3,14,272.125,8.383333333333331,0.4124999999999996
2018,3,15,166.47826086956522,7.052173913043478,2.7000000000000006
2018,3,16,39.291666666666664,11.025,-0.7666666666666666
2018,3,17,125.41666666666667,9.579166666666667,1.4541666666666666
2018,3,18,202.17391304347825,5.021739130434782,4.034782608695653
2018,3,19,61.333333333333336,11.987500000000002,3.254166666666666
2018,3,20,99.58333333333333,17.233333333333338,-0.18749999999999997
2018,3,21,115.79166666666667,15.591666666666669,-0.041666666666666664
2018,3,22,179.04166666666666,7.008333333333333,0.42916666666666664
2018,3,23,41.416666666666664,7.804166666666667,1.425
2018,3,24,71.54166666666667,12.066666666666668,1.666666666666667
2018,3,25,62.958333333333336,14.429166666666665,-0.04583333333333348
2018,3,26,109.375,8.916666666666668,2.7708333333333335
2018,3,27,221.95833333333334,7.312500000000001,8.65
2018,3,28,182.04166666666666,3.458333333333334,4.416666666666667
2018,3,29,227.58333333333334,6.204166666666667,4.216666666666667
2018,3,30,169.33333333333334,10.945833333333335,2.120833333333333
2018,3,31,219.375,9.674999999999999,7.141666666666666
2018,4,1,269.0833333333333,7.6625000000000005,-0.3875
2018,4,2,186.16666666666666,5.270833333333333,-0.5416666666666666
2018,4,3,78.08333333333333,10.841666666666667,2.9916666666666676
2018,4,4,292.7083333333333,10.058333333333334,-0.3666666666666667
2018,4,5,237.20833333333334,7.141666666666666,0.08749999999999993
2018,4,6,249.83333333333334,9.966666666666665,1.5666666666666667
2018,4,7,250.08333333333334,6.616666666666666,-3.0875000000000004
2018,4,8,150.70833333333334,6.300000000000001,-1.1708333333333332
2018,4,9,67.08333333333333,7.083333333333333,0.16666666666666666
2018,4,10,207.70833333333334,4.904166666666667,2.2375000000000003
2018,4,11,191.45833333333334,7.804166666666668,6.945833333333333
2018,4,12,184.04166666666666,7.491666666666668,10.858333333333334
2018,4,13,226.25,10.041666666666666,4.420833333333333
2018,4,14,67.70833333333333,19.124999999999996,3.266666666666666
2018,4,15,113.125,14.808333333333332,1.6499999999999997
2018,4,16,290.2916666666667,9.124999999999998,-0.8874999999999998
2018,4,17,230.45833333333334,8.425,0.5750000000000001
2018,4,18,72.625,10.887500000000001,1.4249999999999998
2018,4,19,261.4166666666667,12.654166666666663,2.845833333333333
2018,4,20,231.16666666666666,5.008333333333332,5.5
2018,4,21,110.20833333333333,2.5500000000000003,4.704166666666668
2018,4,22,208.0,6.133333333333333,5.4750000000000005
2018,4,23,215.58333333333334,9.670833333333334,6.066666666666666
2018,4,24,294.1666666666667,6.395833333333332,6.820833333333333
2018,4,25,264.2083333333333,12.866666666666669,5.158333333333332
2018,4,26,192.625,4.7,6.125
2018,4,27,181.83333333333334,10.799999999999999,7.8666666666666645
2018,4,28,167.875,14.904166666666663,3.9708333333333328
2018,4,29,158.79166666666666,7.320833333333333,4.104166666666667
2018,4,30,179.75,8.433333333333335,13.887500000000003
2018,5,1,203.2173913043478,12.178260869565218,22.156521739130437
2018,5,2,206.625,12.549999999999999,24.42916666666667
2018,5,3,142.95833333333334,5.925,12.141666666666666
2018,5,4,222.58333333333334,10.416666666666666,17.8875
2018,5,5,235.58333333333334,5.179166666666667,21.166666666666664
2018,5,6,282.4166666666667,8.254166666666665,10.637500000000001
2018,5,7,223.54166666666666,6.720833333333334,10.862499999999999
2018,5,8,176.45833333333334,5.691666666666667,17.783333333333335
2018,5,9,173.45833333333334,8.904166666666667,19.249999999999996
2018,5,10,216.29166666666666,5.5583333333333345,16.2125
2018,5,11,86.625,11.108333333333333,8.3
2018,5,12,39.458333333333336,11.795833333333334,6.849999999999999
2018,5,13,114.66666666666667,7.458333333333333,8.012500000000001
2018,5,14,185.29166666666666,5.7749999999999995,12.908333333333331
2018,5,15,252.91666666666666,6.595833333333334,13.104166666666664
2018,5,16,233.0,5.1937500000000005,10.0625
2018,5,17,348.7,11.739999999999998,8.309999999999999
2018,5,18,261.04347826086956,9.091304347826087,9.69130434782609
2018,5,19,111.70833333333333,4.312500000000001,10.745833333333335
2018,5,20,117.16666666666667,9.470833333333335,7.754166666666666
2018,5,21,104.5,5.375,9.487499999999999
2018,5,22,174.95833333333334,4.625000000000001,9.945833333333333
2018,5,23,150.625,2.6833333333333336,13.070833333333333
2018,5,24,140.33333333333334,5.054166666666666,16.445833333333333
2018,5,25,192.58333333333334,5.816666666666666,23.675000000000008
2018,5,26,203.29166666666666,5.304166666666666,23.524999999999995
2018,5,27,160.79166666666666,3.6249999999999996,24.191666666666666
2018,5,28,207.20833333333334,4.545833333333333,24.387500000000003
2018,5,29,244.875,4.470833333333334,17.083333333333332
2018,5,30,209.79166666666666,4.449999999999999,18.6875
2018,5,31,218.33333333333334,5.237500000000001,25.179166666666664
2018,6,1,208.08333333333334,7.733333333333333,15.804166666666665
2018,6,2,234.25,8.629166666666666,11.666666666666664
2018,6,3,282.0416666666667,6.466666666666666,17.937500000000004
2018,6,4,261.7826086956522,6.878260869565217,19.03478260869565
2018,6,5,210.125,7.791666666666665,16.587499999999995
2018,6,6,150.0,5.337500000000001,13.904166666666667
2018,6,7,214.91666666666666,4.1375,15.2875
2018,6,8,267.3333333333333,5.345833333333332,13.650000000000004
2018,6,9,142.375,3.7166666666666663,13.683333333333335
2018,6,10,187.33333333333334,4.308333333333334,14.587500000000006
2018,6,11,87.79166666666667,4.858333333333332,14.816666666666668
2018,6,12,115.79166666666667,3.2624999999999997,16.45416666666667
2018,6,13,206.29166666666666,3.9416666666666664,20.345833333333335
2018,6,14,154.375,3.1291666666666664,20.45
2018,6,15,115.875,3.2624999999999997,19.570833333333333
2018,6,16,179.91666666666666,5.970833333333335,23.78333333333333
2018,6,17,204.54166666666666,5.791666666666667,29.60833333333333
2018,6,18,230.66666666666666,7.341666666666668,29.650000000000002
2018,6,19,253.70833333333334,4.875000000000001,17.133333333333333
2018,6,20,267.5833333333333,4.075,17.016666666666666
2018,6,21,53.208333333333336,5.275,16.6625
2018,6,22,139.04166666666666,6.441666666666666,15.58333333333333
2018,6,23,235.16666666666666,4.608333333333333,16.954166666666666
2018,6,24,176.625,3.358333333333333,17.912499999999998
2018,6,25,156.66666666666666,4.7458333333333345,17.095833333333335
2018,6,26,137.95833333333334,6.004166666666667,18.845833333333335
2018,6,27,227.41666666666666,4.3999999999999995,20.45
2018,6,28,173.79166666666666,2.2083333333333335,21.083333333333332
2018,6,29,169.66666666666666,4.75,26.31250000000001
2018,6,30,186.45,6.8549999999999995,29.119999999999997
2018,7,1,194.83333333333334,8.620833333333334,29.166666666666668
2018,7,2,186.45833333333334,4.05,21.925
2018,7,3,192.0,2.358333333333333,20.675
2018,7,4,169.54166666666666,4.920833333333333,25.437500000000004
2018,7,5,199.29166666666666,4.083333333333333,25.5
2018,7,6,227.70833333333334,6.079166666666666,20.85
2018,7,7,77.79166666666667,3.5666666666666664,19.608333333333334
2018,7,8,123.95833333333333,3.6,20.975
2018,7,9,205.125,4.616666666666667,25.608333333333334
2018,7,10,257.875,4.958333333333334,24.8
2018,7,11,167.58333333333334,3.766666666666667,22.28333333333333
2018,7,12,154.75,4.3,25.09583333333333
2018,7,13,174.79166666666666,5.045833333333333,25.954166666666666
2018,7,14,182.25,2.9125,24.487499999999997
2018,7,15,144.20833333333334,1.854166666666667,23.700000000000003
2018,7,16,146.83333333333334,2.716666666666667,25.516666666666666
2018,7,17,196.20833333333334,5.2250000000000005,22.86666666666667
2018,7,18,52.916666666666664,4.704166666666667,21.104166666666664
2018,7,19,124.45833333333333,3.9166666666666665,23.4875
2018,7,20,202.375,7.195833333333333,24.308333333333337
2018,7,21,316.3333333333333,8.325000000000001,20.437499999999996
2018,7,22,298.5,9.65,19.933333333333334
2018,7,23,290.375,5.5874999999999995,20.495833333333334
2018,7,24,182.75,3.2583333333333333,21.733333333333334
2018,7,25,215.25,4.458333333333333,23.516666666666666
2018,7,26,259.1666666666667,5.9125000000000005,24.283333333333328
2018,7,27,297.1666666666667,5.1125,21.116666666666664
2018,7,28,192.54166666666666,4.070833333333334,21.087500000000002
2018,7,29,144.91666666666666,6.824999999999999,21.795833333333334
2018,7,30,146.91666666666666,6.770833333333333,21.633333333333326
2018,7,31,127.66666666666667,3.395833333333334,22.30416666666667
2018,8,1,203.04166666666666,3.354166666666666,22.875
2018,8,2,190.54166666666666,5.329166666666667,24.924999999999997
2018,8,3,129.91666666666666,1.9625000000000001,22.662500000000005
2018,8,4,185.45833333333334,4.1499999999999995,27.72916666666666
2018,8,5,207.75,8.612499999999999,28.891666666666666
2018,8,6,186.25,3.125,24.483333333333334
2018,8,7,130.91666666666666,3.1,22.616666666666664
2018,8,8,143.16666666666666,2.8083333333333336,22.145833333333332
2018,8,9,240.04166666666666,5.466666666666665,25.208333333333332
2018,8,10,108.0,3.4166666666666674,23.149999999999995
2018,8,11,196.70833333333334,2.9499999999999997,24.279166666666665
2018,8,12,201.0,2.8249999999999997,24.408333333333335
2018,8,13,198.29166666666666,2.0625,24.004166666666663
2018,8,14,188.125,2.7166666666666663,25.720833333333335
2018,8,15,168.54166666666666,4.020833333333333,25.170833333333338
2018,8,16,132.875,2.7083333333333335,23.758333333333336
2018,8,17,128.125,3.158333333333333,22.879166666666666
2018,8,18,123.16666666666667,4.716666666666667,23.849999999999998
2018,8,19,91.91666666666667,3.758333333333334,23.575
2018,8,20,120.16666666666667,6.675000000000002,23.766666666666666
2018,8,21,225.20833333333334,5.854166666666667,21.858333333333334
2018,8,22,270.2916666666667,5.8083333333333345,20.454166666666673
2018,8,23,240.41666666666666,4.1416666666666675,21.925
2018,8,24,185.54166666666666,7.095833333333334,20.745833333333334
2018,8,25,190.25,5.979166666666667,21.92916666666667
2018,8,26,203.375,5.1875,27.658333333333335
2018,8,27,205.41666666666666,8.725000000000001,29.608333333333334
2018,8,28,192.375,9.3125,26.98333333333333
2018,8,29,164.95833333333334,4.504166666666667,20.879166666666666
2018,8,30,60.416666666666664,4.575,19.00416666666667
2018,8,31,132.16666666666666,3.9875000000000007,21.0625
2018,9,1,197.58333333333334,6.158333333333332,23.51666666666667
2018,9,2,194.25,5.745833333333334,25.50833333333333
2018,9,3,161.66666666666666,3.383333333333334,22.504166666666666
2018,9,4,177.08333333333334,5.158333333333333,25.612499999999997
2018,9,5,222.75,6.891666666666667,27.474999999999998
2018,9,6,144.91666666666666,6.495833333333333,19.76666666666667
2018,9,7,53.458333333333336,8.262499999999998,20.1875
2018,9,8,65.20833333333333,15.108333333333333,19.258333333333336
2018,9,9,67.29166666666667,12.995833333333335,17.59583333333333
2018,9,10,61.833333333333336,7.1625000000000005,18.070833333333336
2018,9,11,159.16666666666666,3.183333333333333,18.725000000000005
2018,9,12,141.70833333333334,4.3500000000000005,20.333333333333332
2018,9,13,131.54166666666666,3.329166666666667,20.120833333333334
2018,9,14,128.66666666666666,2.4458333333333333,21.004166666666666
2018,9,15,99.75,2.3916666666666666,21.3
2018,9,16,96.83333333333333,2.1583333333333328,22.400000000000006
2018,9,17,150.79166666666666,3.2875,24.212499999999995
2018,9,18,213.70833333333334,4.529166666666668,22.212499999999995
2018,9,19,87.29166666666667,4.216666666666668,19.82916666666667
2018,9,20,149.16666666666666,3.7166666666666672,22.708333333333332
2018,9,21,237.54166666666666,9.883333333333335,25.558333333333337
2018,9,22,115.83333333333333,7.733333333333332,14.966666666666669
2018,9,23,151.83333333333334,3.6041666666666665,16.058333333333337
2018,9,24,112.79166666666667,6.408333333333334,18.525000000000002
2018,9,25,194.79166666666666,5.220833333333333,22.254166666666663
2018,9,26,286.7916666666667,5.641666666666667,16.087500000000002
2018,9,27,220.70833333333334,5.120833333333333,15.637499999999998
2018,9,28,245.25,4.787499999999999,14.883333333333331
2018,9,29,188.29166666666666,4.704166666666667,10.649999999999999
2018,9,30,110.54166666666667,3.9499999999999997,14.149999999999999
2018,10,1,71.875,4.625000000000001,15.25
2018,10,2,206.20833333333334,3.866666666666667,16.5
2018,10,3,169.66666666666666,6.900000000000001,21.729166666666668
2018,10,4,207.45833333333334,11.933333333333337,18.02916666666667
2018,10,5,160.25,6.5583333333333345,14.741666666666667
2018,10,6,212.25,5.241666666666666,17.28333333333333
2018,10,7,65.29166666666667,6.458333333333332,14.779166666666667
2018,10,8,151.41666666666666,5.529166666666666,21.433333333333337
2018,10,9,181.45833333333334,6.975000000000001,24.60416666666666
2018,10,10,181.04166666666666,7.008333333333333,22.645833333333332
2018,10,11,263.0,9.15,9.874999999999998
2018,10,12,260.9583333333333,4.758333333333334,5.091666666666667
2018,10,13,234.375,4.883333333333334,5.720833333333332
2018,10,14,210.5,4.491666666666667,9.408333333333333
2018,10,15,285.5833333333333,5.716666666666666,6.516666666666666
2018,10,16,228.41666666666666,6.579166666666667,7.358333333333333
2018,10,17,274.5833333333333,6.716666666666665,8.6625
2018,10,18,242.875,5.2749999999999995,8.479166666666668
2018,10,19,206.66666666666666,7.333333333333333,10.216666666666667
2018,10,20,270.2083333333333,9.512500000000001,8.658333333333333
2018,10,21,256.875,6.608333333333333,3.8208333333333333
2018,10,22,236.29166666666666,5.779166666666665,9.624999999999998
2018,10,23,206.0,5.737500000000002,9.104166666666666
2018,10,24,115.79166666666667,4.558333333333333,8.1
2018,10,25,147.125,3.754166666666666,8.420833333333333
2018,10,26,75.29166666666667,5.233333333333333,9.283333333333333
2018,10,27,70.625,4.620833333333334,9.85
2018,10,28,229.91666666666666,7.599999999999999,8.9625
2018,10,29,198.2941176470588,4.670588235294117,8.858823529411765
2018,10,30,154.95833333333334,7.212499999999999,11.637500000000001
2018,10,31,251.91666666666666,5.545833333333334,10.87083333333333
2018,11,1,99.41666666666667,7.579166666666666,10.299999999999999
2018,11,2,192.54166666666666,7.833333333333333,6.925000000000003
2018,11,3,170.29166666666666,4.458333333333333,6.216666666666665
2018,11,4,127.3913043478261,17.147826086956524,9.582608695652175
2018,11,5,193.04166666666666,7.974999999999999,9.033333333333333
2018,11,6,217.58333333333334,7.25,9.020833333333332
2018,11,7,263.0,9.554166666666667,3.604166666666666
2018,11,8,232.375,4.795833333333332,1.9624999999999997
2018,11,9,226.45833333333334,5.462500000000001,1.6624999999999999
2018,11,10,258.25,9.066666666666668,-3.533333333333332
2018,11,11,204.95833333333334,8.8875,0.8416666666666668
2018,11,12,299.75,5.316666666666666,1.370833333333333
2018,11,13,304.4583333333333,8.950000000000001,-4.0625
2018,11,14,253.66666666666666,4.591666666666666,-3.3666666666666667
2018,11,15,135.29166666666666,10.504166666666666,1.3
2018,11,16,252.33333333333334,9.058333333333332,1.5791666666666668
2018,11,17,244.375,6.891666666666666,1.8291666666666668
2018,11,18,186.41666666666666,6.912499999999999,1.9625000000000001
2018,11,19,246.29166666666666,5.254166666666667,-1.2333333333333332
2018,11,20,274.8333333333333,7.779166666666666,-0.02916666666666662
2018,11,21,215.29166666666666,8.9,0.3666666666666667
2018,11,22,108.5,11.570833333333333,1.0041666666666667
2018,11,23,163.125,12.15,5.4750000000000005
2018,11,24,203.875,8.316666666666665,7.404166666666668
2018,11,25,169.91666666666666,9.862499999999999,4.362500000000001
2018,11,26,189.66666666666666,21.241666666666667,-0.6708333333333334
2018,11,27,278.8333333333333,6.837500000000001,-4.633333333333333
2018,11,28,248.375,4.954166666666667,-5.620833333333333
2018,11,29,139.41666666666666,6.637499999999999,-0.4333333333333333
2018,11,30,256.4583333333333,4.020833333333333,1.9333333333333336
2018,12,1,96.875,10.066666666666665,3.6958333333333333
2018,12,2,194.45833333333334,6.187500000000001,5.7
2018,12,3,307.125,14.083333333333334,1.1708333333333332
2018,12,4,299.7916666666667,6.6875,-0.7791666666666665
2018,12,5,258.5833333333333,6.729166666666665,-2.1
2018,12,6,265.1666666666667,7.887499999999999,-0.9041666666666668
2018,12,7,283.75,6.533333333333332,-5.75
2018,12,8,218.54166666666666,4.5875,-4.108333333333334
2018,12,9,209.625,3.7416666666666667,-2.904166666666667
2018,12,10,251.125,4.875,-3.2291666666666674
2018,12,11,218.29166666666666,6.958333333333332,-0.5625000000000001
2018,12,12,175.47826086956522,9.386956521739132,2.6
2018,12,13,133.4,5.8100000000000005,2.4300000000000006
2018,12,14,216.83333333333334,5.204166666666667,3.4166666666666674
2018,12,15,197.625,5.937500000000001,2.733333333333333
2018,12,16,249.79166666666666,6.266666666666667,4.1000000000000005
2018,12,17,211.5,7.2541666666666655,2.4875000000000003
2018,12,18,219.0,5.720833333333334,2.3333333333333335
2018,12,19,203.25,9.620833333333335,5.266666666666667
2018,12,20,202.66666666666666,7.441666666666666,7.062499999999999
2018,12,21,302.8181818181818,18.549999999999997,1.836363636363636
2018,12,22,255.75,5.6000000000000005,-0.5125000000000001
2018,12,23,249.125,6.266666666666667,1.1166666666666667
2018,12,24,254.45833333333334,8.916666666666666,-1.195833333333333
2018,12,25,195.95833333333334,5.466666666666666,2.5458333333333334
2018,12,26,163.25,2.829166666666667,3.258333333333334
2018,12,27,136.95833333333334,12.79166666666667,5.154166666666668
2018,12,28,224.70833333333334,10.545833333333333,5.962500000000001
2018,12,29,277.5833333333333,5.991666666666668,-1.2416666666666667
2018,12,30,218.83333333333334,9.733333333333333,-2.7166666666666655
2018,12,31,157.58333333333334,8.708333333333332,2.283333333333333
