#YY,MM,DD,hh,mm,WDIR,WSPD,ATMP
2011,8,10,20,0,357,2.3,21.9
2011,8,10,21,0,20,6.3,21.5
2011,8,10,22,0,31,1,21.9
2011,8,10,23,0,68,3.3,21.6
2011,8,11,0,0,153,2.7,20.8
2011,8,11,1,0,120,2.5,20.9
2011,8,11,2,0,147,4.3,21
2011,8,11,3,0,169,5.6,21
2011,8,11,4,0,189,5.5,20.7
2011,8,11,5,0,176,6.5,20.1
2011,8,11,6,0,189,6.9,19.6
2011,8,11,7,0,194,4.1,19.2
2011,8,11,8,0,193,6.3,18.4
2011,8,11,9,0,191,2.8,17.9
2011,8,11,10,0,235,3.7,17.5
2011,8,11,11,0,232,5.2,18.4
2011,8,11,12,0,227,5.2,20.3
2011,8,11,13,0,325,3.4,22.5
2011,8,11,14,0,8,3.3,22.8
2011,8,11,15,0,351,4.8,22.9
2011,8,11,17,0,89,2.1,23.5
2011,8,11,18,0,32,2.7,23.9
2011,8,11,19,0,86,2.6,24
2011,8,11,20,0,71,1.9,24
2011,8,11,21,0,353,1.3,24.1
2011,8,11,22,0,87,4,24.3
2011,8,11,23,0,71,1.8,24
2011,8,12,0,0,107,3.8,23.2
2011,8,12,1,0,106,2.5,23
2011,8,12,2,0,145,1.9,23
2011,8,12,3,0,214,1.4,23
2011,8,12,4,0,172,2.9,22.3
2011,8,12,5,0,170,4.9,21.7
2011,8,12,6,0,185,3.8,21.3
2011,8,12,7,0,189,3.8,20.9
2011,8,12,8,0,173,5.9,20.6
2011,8,12,9,0,177,3.8,20.3
2011,8,12,10,0,163,8.3,19.9
2011,8,12,11,0,166,6.3,20.4
2011,8,12,12,0,171 1,2.6,21.4
2011,8,12,13,0,189,8.2,23
2011,8,12,14,0,194,7.7,23.7
2011,8,12,15,0,159,6.6,25
2011,8,12,16,0,209,1.6,25.2
2011,8,12,17,0,166,6.3,25.7
2011,8,12,18,0,149,5.8,26.1
2011,8,12,19,0,158 1,0.7,26.9
2011,8,12,20,0,143,8.5,26.8
2011,8,12,21,0,180,9.9,26.6
2011,8,12,22,0,167,4.7,26.7
2011,8,12,23,0,99,1.2,26.4
2011,8,13,0,0,155,4,25.4
2011,8,13,1,0,131,9.5,25.2
2011,8,13,2,0,152,7,24.7
2011,8,13,3,0,165 1,1,24.2
2011,8,13,4,0,153,3,23.9
2011,8,13,5,0,183,6,23.7
2011,8,13,6,0,180,6.1,23.4
2011,8,13,7,0,162,7.5,23.2
2011,8,13,8,0,185,7.3,23.1
2011,8,13,9,0,187,3.9,22.6
2011,8,13,10,0,185,6.9,22
2011,8,13,11,0,206,5.6,22
2011,8,13,12,0,220,4.4,22.3
2011,8,13,13,0,219,8,23.4
2011,8,13,14,0,213,4.1,25
2011,8,13,15,0,246,5.2,26.3
2011,8,13,16,0,239,8.4,26.6
2011,8,13,17,0,153,3.1,27.5
2011,8,13,18,0,278 9,9,999
2011,8,13,19,0,175,7.2,20.9
2011,8,13,20,0,310,5.5,21.7
2011,8,13,21,0,238,1.9,20.8
2011,8,13,22,0,137,3.9,20.3
2011,8,13,23,0,272,2.9,20.8
2011,8,14,0,0,310,1.8,21.3
2011,8,14,1,0,347,3.4,21.5
2011,8,14,2,0,342,6.3,20.7
2011,8,14,3,0,329 1,6.5,21.5
2011,8,14,4,0,337 1,2.7,21.5
2011,8,14,5,0,334 1,1.3,21.3
2011,8,14,6,0,351 1,2.6,20.8
2011,8,14,7,0,338,8.6,20.6
2011,8,14,8,0,329 1,7.5,20.6
2011,8,14,9,0,340 1,2.1,20.7
2011,8,14,10,0,336 1,8.3,20.8
2011,8,14,11,0,289,8.5,19.3
2011,8,14,12,0,300 1,4.4,19
2011,8,14,13,0,303 1,9,19.1
2011,8,14,14,0,298 2,0.4,19.9
2011,8,14,15,0,335,9.1,21
2011,8,14,16,0,331 1,0.7,20.8
2011,8,14,17,0,325 1,2.1,20.8
2011,8,14,18,0,335 1,3.3,21.3
2011,8,14,19,0,329,8.1,21.2
2011,8,14,20,0,347 1,6.5,21.2
2011,8,14,21,0,341 1,2.4,21.1
2011,8,14,22,0,342 1,0.1,21
2011,8,14,23,0,339,5.9,21
2011,8,15,0,0,14,5.7,20.8
2011,8,15,1,0,350,6.6,20.9
2011,8,15,2,0,337,6.2,21
2011,8,15,3,0,314,6.6,21.2
2011,8,15,4,0,335,5.6,21
2011,8,15,5,0,267,5.4,18.4
2011,8,15,6,0,288,6.2,18.4
2011,8,15,7,0,271,5.9,17.9
2011,8,15,8,0,233,3.3,17.4
2011,8,15,9,0,255,4.8,17.1
2011,8,15,10,0,258,4.3,16.8
2011,8,15,11,0,283,3.6,17
2011,8,15,12,0,325,4.6,19.2
2011,8,15,13,0,316,6.6,20.3
2011,8,15,14,0,346,1.9,21
2011,8,15,15,0,321,5.2,21.5
2011,8,15,16,0,346,3.6,22.1
2011,8,15,17,0,25,3.6,22.8
2011,8,15,18,0,87,1.5,22.2
2011,8,15,19,0,60,2.4,23.7
2011,8,17,10,0,187,5.4,20.6
2011,8,17,11,0,178,2.9,21.1
2011,8,18,11,0,330,4.2,22.4
2011,8,18,12,0,309,5.8,22.5
2011,8,18,13,0,321,1.7,22.8
2011,8,18,14,0,358,3.2,22.9
2011,8,18,15,0,352,2.3,23
2011,8,18,16,0,45,5,22.8
2011,8,18,17,0,11,5.5,23.1
2011,8,18,18,0,61,4,23
2011,8,18,19,0,28,4.2,23.1
2011,8,18,20,0,18,5.2,23
2011,8,18,21,0,31,5.9,23.1
2011,8,18,22,0,34,4.4,23.3
2011,8,18,23,0,16,3.9,23.2
2011,8,19,0,0,37,2.2,22.8
2011,8,19,1,0,71,1.6,22.6
2011,8,19,2,0,77,0.7,22.5
2011,8,19,3,0,88,1.3,21.9
2011,8,19,4,0,106,1.9,22
2011,8,19,5,0,121,1.7,21.9
2011,8,19,6,0,113,1.2,21.9
2011,8,19,7,0,131,1.9,22.2
2011,8,19,8,0,118,5.2,22
2011,8,19,9,0,166,3.5,21.8
2011,8,19,10,0,158,3.6,21.8
2011,8,19,11,0,216,2.4,21.7
2011,8,19,12,0,47,2.6,23.3
2011,8,19,13,0,81,1.6,24.4
2011,8,19,14,0,68,2.2,24.2
2011,8,19,15,0,72,4,24.8
2011,8,19,16,0,53,3.6,24.7
2011,8,19,17,0,37,2.4,24.5
2011,8,19,18,0,153,0.6,24.9
2011,8,19,19,0,66,2.5,25.1
2011,8,19,20,0,88,3.7,25.5
2011,8,19,21,0,56,2.3,25.2
2011,8,19,22,0,156,2,25.1
2011,8,19,23,0,76,1.4,24.5
2011,8,20,0,0,121,2.1,23.9
2011,8,20,1,0,115,5.9,23.9
2011,8,20,2,0,134,2.8,24.1
2011,8,20,3,0,179,3.6,25.2
2011,8,20,4,0,159,3.7,25.8
2011,8,20,5,0,177,5.1,25.7
2011,8,20,6,0,177,8.2,25.5
2011,8,20,7,0,183,8.3,24.8
2011,8,20,8,0,199,8.5,24.9
2011,8,20,9,0,196,7.9,24.5
2011,8,20,10,0,221,2.1,23.8
2011,8,20,11,0,189,4.3,23.6
2011,8,20,12,0,195,1,24.2
2011,8,20,13,0,71,1,24.2
2011,8,20,14,0,349,1.3,23.7
2011,8,20,15,0,296,7.2,19.8
2011,8,20,16,0,58,2.5,19.4
2011,8,20,17,0,156,2.7,19.7
2011,8,20,18,0,83,3.1,21.3
2011,8,20,19,0,69,2.5,23
2011,8,20,20,0,329,3.1,22.4
2011,8,20,21,0,19,2.5,22.2
2011,8,20,22,0,45,2.1,22.2
2011,8,20,23,0,32,1,22.3
2011,8,21,0,0,346,1.6,21.9
2011,8,21,1,0,79,1,22
2011,8,21,2,0,9,0.6,22
2011,8,21,3,0,74,1.8,22
2011,8,21,4,0,107,3.1,21.7
2011,8,21,5,0,190,2.1,22
2011,8,21,6,0,232,0.9,21.5
2011,8,21,7,0,228,2.9,21.6
2011,8,21,8,0,310,6,21
2011,8,21,9,0,238,3.6,20.1
2011,8,21,10,0,245,4.6,19.3
2011,8,21,11,0,264,3.7,19.4
2011,8,21,12,0,264,4.3,19.6
2011,8,21,13,0,279,3.3,21.3
2011,8,21,14,0,305,4,22.2
2011,8,21,15,0,337,4.2,22.6
2011,8,21,16,0,350,3.9,23.3
2011,8,21,17,0,6,4.9,23.7
2011,8,21,18,0,23,6.6,23.1
2011,8,21,19,0,287,6.3,24.6
2011,8,21,20,0,213,7.7,25.9
2011,8,21,21,0,253,6.3,25.9
2011,8,21,22,0,323,6.5,25.4
2011,8,21,23,0,304,5.1,24.5
2011,8,22,0,0,309 1,0.1,23.4
2011,8,22,1,0,253,3.6,22.6
2011,8,22,2,0,270,4.4,21.8
2011,8,22,3,0,252,6.1,21.2
2011,8,22,4,0,212,5.3,20.4
2011,8,22,5,0,275,6,20.3
2011,8,22,6,0,249,3.5,19.6
2011,8,22,7,0,255,3.4,18.8
2011,8,22,8,0,216,3,18.3
2011,8,22,9,0,229,3.5,18
2011,8,22,10,0,215,1.4,18.4
2011,8,22,11,0,221,4.8,18.9
2011,8,22,12,0,236,2,20.1
2011,8,22,13,0,339,2.3,21.7
2011,8,22,14,0,355,2.8,22.1
2011,8,22,15,0,346,2.7,22.5
2011,8,22,16,0,99,2.2,22.8
2011,8,22,17,0,66,1.4,23.1
2011,8,22,18,0,59,3.1,23.3
2011,8,22,19,0,50,3.5,23.9
2011,8,22,20,0,20,1.6,23.9
2011,8,22,21,0,177,1.3,24.1
2011,8,22,22,0,78,5,24
2011,8,22,23,0,73,1.9,23.2
2011,8,23,0,0,78,4.5,22.8
2011,8,23,1,0,110,5.9,22.8
2011,8,23,2,0,177,2.5,22.5
2011,8,23,3,0,117,3.6,22.4
2011,8,23,4,0,132,2.7,22.4
2011,8,23,5,0,146,1.6,22.1
2011,8,23,6,0,165,4.7,22.2
2011,8,23,7,0,178,5.5,22.1
2011,8,23,8,0,176,7,21.7
2011,8,23,9,0,171,8.7,21.1
2011,8,23,10,0,171,7.2,20.7
2011,8,23,11,0,169 1,0.5,21.7
2011,8,23,12,0,160,5.9,21.8
2011,8,23,13,0,179,4.6,22.9
2011,8,23,14,0,179,5.9,22.1
2011,8,23,15,0,172,6.8,20.4
2011,8,23,16,0,167 1,2.5,19.1
2011,8,23,17,0,132 1,0.1,18.8
2011,8,23,18,0,177 1,0.1,19.7
2011,8,23,19,0,163,8.4,21.1
2011,8,23,20,0,177,8.3,20.1
2011,8,23,21,0,165,8.6,22
2011,8,23,22,0,189 1,3,22.9
2011,8,23,23,0,180,6.4,22.9
2011,8,24,0,0,165,8.9,23.1
2011,8,24,1,0,195 1,1.1,23
2011,8,24,2,0,162,9,22.9
2011,8,24,3,0,196,3.9,22.8
2011,8,24,4,0,205,6.2,22.6
2011,8,24,5,0,174,8.5,22.5
2011,8,24,6,0,191 1,3.2,22.7
2011,8,24,7,0,192,3.2,22.8
2011,8,24,8,0,210,5,22.8
2011,8,24,9,0,187,3.7,22.6
2011,8,24,10,0,152,4.7,22.4
2011,8,24,11,0,184,6.5,22.6
2011,8,24,12,0,159,7,23.3
2011,8,24,13,0,203,8.8,25.6
2011,8,24,14,0,175,4.8,27.3
2011,8,24,15,0,190 1,0.3,29.4
2011,8,24,16,0,184 1,1.1,30.6
2011,8,24,17,0,206,4.7,32.1
2011,8,24,18,0,199,3.7,33
2011,8,24,19,0,206,6,33.2
2011,8,24,20,0,206,5.8,33.2
2011,8,24,21,0,269,5.7,32.7
2011,8,24,22,0,229,5.1,31.2
2011,8,24,23,0,258 1,1.3,30.1
2011,8,25,0,0,249 1,5,28.6
2011,8,25,1,0,263,7.1,26.9
2011,8,25,2,0,280,4.3,25.4
2011,8,25,3,0,261,5.4,24.1
2011,8,25,4,0,277,6.4,23.3
2011,8,25,5,0,256,5.3,22.7
2011,8,25,6,0,226,5.5,21.4
2011,8,25,7,0,237,5.5,20.6
2011,8,25,8,0,233,4.3,20.1
2011,8,25,9,0,227,3.8,19.5
2011,8,25,10,0,249,5.4,19.1
2011,8,25,11,0,256,6.6,19.3
2011,8,25,12,0,265,7.9,20.2
2011,8,25,13,0,338,4.2,21.3
2011,8,25,14,0,335,5.3,21.4
2011,8,25,15,0,347,3.8,21.7
2011,8,25,16,0,342,3.8,21.8
2011,8,25,17,0,10,3.5,22
2011,8,25,18,0,27,5.2,22.1
2011,8,25,19,0,358,3.7,22.1
2011,8,25,20,0,37,2.9,22
2011,8,25,21,0,8,6.2,21.7
2011,8,25,22,0,31,5.3,21.7
2011,8,25,23,0,28,4.2,21.4
2011,8,26,0,0,34,5,21.1
2011,8,26,1,0,35,5.6,21.2
2011,8,26,2,0,7,6.3,21
2011,8,26,3,0,1,2.3,20.8
2011,8,26,4,0,347,3.5,20.7
2011,8,26,5,0,23,2.3,20.4
2011,8,26,6,0,253,1.5,19.7
2011,8,26,7,0,256,2.5,19.1
2011,8,26,8,0,205,3.3,18.6
2011,8,26,9,0,237,2.9,18.1
2011,8,26,10,0,230,3.7,17.7
2011,8,26,11,0,227,4.3,18.1
2011,8,26,12,0,237,1.8,20.1
2011,8,26,13,0,247,2.5,21.8
2011,8,26,14,0,31,2.8,21.3
2011,8,26,15,0,58,1.9,21.8
2011,8,26,16,0,19,4.8,21.7
2011,8,26,17,0,38,4.1,21.7
2011,8,26,18,0,105,1.8,22.6
2011,8,26,19,0,89,4,23.6
2011,8,26,20,0,102,1.1,23
2011,8,26,21,0,102,6.1,22.6
2011,8,26,22,0,101,3.6,22.7
2011,8,26,23,0,146,4,22.7
2011,8,27,0,0,126,1.5,22.5
2011,8,27,1,0,146,3.2,22.4
2011,8,27,2,0,102,1.7,22.5
2011,8,27,3,0,139,2.3,22.7
2011,8,27,4,0,193,1,23.3
2011,8,27,5,0,192,3.3,23
2011,8,27,6,0,206,2.4,22.7
2011,8,27,7,0,207,2.3,22.1
2011,8,27,8,0,233,2.3,21.8
2011,8,27,9,0,204,6.8,21.4
2011,8,27,10,0,255,4.6,20.9
2011,8,27,11,0,285,9.9,21.5
2011,8,27,12,0,320,4.8,22.4
2011,8,27,13,0,324,9.3,23
2011,8,27,14,0,356,4.3,23.3
2011,8,27,15,0,327,7.1,23
2011,8,27,16,0,324,5.8,23
2011,8,27,17,0,314 1,0.7,22.7
2011,8,27,18,0,311,5.6,22.7
2011,8,27,19,0,325,7.6,22.7
2011,8,27,20,0,324,6,22.8
2011,8,27,22,0,342,7.6,22.4
2011,8,27,23,0,330,8.9,22.2
2011,8,28,0,0,333,5,22.1
2011,8,28,1,0,350 1,0.4,22.1
2011,8,28,2,0,353,9.4,22.1
2011,8,28,3,0,8,8.5,22.2
2011,8,28,4,0,32,4.4,22.1
2011,8,28,5,0,351,9,21.5
2011,8,28,6,0,355,6,21.1
2011,8,28,7,0,353,5.1,20.9
2011,8,28,8,0,358,7.6,20.6
2011,8,28,9,0,346,9.8,20.3
2011,8,28,10,0,329,7.4,20.1
2011,8,28,11,0,332,8.5,20
2011,8,28,12,0,13,6.5,20
2011,8,28,13,0,305 1,0.9,19.8
2011,8,28,14,0,337,5.7,20.5
2011,8,28,15,0,334 1,1,20.5
2011,8,28,16,0,328,4.4,20.8
2011,8,28,17,0,325,3.9,20.8
2011,8,28,18,0,306 1,0.6,21
2011,8,28,19,0,318,6.1,21
2011,8,28,20,0,358,2.1,20.9
2011,8,28,21,0,6,2.5,20.8
2011,8,28,22,0,339,7.7,20.7
2011,8,28,23,0,0,3.4,20.7
2011,8,29,0,0,318,3.6,20.8
2011,8,29,1,0,343,6.6,20.9
2011,8,29,2,0,290,1.1,20.9
2011,8,29,3,0,345,2.2,20.8
2011,8,29,4,0,353,1.3,20.5
2011,8,29,5,0,24,3.9,20.3
2011,8,29,6,0,354,2.4,20.2
2011,8,29,7,0,358,2.6,20.2
2011,8,29,8,0,185,2.7,19.2
2011,8,29,9,0,230,3.6,16.9
2011,8,29,10,0,256,3,17
2011,8,29,11,0,287,2.2,17.5
2011,8,29,12,0,331,2.9,19.7
2011,8,29,13,0,312,1.9,20.1
2011,8,29,14,0,339,3.2,20.9
2011,8,29,15,0,337,1.9,21.5
2011,8,29,16,0,23,4,21.4
2011,8,29,17,0,12,4.2,21.7
2011,8,29,18,0,32,4.7,21.7
2011,8,29,19,0,43,2.7,22.3
2011,8,29,20,0,41,3,22.6
2011,8,29,21,0,68,3.9,22.9
2011,8,29,22,0,62,2.7,22.9
2011,8,29,23,0,105,1.3,22.7
2011,8,30,0,0,51,1.9,21.9
2011,8,30,1,0,154,1.8,21.7
2011,8,30,2,0,110,0.7,21.2
2011,8,30,3,0,128,1.1,21.2
2011,8,30,4,0,192,1.7,21.4
2011,8,30,5,0,167,4.3,22.2
2011,8,30,6,0,169,5.3,21.6
2011,8,30,7,0,188,8.3,20.9
2011,8,30,8,0,146,2.9,19.9
2011,8,30,9,0,155,5.6,20.2
2011,8,30,10,0,174,3.4,19.7
2011,8,30,11,0,151,3.4,19.8
2011,8,30,12,0,142,2.9,20.3
2011,8,30,13,0,191,7.2,21.4
2011,8,30,14,0,119,3.3,22.6
2011,8,30,15,0,83,4.8,22
2011,8,30,16,0,63,1.7,22.2
2011,8,30,17,0,98,4.8,22.7
2011,8,30,18,0,90,3.2,22.6
2011,8,30,19,0,77,2.5,23.1
2011,8,30,20,0,105,1.4,23.4
2011,8,30,21,0,60,2.8,22.8
2011,8,30,22,0,77,5.8,22.6
2011,8,30,23,0,37,1.9,22.7
2011,8,31,0,0,59,3.7,22.8
2011,8,31,1,0,102,3.6,22.7
2011,8,31,2,0,101,7.2,22.2
2011,8,31,3,0,128,6.4,22.2
2011,8,31,4,0,132,3.1,20.8
2011,8,31,5,0,141,4.8,20.7
2011,8,31,6,0,169,4.8,20.1
2011,8,31,7,0,113,8.2,19.5
2011,8,31,8,0,111,4.9,20.6
2011,8,31,9,0,84,5.7,21.1
2011,8,31,10,0,92,9.9,21
2011,8,31,11,0,108,9.8,20.2
2011,8,31,12,0,114,7.3,20.6
2011,8,31,13,0,120 1,5.9,21.5
2011,8,31,14,0,121,6.6,22.7
2011,8,31,15,0,178,5.2,25.9
2011,8,31,16,0,118,4.9,27
2011,8,31,17,0,150,4.6,28.1
2011,8,31,18,0,143,1.6,29.1
2011,8,31,19,0,177,6.4,29.9
2011,8,31,20,0,203,4.4,31
2011,8,31,21,0,230,4.5,31
2011,8,31,22,0,233,3.4,30.7
2011,8,31,23,0,177,3.6,30.2
2011,9,1,0,0,214,2.6,29.8
2011,9,1,1,0,302,3.6,25.5
2011,9,1,2,0,317,2.3,24.9
2011,9,1,3,0,306,1.3,23.9
2011,9,1,4,0,314,2.1,24.3
2011,9,1,5,0,129,1.7,24.3
2011,9,1,6,0,70,1.2,24.2
2011,9,1,7,0,356,0.7,23.7
2011,9,1,8,0,330,1.1,23.5
2011,9,1,9,0,168,1.2,23.2
2011,9,1,10,0,158,1.5,23.9
2011,9,1,11,0,184,4.8,24.8
2011,9,1,12,0,232,1.9,25.8
2011,9,1,13,0,321,1.1,27.5
2011,9,1,14,0,37,3,27.1
2011,9,1,15,0,34,1.8,26.7
2011,9,1,16,0,74,3.7,26.6
2011,9,1,17,0,84,4.8,26.6
2011,9,1,18,0,144,6.6,27.4
2011,9,1,19,0,100,6.3,28.3
2011,9,1,20,0,93,6.3,26.6
2011,9,1,21,0,177,8.5,999
2011,9,1,22,0,164,9.8,33.9
2011,9,1,23,0,180,7.7,33.5
2011,9,2,0,0,171,5,33
2011,9,2,1,0,159,5.8,32.8
2011,9,2,2,0,169,6.5,32.5
2011,9,2,3,0,141,5.4,32.2
2011,9,2,4,0,184 1,0.7,31.2
2011,9,2,5,0,186,9.1,30.6
2011,9,2,6,0,162,4.7,30.8
2011,9,2,7,0,201,4.1,29.9
2011,9,2,8,0,193,3.2,28.6
2011,9,2,9,0,173 1,1.1,28.5
2011,9,2,10,0,166,4.1,27.8
2011,9,2,11,0,194,6.1,27.1
2011,9,2,12,0,182 1,0.5,27.1
2011,9,2,13,0,182 1,0,28.4
2011,9,2,14,0,190,5.1,29.2
2011,9,2,15,0,227,6,29.8
2011,9,2,16,0,223 1,2,31.7
2011,9,2,17,0,245,8,33
2011,9,2,18,0,312,6.4,27
2011,9,2,19,0,35,6.6,25.8
2011,9,2,20,0,110,6.8,26.7
2011,9,2,21,0,110,6.6,27
2011,9,2,22,0,100,6.4,28
2011,9,2,23,0,135,0.8,27.2
2011,9,3,0,0,66,1.1,25.4
2011,9,3,1,0,62,1.6,25
2011,9,3,2,0,314,2.8,24.7
2011,9,3,3,0,43,2.1,24.6
2011,9,3,4,0,170,0.7,24.5
2011,9,3,5,0,100,2,25.1
2011,9,3,6,0,175,0.9,26
2011,9,3,7,0,353,0.8,24.2
2011,9,3,8,0,143,2.6,24.2
2011,9,3,9,0,171,4.2,26.6
2011,9,3,10,0,180,8.9,26.5
2011,9,3,11,0,253,6.1,25.8
2011,9,3,12,0,323,5.3,23.8
2011,9,3,13,0,318,2.5,23.9
2011,9,3,14,0,349,1.9,23.7
2011,9,3,15,0,34,2.9,24
2011,9,3,16,0,107,2.3,25.2
2011,9,3,17,0,359,2.5,24.5
2011,9,3,18,0,18,3.6,24.8
2011,9,3,19,0,195,2.8,22.4
2011,9,3,20,0,187,0.6,22.5
2011,9,3,21,0,59,0.9,22.9
2011,9,3,22,0,223,1.4,23.1
2011,9,3,23,0,172,8.8,23.2
2011,9,4,0,0,201,8.5,23
2011,9,4,1,0,244,3.2,22.5
2011,9,4,2,0,341,5.2,22.3
2011,9,4,3,0,84,2.1,21.7
2011,9,4,4,0,150,3.7,21.8
2011,9,4,5,0,265,5.7,21.8
2011,9,4,6,0,232,7.3,21
2011,9,4,7,0,207,5.1,20.5
2011,9,4,8,0,239,4.6,20.1
2011,9,4,9,0,226,1.7,20
2011,9,4,10,0,266,6.6,19.7
2011,9,4,11,0,266,3.7,18.6
2011,9,4,12,0,254,4.8,18.6
2011,9,4,13,0,217,4.2,17.6
2011,9,4,14,0,226,3.9,17.6
2011,9,4,15,0,258,7.1,19.3
2011,9,4,16,0,227,8.2,20.9
2011,9,4,17,0,305,9.2,21.1
2011,9,4,18,0,294 1,1.2,21.6
2011,9,4,19,0,251 1,4,21.6
2011,9,4,20,0,238,9.9,21
2011,9,4,21,0,314 2,0.2,20.5
2011,9,4,22,0,274 1,1.2,19.5
2011,9,4,23,0,257,5.6,19.4
2011,9,5,0,0,200,3.9,19.2
2011,9,5,1,0,289,6.7,18.8
2011,9,5,2,0,305,9.4,18.8
2011,9,5,3,0,342,9.1,17.3
2011,9,5,4,0,336 1,7.2,16
2011,9,5,5,0,335,8,16.6
2011,9,5,6,0,301 1,2.2,16.8
2011,9,5,7,0,283 1,0.9,14.7
2011,9,5,8,0,293,8.1,13.4
2011,9,5,9,0,295 1,3.6,14.1
2011,9,5,10,0,284,7,14
2011,9,5,11,0,303 1,4.8,14.2
2011,9,5,12,0,310 1,0.9,14.2
2011,9,5,13,0,289 1,4.8,14.3
2011,9,5,14,0,316 1,8.8,15.4
2011,9,5,15,0,336 1,0.3,16.5
2011,9,5,16,0,349 1,3.5,16.7
2011,9,5,17,0,322,9.5,16.5
2011,9,5,18,0,338,6.9,15.9
2011,9,5,19,0,333 1,1.4,16
2011,9,5,20,0,335,6.1,15.8
2011,9,5,21,0,331 1,2.3,15.9
2011,9,5,22,0,333 1,1.8,16
2011,9,5,23,0,327 1,7.6,15.4
2011,9,6,0,0,12,8.8,15.3
2011,9,6,1,0,333,8.2,15.3
2011,9,6,2,0,339 1,3.9,15.4
2011,9,6,3,0,3,9.4,15.6
2011,9,6,4,0,356,6.2,15.8
2011,9,6,5,0,27,4.9,15.6
2011,9,6,6,0,18 1,5.6,15.5
2011,9,6,7,0,17 1,0.1,15.3
2011,9,6,8,0,26 1,6.6,14.9
2011,9,6,9,0,5,8.3,14.5
2011,9,6,10,0,35 1,1.2,14.5
2011,9,6,11,0,28 1,2.1,14.5
2011,9,6,12,0,18,9,14.5
2011,9,6,13,0,358,8.2,15.3
2011,9,6,14,0,337,4.9,15.3
2011,9,6,15,0,354,7.1,15.6
2011,9,6,16,0,15,4.6,15.8
2011,9,6,17,0,19,4.4,16
2011,9,6,18,0,11,6.5,16.1
2011,9,6,19,0,343,8.6,16.1
2011,9,6,20,0,346,4.1,16.2
2011,9,6,21,0,349,5.6,16.4
2011,9,6,22,0,346,6.6,16.6
2011,9,6,23,0,325 1,3.4,16.6
2011,9,7,0,0,353,8.6,16.9
2011,9,7,1,0,3,5.7,17.3
2011,9,7,2,0,5,6.2,17.6
2011,9,7,3,0,338,4.9,17.8
2011,9,7,4,0,39 1,5.9,17.9
2011,9,7,5,0,14 1,0.5,17.6
2011,9,7,6,0,355,8.3,17.3
2011,9,7,7,0,26 1,1.6,16.9
2011,9,7,8,0,10,4.7,16.8
2011,9,7,9,0,27 1,4.2,16.6
2011,9,7,10,0,26,9.2,16.4
2011,9,7,11,0,11,8.5,16.7
2011,9,7,12,0,9,7.9,17
2011,9,7,13,0,6 1,3.7,17.1
2011,9,7,14,0,357 1,2.2,16.9
2011,9,7,15,0,23,6.7,16.9
2011,9,7,16,0,339,7.9,16.7
2011,9,7,17,0,332,7,17.1
2011,9,7,18,0,333,6.9,17.5
2011,9,7,19,0,329 1,3.4,17.8
2011,9,7,20,0,320 1,7.2,17.9
2011,9,7,21,0,320 1,6.6,17.9
2011,9,7,22,0,336 1,1.4,18
2011,9,7,23,0,305 1,4.4,18.1
2011,9,8,0,0,344 1,0.4,18.1
2011,9,8,1,0,331,8.7,18.5
2011,9,8,2,0,333 1,3.8,19.1
2011,9,8,3,0,339,9.8,19.3
2011,9,8,4,0,343,6,19.3
2011,9,8,5,0,5,6.6,19.1
2011,9,8,6,0,354 1,0.8,18.5
2011,9,8,7,0,358 1,3.8,18.7
2011,9,8,8,0,7 1,2.1,18.5
2011,9,8,9,0,358 1,1.7,18.4
2011,9,8,10,0,351,8.9,18.4
2011,9,8,15,0,326,7.1,19.1
2011,9,8,16,0,354,5.8,19.5
2011,9,8,17,0,324,9,19.5
2011,9,8,18,0,342,8.2,19.2
2011,9,8,19,0,337 1,4.1,19.3
2011,9,8,20,0,325,9,19.4
2011,9,8,21,0,336,9.3,19.6
2011,9,8,23,0,358,8,19.6
2011,9,9,2,0,38,8.4,18.7
2011,9,9,3,0,4 1,0.8,18.6
2011,9,9,4,0,14,6,19.1
2011,9,9,5,0,9,9.7,19
2011,9,9,6,0,0,9.9,18.7
2011,9,9,7,0,12,9.3,18.8
2011,9,9,8,0,11 1,1.5,18.5
2011,9,9,9,0,19 1,0.6,18.8
2011,9,9,11,0,31,9.3,18.7
2011,9,9,12,0,28,6.4,18.6
2011,9,9,14,0,25,8.9,18.4
2011,9,9,15,0,39,8.4,18.6
2011,9,9,16,0,35,7.7,18.6
2011,9,9,17,0,32,6.4,18.7
2011,9,9,18,0,8,4.1,19
2011,9,9,19,0,339,2.2,19.9
2011,9,9,20,0,5,3.4,19.2
2011,9,9,21,0,5,3.2,18.9
2011,9,9,22,0,12,4.5,19.1
2011,9,9,23,0,6,2.4,19
2011,9,10,0,0,3,1.8,19.1
2011,9,10,1,0,32,5.7,18.7
2011,9,10,2,0,15,3.2,19.1
2011,9,10,3,0,158,1.2,18.7
2011,9,10,4,0,27,0.9,18.4
2011,9,10,5,0,75,1.2,18.3
2011,9,10,6,0,112,1.8,18.4
2011,9,10,7,0,122,2.4,18.1
2011,9,10,8,0,195,0.8,18
2011,9,10,9,0,142,1,18
2011,9,10,10,0,206,2.5,17
2011,9,10,11,0,170,3.4,17.2
2011,9,10,12,0,318,1.7,18.2
2011,9,10,13,0,163,1.8,18.8
2011,9,10,14,0,173,4.4,20.5
2011,9,10,15,0,339,0.8,22.3
2011,9,10,16,0,170,0.8,21.9
2011,9,10,17,0,283,1.5,21.9
2011,9,10,18,0,104,5.3,20.5
2011,9,10,19,0,87,4.4,22.1
2011,9,10,20,0,24,1.2,21.1
2011,9,10,21,0,54,1.7,21.8
2011,9,10,22,0,123,5.1,20.9
2011,9,10,23,0,88,1.6,20.1
2011,9,11,0,0,63,1.8,19.4
2011,9,11,1,0,278,0.6,19.5
2011,9,11,2,0,300,2.8,19.3
2011,9,11,3,0,136,2.4,19.2
2011,9,11,4,0,137,2.3,19.1
2011,9,11,5,0,166,2.6,19.3
2011,9,11,6,0,169,1.5,19.1
2011,9,11,7,0,183,4.8,19.3
2011,9,11,8,0,193,5.1,18.9
2011,9,11,9,0,170,4.6,18.4
2011,9,11,10,0,212,2.1,18
2011,9,11,11,0,212,3.4,17.7
2011,9,11,12,0,231,2.2,19.1
2011,9,11,13,0,223,4.6,20.9
2011,9,11,14,0,197,2.3,22.5
2011,9,11,15,0,193,4.3,23.8
2011,9,11,16,0,81,2.3,23.1
2011,9,11,17,0,103,3.4,22.5
2011,9,11,18,0,112,4.9,22.1
2011,9,11,19,0,103,8.3,23.6
2011,9,11,20,0,130,1.8,23.4
2011,9,11,21,0,101,3,23
2011,9,11,22,0,68,2.7,23
2011,9,11,23,0,245,5,25.7
2011,9,12,0,0,230,5.1,24.9
2011,9,12,1,0,176,3.5,24.3
2011,9,12,2,0,210,2.4,23.6
2011,9,12,3,0,198,2.4,22.9
2011,9,12,4,0,176,5.3,22.3
2011,9,12,5,0,158,3.2,21.7
2011,9,12,6,0,209,2.5,21
2011,9,12,7,0,185,4.2,20.8
2011,9,12,8,0,193,6.2,20.2
2011,9,12,9,0,191,5.9,19.9
2011,9,12,10,0,188,4.6,19.9
2011,9,12,11,0,203,4.8,19.7
2011,9,12,12,0,172,3,20.9
2011,9,12,13,0,177,8.1,23.4
2011,9,12,14,0,233,4.7,25.6
2011,9,12,15,0,200,6.1,26.8
2011,9,12,16,0,186 1,3.2,27.5
2011,9,12,17,0,202 1,3.8,28.1
2011,9,12,18,0,188,8.5,28.2
2011,9,12,19,0,178 1,1.6,29.1
2011,9,12,20,0,140,8.3,29.1
2011,9,12,21,0,157,3.5,28.8
2011,9,12,22,0,177,9.8,28.2
2011,9,12,23,0,167,3.4,27.4
2011,9,13,0,0,197,7.2,26.6
2011,9,13,1,0,176,6.3,25.9
2011,9,13,2,0,189,7.6,25.4
2011,9,13,3,0,160,9.3,25.1
2011,9,13,4,0,170 1,3.3,25.4
2011,9,13,5,0,183 1,1.2,24.6
2011,9,13,6,0,215,7.6,24
2011,9,13,7,0,186,5.7,23.5
2011,9,13,8,0,203,8.5,22.6
2011,9,13,9,0,165,5.9,21.4
2011,9,13,10,0,250,6.3,20.5
2011,9,13,11,0,231,7.2,20
2011,9,13,12,0,245,6.8,20.2
2011,9,13,13,0,245,4.4,20.8
2011,9,13,14,0,232,6.9,20.7
2011,9,13,15,0,270,7.2,20.5
2011,9,13,16,0,320,8.3,20
2011,9,13,17,0,318,6.8,19.6
2011,9,13,18,0,338,4.7,19.7
2011,9,13,19,0,4,5.2,19.2
2011,9,13,20,0,358,2.7,18.3
2011,9,13,21,0,26,4,17.9
2011,9,13,22,0,305,2.7,17.8
2011,9,13,23,0,5,2.2,17.3
2011,9,14,0,0,36,6.1,17.3
2011,9,14,1,0,40,3.7,17.4
2011,9,14,2,0,48,0.7,17.2
2011,9,14,3,0,174,0.6,16.6
2011,9,14,4,0,169,1.3,16.2
2011,9,14,5,0,171,2,16.8
2011,9,14,6,0,259,2.7,15.9
2011,9,14,7,0,231,3.4,15.6
2011,9,14,8,0,183,3.3,15.3
2011,9,14,9,0,196,3.2,14.9
2011,9,14,10,0,180,8.7,14.4
2011,9,14,11,0,186,6.7,14.5
2011,9,14,12,0,186,7.5,14.8
2011,9,14,13,0,246,7.1,15.1
2011,9,14,14,0,286,7.4,14.2
2011,9,14,15,0,285,7.2,14.5
2011,9,14,16,0,214,5.4,13.8
2011,9,14,17,0,266,4.3,13.3
2011,9,14,18,0,281,5.6,13
2011,9,14,19,0,274,6.6,13.4
2011,9,14,20,0,330,3.4,13.7
2011,9,14,21,0,309,5.9,14
2011,9,14,22,0,280,7.6,13.8
2011,9,14,23,0,256,4.3,13.5
2011,9,15,0,0,254,3.1,13
2011,9,15,1,0,291,6.3,12.6
2011,9,15,2,0,319,8.2,12.7
2011,9,15,3,0,294 1,0.3,11.8
2011,9,15,4,0,288,8.9,11.3
2011,9,15,5,0,304,5.8,10.3
2011,9,15,6,0,290 1,0,9.2
2011,9,15,7,0,307,4.9,8.6
2011,9,15,8,0,265,9.2,8.3
2011,9,15,9,0,282 1,0.1,7.5
2011,9,15,10,0,241,8.5,7
2011,9,15,11,0,277,7.6,6.6
2011,9,15,12,0,269,5.7,8.3
2011,9,15,13,0,322,9.1,9.9
2011,9,15,14,0,321,8,10.4
2011,9,15,15,0,303 1,3.4,11.2
2011,9,15,16,0,331 1,5.4,11.7
2011,9,15,17,0,346,5.4,12.5
2011,9,15,18,0,317 1,2.3,12.8
2011,9,15,19,0,343,7.1,12.9
2011,9,15,20,0,320,5.5,13
2011,9,15,21,0,44,3.8,12.8
2011,9,15,22,0,8,5.1,12.6
2011,9,15,23,0,319,2.8,12.3
2011,9,16,0,0,11,4.3,12.7
2011,9,16,1,0,36,5.9,12.8
2011,9,16,2,0,7,2.4,12.8
2011,9,16,3,0,50,2,12.2
2011,9,16,4,0,230,3.2,11.4
2011,9,16,5,0,261,1.4,11.7
2011,9,16,6,0,0,3.4,13.3
2011,9,16,7,0,21,9.4,13.5
2011,9,16,8,0,29,5.8,13.5
2011,9,16,9,0,55,4.8,13.7
2011,9,16,10,0,183,6,11.5
2011,9,16,11,0,196,7.4,11.2
2011,9,16,12,0,218,1.3,11.6
2011,9,16,13,0,178,3.8,11.9
2011,9,16,14,0,186,2.9,12.5
2011,9,16,15,0,77,2.3,13.4
2011,9,16,16,0,67,3.7,14.4
2011,9,16,17,0,157,0.8,13.7
2011,9,16,18,0,134,0.5,14
2011,9,16,19,0,317,2.9,13.8
2011,9,16,20,0,128,0.6,13.7
2011,9,16,21,0,187,0.6,13.5
2011,9,16,22,0,66,1.4,13.4
2011,9,16,23,0,45,3.2,13.7
2011,9,17,0,0,71,2.8,14.5
2011,9,17,1,0,140,4.2,14.6
2011,9,17,2,0,125,6.1,15
2011,9,17,3,0,103,4.5,14.9
2011,9,17,4,0,79,3.8,14.7
2011,9,17,5,0,109,4.5,14.7
2011,9,17,6,0,115,9.9,14.7
2011,9,17,7,0,99,8.7,14.7
2011,9,17,8,0,83,2.1,14.5
2011,9,17,9,0,76,5.7,14.3
2011,9,17,10,0,101 1,0.1,14.3
2011,9,17,11,0,65,4.2,14.5
2011,9,17,12,0,69,4.5,14.8
2011,9,17,13,0,127,3.9,15.1
2011,9,17,14,0,119,8.3,15.5
2011,9,17,15,0,110,8,15.9
2011,9,17,16,0,98,7.7,16.4
2011,9,17,17,0,68,2.3,17.4
2011,9,17,18,0,60,1.6,17.6
2011,9,17,19,0,0,1.4,18
2011,9,17,20,0,81,2.9,18.2
2011,9,17,21,0,50,3.3,18.3
2011,9,17,22,0,25,8.7,17.3
2011,9,17,23,0,32 1,0.8,17.5
2011,9,18,0,0,50,3.1,18
2011,9,18,1,0,79,8.5,18.6
2011,9,18,2,0,71,5.3,18.5
2011,9,18,3,0,97,9.4,17.9
2011,9,18,4,0,78,5.5,17.1
2011,9,18,5,0,115 1,2.3,16.4
2011,9,18,6,0,94 1,0.9,16
2011,9,18,7,0,122 1,4.5,15.7
2011,9,18,8,0,99 1,2.1,15.5
2011,9,18,9,0,115,6.3,15.3
2011,9,18,10,0,99,2.7,15.1
2011,9,18,11,0,110,4.6,15
2011,9,18,12,0,145,3.5,13.9
2011,9,18,13,0,109,2.9,14.3
2011,9,18,14,0,106,7.1,14.5
2011,9,18,15,0,102,8.7,14.9
2011,9,18,16,0,91,5.3,15
2011,9,18,17,0,102,6.8,15.6
2011,9,25,14,0,129,4.1,14.4
2011,9,25,15,0,121,2.5,14.5
2011,9,25,16,0,152,2.3,14.5
2011,9,25,17,0,129,7,15
2011,9,25,18,0,80,5.6,15
2011,9,25,19,0,108,6.7,15.8
2011,9,25,20,0,111,8.5,16.1
2011,9,25,21,0,99,4.5,16.6
2011,9,25,22,0,104 1,4.5,17.2
2011,9,25,23,0,121 1,0.6,16.6
2011,9,26,0,0,113,8.1,16
2011,9,26,1,0,95,2.9,15.7
2011,9,26,2,0,120,2.4,15.5
2011,9,26,3,0,108,3.2,15.9
2011,9,26,4,0,72,3.8,14.8
2011,9,26,5,0,93,2.4,14.8
2011,9,26,6,0,45,8.2,15
2011,9,26,7,0,353,8.7,14.3
2011,9,26,8,0,294 1,0.3,14.4
2011,9,26,9,0,344,4.3,15
2011,9,26,10,0,180,6.9,13.7
2011,9,26,11,0,188 1,6.6,12.5
2011,9,26,12,0,182 1,0.4,12.4
2011,9,26,13,0,166 1,1.9,12.7
2011,9,26,14,0,148,8.4,14.1
2011,9,26,15,0,154 1,1,13.7
2011,9,26,16,0,166,6.4,12.7
2011,9,26,17,0,168,9.7,14
2011,9,26,18,0,144 1,0,15.1
2011,9,26,19,0,144,5,16
2011,9,26,20,0,166 1,1.5,16.5
2011,9,26,21,0,163,8.7,15.7
2011,9,26,22,0,176,9.8,15
2011,9,26,23,0,174,8,14.3
2011,9,27,0,0,175,7.6,14.5
2011,9,27,1,0,101,6.9,13.4
2011,9,27,2,0,139 1,2.5,13.2
2011,9,27,3,0,148 1,2.7,12.7
2011,9,27,4,0,124,7.3,13.9
2011,9,27,5,0,96 1,3,13.4
2011,9,27,6,0,102 1,7.4,14.1
2011,9,27,7,0,119 1,5.2,14.1
2011,9,27,8,0,104 1,7.6,14.1
2011,9,27,9,0,116,7.7,13.8
2011,9,27,10,0,111,5.3,14
2011,9,27,11,0,86 1,0.7,13.6
2011,9,27,12,0,92,8.4,13.7
2011,9,27,13,0,75 1,0.2,14
2011,9,27,14,0,58,7,13.8
2011,9,27,15,0,73,6.1,14.2
2011,9,27,16,0,97,2.3,13.2
2011,9,27,17,0,56,5.6,14.3
2011,9,27,18,0,41,2.1,14.7
2011,9,27,19,0,9,1.9,14.3
2011,9,27,20,0,347,5.7,14.9
2011,9,27,21,0,355,3.4,13.9
2011,9,27,22,0,141,2.1,13.2
2011,9,27,23,0,356,3,14.2
2011,9,28,0,0,245,4.1,14.9
2011,9,28,1,0,272,5.5,13.5
2011,9,28,2,0,270,6.1,13.2
2011,9,28,3,0,295,7.3,13.6
2011,9,28,4,0,232,3.9,13.5
2011,9,28,5,0,251,4.5,13
2011,9,28,6,0,285,1.3,12.9
2011,9,28,7,0,246,3.6,12.9
2011,9,28,8,0,332,4.9,13.5
2011,9,28,9,0,246,1.7,13.2
2011,9,28,10,0,260,3.8,12.9
2011,9,28,11,0,290,6.3,12.7
2011,9,28,12,0,282,9.9,13
2011,9,28,13,0,276 1,0,13.1
2011,9,28,14,0,291,6.7,14
2011,9,28,15,0,314,6.3,14.2
2011,9,28,16,0,329,6.6,14.4
2011,9,28,17,0,314,5.9,15.6
2011,9,28,18,0,331,5.7,15.8
2011,9,28,19,0,304,9.3,15.6
2011,9,28,20,0,322,8.6,15.7
2011,9,28,21,0,298,3.7,15.6
2011,9,28,22,0,289,3.8,15
2011,9,28,23,0,201,2.1,14.8
2011,9,29,0,0,245,2.2,14.4
2011,9,29,1,0,261,3.7,14.1
2011,9,29,2,0,267,4.4,13.6
2011,9,29,3,0,264,2.4,13.4
2011,9,29,4,0,236,2.7,13.1
2011,9,29,5,0,233,5.5,13.2
2011,9,29,6,0,198,4.9,12.9
2011,9,29,7,0,195,2.4,12.7
2011,9,29,8,0,208,4.2,12.7
2011,9,29,9,0,191,3.4,12.5
2011,9,29,10,0,196,2.8,12.3
2011,9,29,11,0,197,4.5,12.2
2011,9,29,12,0,198,2,12.8
2011,9,29,13,0,182,6.1,14.5
2011,9,29,14,0,214 1,0.1,15.8
2011,9,29,15,0,160,6.7,17
2011,9,29,16,0,186,5.1,17.4
2011,9,29,17,0,193,8.8,16.9
2011,9,29,18,0,176,8.5,15.5
2011,9,29,19,0,212 1,1.6,16.3
2011,9,29,20,0,212,4.9,17.9
2011,9,29,21,0,203,7.2,17.7
2011,9,29,22,0,254 1,2.3,18.6
2011,9,29,23,0,290 1,1,14.5
2011,9,30,0,0,190 1,1.2,13.6
2011,9,30,1,0,240,6.6,13.5
2011,9,30,2,0,267 1,4.8,13.1
2011,9,30,3,0,227,6.4,12.1
2011,9,30,4,0,270 1,2,12.5
2011,9,30,5,0,297 1,3.4,10.9
2011,9,30,6,0,240,2.7,10.6
2011,9,30,7,0,279 1,3.1,10.2
2011,9,30,8,0,310,5.1,10.2
2011,9,30,9,0,294,9.8,10.9
2011,9,30,10,0,318 1,5.6,11.1
2011,9,30,11,0,310 1,0.9,11.4
2011,9,30,12,0,282 1,1.3,10.9
2011,9,30,13,0,282,8.2,11
2011,9,30,14,0,303,9.1,11.3
2011,9,30,15,0,318,9.4,11.2
2011,9,30,16,0,287,7.5,11.3
2011,9,30,17,0,316,5,11.6
2011,9,30,19,0,315 1,6.9,11.8
2011,9,30,20,0,313 1,2.3,12.4
2011,9,30,21,0,290 1,5.8,13
2011,9,30,22,0,335 1,0.2,11.7
2011,9,30,23,0,337 1,3.1,11.6
2011,10,1,0,0,333 1,1.3,11.3
2011,10,1,1,0,328 1,2.5,11.2
2011,10,1,2,0,338 1,1.8,11.3
2011,10,1,3,0,342,8.7,10.3
2011,10,1,4,0,351 1,1.8,10.4
2011,10,1,5,0,345 1,3.7,10.1
2011,10,1,6,0,316,8.8,10.2
2011,10,1,7,0,348 1,2.9,10.4
2011,10,1,8,0,263,8.5,7.6
2011,10,1,9,0,330 1,1.8,10.6
2011,10,1,10,0,289,5.4,7.8
2011,10,1,11,0,333 1,2.3,10.2
2011,10,1,12,0,12,9.3,9.7
2011,10,1,13,0,1 1,0.1,9.7
2011,10,1,14,0,348,9.1,9.6
2011,10,1,15,0,351,8.4,10
2011,10,1,16,0,332,9.5,9.9
2011,10,1,17,0,326,9.6,10.3
2011,10,1,18,0,316,7.6,10.3
2011,10,1,19,0,315,9.9,10.7
2011,10,1,20,0,322,9,10.8
2011,10,1,21,0,343,6.5,10.8
2011,10,1,22,0,342,6.1,10.8
2011,10,1,23,0,329,7.6,11
2011,10,2,0,0,339 1,0.1,11
2011,10,2,1,0,330,8.5,11
2011,10,2,2,0,317,5.3,11.2
2011,10,2,3,0,339,5.5,11.4
2011,10,2,4,0,310,6.2,11.2
2011,10,2,5,0,338,3.8,11.2
2011,10,2,6,0,333,5.6,11.3
2011,10,2,7,0,358,2.7,11
2011,10,2,8,0,287,1.2,10
2011,10,2,9,0,226,1.9,7.1
2011,10,2,10,0,231,5.3,7
2011,10,2,11,0,252,3.6,6.4
2011,10,2,12,0,301,4.6,8.1
2011,10,2,13,0,283,3.2,10.7
2011,10,2,14,0,328,7.9,11.4
2011,10,2,15,0,311,8,12
2011,10,2,16,0,318,3.6,12.6
2011,10,2,17,0,350,6.7,13.1
2011,10,2,18,0,32,5,12.9
2011,10,2,19,0,63,2.2,13.8
2011,10,2,20,0,35,2.2,14.4
2011,10,2,21,0,86,1.4,14
2011,10,2,22,0,111,2,12.9
2011,10,2,23,0,197,2.6,12.5
2011,10,3,0,0,234,3.8,14.6
2011,10,3,1,0,237,3.6,14.9
2011,10,3,2,0,280,5.4,14
2011,10,3,3,0,278,8.7,14.5
2011,10,3,4,0,282 1,0.7,14.5
2011,10,3,5,0,267,6.6,14
2011,10,3,6,0,275,3.1,14.2
2011,10,3,7,0,254,3.4,12.7
2011,10,3,8,0,263,2.4,11.8
2011,10,3,9,0,219,2.6,11.4
2011,10,3,10,0,232,1.7,10.5
2011,10,3,11,0,245,3.7,10.5
2011,10,3,12,0,238,3.5,11.1
2011,10,3,13,0,324,0.7,13.7
2011,10,3,14,0,322,6.1,13.7
2011,10,3,15,0,311,7.4,14.4
2011,10,3,16,0,340,1.8,15.4
2011,10,3,17,0,306,3.2,15.3
2011,10,3,18,0,349,4.5,15.2
2011,10,3,19,0,352,4.9,15.2
2011,10,3,20,0,355,6.4,14.7
2011,10,3,21,0,341,2.2,14.3
2011,10,3,22,0,310,4,13.6
2011,10,3,23,0,307,4.5,13.7
2011,10,4,0,0,318,4.8,13.8
2011,10,4,1,0,328,3,13.6
2011,10,4,2,0,293,1.9,12.6
2011,10,4,3,0,185,0.7,12.7
2011,10,4,4,0,313,1.1,12.3
2011,10,4,5,0,311,1.9,12.3
2011,10,4,6,0,240,2.9,11.5
2011,10,4,7,0,215,3,10.8
2011,10,4,8,0,231,3,10
2011,10,4,9,0,229,3.5,10.1
2011,10,4,10,0,231,3.8,10.1
2011,10,4,11,0,222,2.6,9.7
2011,10,4,12,0,181,2.3,11.3
2011,10,4,13,0,278,2.7,13.9
2011,10,4,14,0,185,4,16
2011,10,4,15,0,138,1.1,15.9
2011,10,4,16,0,78,4,16.3
2011,10,4,17,0,327,1.4,17.1
2011,10,4,18,0,92,1.6,17.2
2011,10,4,19,0,112,1.7,17.2
2011,10,4,20,0,97,0.9,17.6
2011,10,4,21,0,282,0.5,17
2011,10,4,22,0,75,0.3,15.6
2011,10,4,23,0,142,2.2,14.8
2011,10,5,0,0,113,2.4,14.8
2011,10,5,1,0,104,3.1,15
2011,10,5,2,0,117,4.8,15.4
2011,10,5,3,0,134,5.1,15.7
2011,10,5,4,0,161,2.4,16.1
2011,10,5,5,0,176,3.9,15.7
2011,10,5,6,0,172,7.7,17.7
2011,10,5,7,0,183,6.3,17.5
2011,10,5,8,0,179,4.9,17.1
2011,10,5,9,0,194 1,0,16.4
2011,10,5,10,0,185,7,15
2011,10,5,11,0,172,3.8,14.1
2011,10,5,12,0,187,5.8,14.7
2011,10,5,13,0,195,4.8,17
2011,10,5,14,0,181,3.6,19.8
2011,10,5,15,0,262,1.4,22.6
2011,10,5,16,0,76,1.9,18.1
2011,10,5,17,0,65,1.5,18.6
2011,10,5,18,0,100,1.4,19.3
2011,10,5,19,0,112,5,19.7
2011,10,5,20,0,47,1,18.8
2011,10,5,21,0,69,1.6,19.1
2011,10,5,22,0,98,1.9,18.4
2011,10,5,23,0,123,2,17.3
2011,10,6,0,0,115,4.3,17.9
2011,10,6,1,0,111,3.7,18.1
2011,10,6,2,0,110,4.1,17.8
2011,10,6,3,0,109,4.6,18.4
2011,10,6,4,0,132,4.2,18.5
2011,10,6,5,0,107,1.3,17.8
2011,10,6,6,0,129,3.2,16.3
2011,10,6,7,0,133,1.7,18.6
2011,10,6,8,0,174,2.1,18.4
2011,10,6,9,0,175,6.5,18.2
2011,10,6,10,0,172,2.3,17.6
2011,10,6,11,0,184,4.9,17.1
2011,10,6,12,0,162,4.2,17.1
2011,10,6,13,0,154,3.1,18.8
2011,10,6,14,0,89,5.8,17.1
2011,10,6,15,0,108,7.9,18
2011,10,6,16,0,98,6.5,18.9
2011,10,6,17,0,109,4.3,18.8
2011,10,6,18,0,116,2.8,19.1
2011,10,6,19,0,99,4,19.6
2011,10,6,20,0,135,2.3,20.1
2011,10,6,21,0,113,2.6,20.3
2011,10,8,20,0,79,5.8,20.4
2011,10,8,21,0,75,3.9,20.5
2011,10,8,22,0,135,3,19.6
2011,10,8,23,0,104,5,19
2011,10,9,0,0,119,5.5,18.6
2011,10,9,1,0,132,3,19.4
2011,10,9,2,0,164,5,23.8
2011,10,9,3,0,181,9.2,23
2011,10,9,4,0,188 1,1.3,22.1
2011,10,9,5,0,176,6.8,20.9
2011,10,9,6,0,168,4.5,19.6
2011,10,9,7,0,150,3,19
2011,10,9,8,0,174,6.7,18.5
2011,10,9,9,0,183,4,17.8
2011,10,9,10,0,199,1.7,17.1
2011,10,9,11,0,223,1.5,16.9
2011,10,9,12,0,104,1.7,16.7
2011,10,9,13,0,93,2.8,18.1
2011,10,9,14,0,78,1.7,17.7
2011,10,9,15,0,90,4,17.8
2011,10,9,16,0,107,2.8,18
2011,10,9,17,0,90,4.7,18.8
2011,10,9,18,0,89,4,19.2
2011,10,9,19,0,32,1.7,19.4
2011,10,9,20,0,90,2.1,19.5
2011,10,9,21,0,67,2.7,18.9
2011,10,9,22,0,310,3,18.2
2011,10,9,23,0,91,2.7,17.4
2011,10,10,0,0,121,2.1,17
2011,10,10,1,0,117,3.6,18.1
2011,10,10,2,0,96,3,17.4
2011,10,10,3,0,47,1.4,16.8
2011,10,10,4,0,359,1.1,16.8
2011,10,10,5,0,315,2.4,15.7
2011,10,10,6,0,107,1.7,15.4
2011,10,10,7,0,99,4.8,16
2011,10,10,8,0,123,5.1,16.1
2011,10,10,9,0,139,4.6,15.6
2011,10,10,10,0,125,2.3,15.1
2011,10,10,11,0,129,2.4,15.1
2011,10,10,12,0,105,5.9,15.1
2011,10,10,13,0,101,7.5,16.1
2011,10,10,14,0,134,4.2,16
2011,10,10,15,0,77,2.7,16.6
2011,10,10,16,0,104,3.7,17.4
2011,10,10,17,0,84,3.2,18.3
2011,10,10,18,0,123,4.1,17.6
2011,10,10,19,0,90,1.5,18
2011,10,10,20,0,115,2.5,17.6
2011,10,10,21,0,91,1.4,17.6
2011,10,10,22,0,81,2.7,17.3
2011,10,10,23,0,115,4.4,17.3
2011,10,11,0,0,111,2.1,17.2
2011,10,11,1,0,116,2.3,17
2011,10,11,2,0,2,0.6,16.3
2011,10,11,3,0,127,4.2,17.8
2011,10,11,4,0,156,5.8,20.7
2011,10,11,5,0,166,4.6,20.2
2011,10,11,6,0,108,3.7,18.2
2011,10,11,7,0,150,4.2,16.7
2011,10,11,8,0,108,4.4,17.6
2011,10,11,9,0,130,2.5,16.7
2011,10,11,10,0,150,2,16.6
2011,10,11,11,0,181,2.9,17.7
2011,10,11,12,0,203,1.1,16.9
2011,10,11,13,0,84,2.6,18.9
2011,10,11,14,0,106,6.5,17.5
2011,10,11,15,0,104,6.8,17.6
2011,10,11,16,0,99,5.9,17.8
2011,10,11,17,0,77,4.2,18.6
2011,10,11,18,0,74,3.6,19.1
2011,10,11,19,0,88,2.6,19.2
2011,10,11,20,0,71,1.7,20.1
2011,10,11,21,0,17,2.3,19.6
2011,10,11,22,0,53,3.2,19
2011,10,11,23,0,74,2.3,18.3
2011,10,12,0,0,89,3.1,18
2011,10,12,1,0,117,3.1,18
2011,10,12,2,0,126,1.9,18.1
2011,10,12,3,0,112,1.9,17.5
2011,10,12,4,0,129,2.1,17.8
2011,10,12,5,0,173,5.5,20.3
2011,10,12,6,0,139,2.8,17.7
2011,10,12,7,0,105,6.5,16
2011,10,12,8,0,136,3.6,16
2011,10,12,9,0,121,4.1,15.3
2011,10,12,10,0,98,2.3,15.2
2011,10,12,11,0,134,2.7,14.9
2011,10,12,12,0,144,1.2,15.7
2011,10,12,13,0,113,5.5,16.3
2011,10,12,14,0,107,5.5,17.3
2011,10,12,15,0,85,4.9,16.9
2011,10,12,16,0,115,2.4,17.5
2011,10,12,17,0,93,1.9,18.1
2011,10,12,18,0,118,3.9,18.3
2011,10,12,19,0,58,3.4,17.8
2011,10,12,20,0,70,1.9,18
2011,10,12,21,0,62,3.5,17.3
2011,10,12,22,0,121,2.6,17.7
2011,10,12,23,0,97,7.8,17.2
2011,10,13,0,0,149,4.1,17.3
2011,10,13,1,0,110,5.4,17.5
2011,10,13,2,0,120,5.2,17.8
2011,10,13,3,0,132,5.2,17.3
2011,10,13,4,0,133,2.7,17.5
2011,10,13,5,0,107,4.3,17.5
2011,10,13,6,0,108,8.7,16
2011,10,13,7,0,135,6.8,15.8
2011,10,13,8,0,127,4.7,15.5
2011,10,13,9,0,120,2.3,15.9
2011,10,13,10,0,121,4.8,14.5
2011,10,13,11,0,113,8.7,14.6
2011,10,13,12,0,98,3.5,14.7
2011,10,13,13,0,114,4.5,14.8
2011,10,13,14,0,92,1.5,15.4
2011,10,13,15,0,76,1.7,16.2
2011,10,13,16,0,124,3.2,15.6
2011,10,15,19,0,217 1,2.3,15.6
2011,10,15,20,0,241 1,0.6,15.8
2011,10,15,21,0,119,3.5,15.8
2011,10,15,22,0,220,3.8,15.4
2011,10,15,23,0,188,6.8,14.9
2011,10,16,0,0,137,1.8,14.4
2011,10,16,1,0,214,3.5,14
2011,10,16,2,0,135,2.2,13.9
2011,10,16,3,0,260,5.6,14.5
2011,10,16,4,0,228,8.8,14.1
2011,10,16,5,0,200,3.4,13.8
2011,10,16,6,0,186,3.8,13.6
2011,10,16,7,0,170,5.2,12.9
2011,10,16,8,0,168,3.2,12.3
2011,10,16,9,0,71,2.3,12.4
2011,10,16,10,0,122,1.8,12.2
2011,10,16,11,0,176,5.1,11.2
2011,10,16,12,0,283,1.6,10
2011,10,16,13,0,257,5.7,9.9
2011,10,16,14,0,243,6.9,10.3
2011,10,16,15,0,261,4.6,11.8
2011,10,16,16,0,256,8.7,13.5
2011,10,16,17,0,259,6.9,13.7
2011,10,16,18,0,251,7.3,13.7
2011,10,16,19,0,249,8.3,15.3
2011,10,16,20,0,232,8.8,15.5
2011,10,16,21,0,201,5.8,15
2011,10,16,22,0,217,5.1,14.5
2011,10,16,23,0,239,3.4,13.4
2011,10,17,0,0,262,6.7,12.9
2011,10,17,1,0,208,5.7,12.2
2011,10,17,2,0,219,3.4,11.5
2011,10,17,3,0,173,3.3,10.7
2011,10,17,4,0,238,6.4,10.1
2011,10,17,5,0,275 1,0.3,9.8
2011,10,17,6,0,235,8.3,9.3
2011,10,17,7,0,281,2.3,8.6
2011,10,17,8,0,232,3.2,8
2011,10,17,9,0,183,5.5,6.9
2011,10,17,10,0,177,4.2,6.3
2011,10,17,11,0,180,2.7,6
2011,10,17,12,0,175,5.3,6.6
2011,10,17,13,0,195,9.7,7.7
2011,10,17,14,0,210,6.1,9.5
2011,10,17,15,0,228,5.2,10.7
2011,10,17,17,0,220 1,0.7,12.8
2011,10,17,18,0,201,7.6,13.7
2011,10,17,19,0,213,9.8,13.9
2011,10,17,20,0,233 1,6.2,13.9
2011,10,17,21,0,241,7.9,13.6
2011,10,17,22,0,245,5.2,12.9
2011,10,17,23,0,196,7.6,12.1
2011,10,18,0,0,224,3.2,11.4
2011,10,18,1,0,214,2.6,10.7
2011,10,18,2,0,257,4.3,10.3
2011,10,18,3,0,214,7.1,9.6
2011,10,18,4,0,233,5.7,8.8
2011,10,18,5,0,191,3.4,8
2011,10,18,6,0,176,3.6,7.4
2011,10,18,7,0,210,5.9,6.8
2011,10,18,8,0,197,7.8,6.3
2011,10,18,9,0,215,4.3,6.3
2011,10,18,10,0,253,4.5,6.2
2011,10,18,11,0,233,4.1,6
2011,10,18,12,0,218,2.1,6.2
2011,10,18,13,0,264,3.6,7
2011,10,18,14,0,268,2.9,7.9
2011,10,18,15,0,313,7.4,9.1
2011,10,18,16,0,311 1,1.6,9.6
2011,10,18,17,0,290,5.8,9.9
2011,10,18,18,0,295,8.5,10.7
2011,10,18,19,0,352 1,1.2,10.6
2011,10,18,20,0,355 1,1,9.1
2011,10,18,21,0,356 1,2.3,10.1
2011,10,18,22,0,349,8.2,10.3
2011,10,18,23,0,325 1,0,10.2
2011,10,19,0,0,333 1,2,9.9
2011,10,19,1,0,330 1,5.1,10.1
2011,10,19,2,0,334 1,3.6,9.3
2011,10,19,3,0,348 1,4.7,10.1
2011,10,19,4,0,358 1,7.3,9.2
2011,10,19,5,0,359 1,7.2,9.7
2011,10,19,6,0,350 1,9.8,9.8
2011,10,19,7,0,348 1,6.1,9.7
2011,10,19,8,0,355 1,5.5,9.6
2011,10,19,9,0,343 1,7.1,9.3
2011,10,19,10,0,347 2,0.3,8.6
2011,10,19,11,0,334 2,3.7,8.3
2011,10,19,12,0,343 1,9.4,8.2
2011,10,19,13,0,348 1,8.9,8.3
2011,10,19,14,0,342 2,5.4,8.4
2011,10,19,15,0,342 1,4.8,8.6
2011,10,19,16,0,339 1,9,8.7
2011,10,19,17,0,343 2,7.3,8.9
2011,10,19,18,0,336 3,2.1,8.7
2011,10,19,19,0,333 2,2.2,8.8
2011,10,19,20,0,344 3,1.1,9.1
2011,10,19,21,0,331 2,0.6,9.4
2011,10,19,22,0,340 2,5.3,9.2
2011,10,19,23,0,325 1,9.9,8.9
2011,10,20,0,0,331 2,3.4,8.7
2011,10,20,1,0,337 9,9,9
2011,10,20,2,0,332 2,1.3,9.2
2011,10,20,3,0,328 2,1.6,9.1
2011,10,20,4,0,322 2,3.9,9.1
2011,10,20,5,0,312 3,5.3,8.9
2011,10,20,6,0,285 9,9,6.6
2011,10,20,7,0,307 1,6.8,6
2011,10,20,8,0,299 1,1.4,5.8
2011,10,20,9,0,295 1,2.4,5.9
2011,10,20,10,0,291 1,2.5,5.7
2011,10,20,11,0,286 2,1.2,5.7
2011,10,20,12,0,268 1,3.8,5.8
2011,10,20,13,0,294 1,7.1,5.9
2011,10,20,14,0,273,8.7,6
2011,10,20,15,0,285,9.9,6.5
2011,10,20,16,0,278 1,1.1,6.8
2011,10,20,17,0,282 1,2.5,7
2011,10,20,18,0,275 1,1.8,7.2
2011,10,20,20,0,272,7.2,7
2011,10,20,21,0,292,8.3,6.7
2011,10,20,22,0,282,4.9,6.5
2011,10,20,23,0,236,6.8,7.2
2011,10,21,0,0,291,9,7.4
2011,10,21,1,0,272,4.7,7.5
2011,10,21,2,0,234,2.3,7.6
2011,10,21,3,0,261,2.5,7.7
2011,10,21,4,0,272,5,7.5
2011,10,21,5,0,284,7.3,7.1
2011,10,21,6,0,264,3.6,6.4
2011,10,21,7,0,236,6.1,5.4
2011,10,21,8,0,250,7.5,4.9
2011,10,21,9,0,290,9.1,4.4
2011,10,21,10,0,271,4.6,4
2011,10,21,11,0,252,4.3,3.7
2011,10,21,12,0,276,5.2,4.2
2011,10,21,13,0,244,5.6,5.9
2011,10,21,14,0,286,6,7
2011,10,21,15,0,317,3.8,8.1
2011,10,21,16,0,284,7.6,8.9
2011,10,21,17,0,15,4.2,9.2
2011,10,21,18,0,84,4.9,9.2
2011,10,21,19,0,78,2.7,9.6
2011,10,21,20,0,89,1.6,9.6
2011,10,21,21,0,110,3.9,9.7
2011,10,21,22,0,94,3.5,9.6
2011,10,21,23,0,153,0.6,9.9
2011,10,22,0,0,159,1.5,10.2
2011,10,22,1,0,178,2.4,9.9
2011,10,22,2,0,184,4.5,9.1
2011,10,22,3,0,179,4.4,8.5
2011,10,22,4,0,181,4.5,7.8
2011,10,22,5,0,209,3.9,7.6
2011,10,22,6,0,170,6.1,7
2011,10,22,7,0,211,4.3,6.6
2011,10,22,8,0,186,2.3,6.5
2011,10,22,9,0,211,2.7,6.2
2011,10,22,10,0,184,5.4,6.4
2011,10,22,11,0,192,9.1,6.6
2011,10,22,12,0,185,8,6.9
2011,10,22,13,0,165,3.7,8.7
2011,10,22,14,0,199,7.9,11.1
2011,10,22,15,0,185,5.5,13.4
2011,10,22,16,0,176,7.2,15.5
2011,10,22,23,0,54,0.9,15.1
2011,10,23,0,0,62,0.8,14.8
2011,10,23,1,0,211,3.6,14.7
2011,10,23,2,0,240,5.2,13.4
2011,10,23,3,0,224,4.9,12.4
2011,10,23,4,0,263,4.3,11.9
2011,10,23,5,0,267,4.9,11.4
2011,10,23,6,0,236,2.9,10.2
2011,10,23,7,0,207,2.7,9.8
2011,10,23,8,0,250,5,9.7
2011,10,23,9,0,282,2.5,9.4
2011,10,23,10,0,265,2.5,8.5
2011,10,23,11,0,190,1.6,8
2011,10,23,12,0,230,1.4,8.6
2011,10,23,13,0,176,2.1,10.6
2011,10,23,14,0,231,4.3,13.4
2011,10,23,15,0,143,2.3,16
2011,10,23,16,0,206,7.5,16.9
2011,10,23,17,0,234,1.4,18.3
2011,10,23,18,0,187,2.5,19.2
2011,10,23,19,0,179,7.8,19.4
2011,10,23,20,0,166 1,2.7,19.7
2011,10,23,21,0,152 1,0.3,18.7
2011,10,23,22,0,173 1,0,18.2
2011,10,23,23,0,193,4.9,17.5
2011,10,24,0,0,168 1,2.2,17.3
2011,10,24,1,0,149,5.3,16.8
2011,10,24,2,0,167,7.5,16.4
2011,10,24,3,0,256,8,16.4
2011,10,24,4,0,258,4.9,11.8
2011,10,24,5,0,236,5.8,12.3
2011,10,24,6,0,225,4.1,12.7
2011,10,24,7,0,238,5.7,12
2011,10,24,8,0,294,6.5,11
2011,10,24,9,0,284,7.3,9.8
2011,10,24,10,0,281,6.3,9
2011,10,24,11,0,276,5.4,8.3
2011,10,24,12,0,241,4.3,8.2
2011,10,24,13,0,241,7.2,9.6
2011,10,24,14,0,218,5.9,11.9
2011,10,24,15,0,233,7.8,14.1
2011,10,24,16,0,280 1,0.7,15.2
2011,10,24,17,0,207,7,16.3
2011,10,24,18,0,226,6.2,16.5
2011,10,24,19,0,230,2.9,17
2011,10,24,20,0,207,5.1,16.9
2011,10,24,21,0,279,5.1,16.7
2011,10,24,22,0,207,4.3,15.9
2011,10,24,23,0,186,3.8,15.1
2011,10,25,0,0,183,5.3,14.6
2011,10,25,1,0,203,3.8,14.2
2011,10,25,11,0,166 1,1.9,13.6
2011,10,25,12,0,177 1,9.3,15.1
2011,10,25,13,0,171 1,7.7,15.1
2011,10,25,14,0,208,4.5,15.5
2011,10,25,15,0,154,7.1,17.1
2011,10,25,16,0,172,8.2,19.2
2011,10,25,17,0,130 1,2.7,19.2
2011,10,25,18,0,159 1,3.2,21.2
2011,10,25,19,0,160,9.8,21.1
2011,10,25,20,0,148,8,21.9
2011,10,25,21,0,170,8,23.1
2011,10,25,22,0,188,7.8,22.4
2011,10,25,23,0,165,6.6,21.8
2011,10,26,0,0,180,7.9,21.5
2011,10,26,1,0,291,9.3,13.9
2011,10,26,2,0,38,1.6,12.9
2011,10,26,3,0,316,7.9,12.6
2011,10,26,4,0,316,8.6,11.4
2011,10,26,5,0,337,6.5,11.1
2011,10,26,6,0,318 1,0.5,10.7
2011,10,26,7,0,326,8.8,10.5
2011,10,26,8,0,317 1,1,10.4
2011,10,26,9,0,326 1,0.8,10.2
2011,10,26,10,0,326 1,1.9,10.1
2011,10,26,11,0,333,7.4,9.8
2011,10,26,12,0,325,9.1,9.7
2011,10,26,13,0,317 1,2.1,9.6
2011,10,26,14,0,331 1,3.8,9.5
2011,10,26,15,0,325,7.9,9.4
2011,10,26,16,0,308 1,3.6,9.5
2011,10,26,17,0,318,7.4,9.1
2011,10,26,18,0,332 1,1.2,9.1
2011,10,26,19,0,327,9,9
2011,10,26,20,0,330 1,4.2,9.1
2011,10,26,21,0,332 1,1.7,9.4
2011,10,26,22,0,326 1,5,9.5
2011,10,26,23,0,333 1,6.2,9.4
2011,10,27,0,0,333 1,7,9.4
2011,10,27,1,0,337 1,9.8,9.4
2011,10,27,2,0,350 1,9.6,9.4
2011,10,27,3,0,338 1,1.8,9.3
2011,10,27,4,0,332 1,4.1,9.2
2011,10,27,5,0,343 1,0.4,9.1
2011,10,27,6,0,330 1,0.1,9
2011,10,27,7,0,356 1,0.2,9
2011,10,27,8,0,333 1,3.7,8.9
2011,10,27,9,0,330,7.4,8.9
2011,10,27,10,0,335,2,8.1
2011,10,27,11,0,323,7.9,6.1
2011,10,27,12,0,306,7.5,6.3
2011,10,27,13,0,294,8.1,5.2
2011,10,27,14,0,315,4.8,5.4
2011,10,27,15,0,327,5.6,6.4
2011,10,27,16,0,9,6.9,7
2011,10,27,17,0,0,5.1,7.4
2011,10,27,18,0,57,4.4,7.6
2011,10,27,19,0,58,3.3,8
2011,10,27,20,0,73,4.1,8.6
2011,10,27,21,0,62,3.6,8
2011,10,27,23,0,211,4.2,6.5
2011,10,28,0,0,266,1.4,6.9
2011,10,28,1,0,232,0.5,7
2011,10,28,2,0,178,0.7,6.4
2011,10,28,3,0,214,5.1,6.3
2011,10,28,4,0,211,2.7,6.2
2011,10,28,5,0,190,4.3,6.1
2011,10,28,6,0,171,2.3,5.8
2011,10,28,7,0,221,3.1,5.6
2011,10,28,8,0,197,4,5.1
2011,10,28,9,0,193,7.8,4.8
2011,10,28,10,0,208,2,5.1
2011,10,28,11,0,178,7.1,5
2011,10,28,12,0,221,1.7,5
2011,10,28,13,0,216,4.1,6.3
2011,10,28,14,0,188,1.3,8.2
2011,10,28,15,0,163,4.9,9.9
2011,10,28,16,0,186,5.2,10.9
2011,10,28,17,0,152,5.2,11.2
2011,10,28,18,0,168,6.3,11.8
2011,10,28,19,0,173,4.2,11.8
2011,10,28,20,0,198,6.3,12.3
2011,10,28,21,0,187,2.1,11.8
2011,10,28,22,0,149,7,11.4
2011,10,28,23,0,158,5.5,10.9
2011,10,29,0,0,163,1.7,10.5
2011,10,29,1,0,158,3.9,10.3
2011,10,29,2,0,169,7.6,10
2011,10,29,3,0,202,5.6,8.4
2011,10,29,4,0,208,5.4,9
2011,10,29,5,0,182,9.5,8
2011,10,29,6,0,194,7.4,7.4
2011,10,29,7,0,179,5.1,6.9
2011,10,29,8,0,177,5.4,6.3
2011,10,29,9,0,197,3.8,5.4
2011,10,29,10,0,219,7.2,5
2011,10,29,11,0,227,7.6,4.6
2011,10,29,12,0,251,6,4.5
2011,10,29,13,0,217,6.1,5.6
2011,10,29,14,0,245,5.9,8.4
2011,10,29,15,0,282,4.8,10.3
2011,10,29,16,0,291,3.8,10.1
2011,10,29,17,0,25,2.4,9.6
2011,10,29,18,0,342,5.5,10
2011,10,29,19,0,324,4.6,10.5
2011,10,29,20,0,298,2.8,11.1
2011,10,29,21,0,253,4.3,11.2
2011,10,29,22,0,268,2,10.3
2011,10,29,23,0,247,1.2,9.8
2011,10,30,0,0,243,2.9,9.5
2011,10,30,1,0,222,2.8,9
2011,10,30,2,0,174,4.2,8.3
2011,10,30,3,0,155,4.5,8.5
2011,10,30,4,0,155,7.6,8.4
2011,10,30,5,0,170,8.2,7.6
2011,10,30,6,0,170,7.2,7.4
2011,10,30,7,0,163,3.4,7.4
2011,10,30,8,0,167,6,7
2011,10,30,9,0,157,5.2,7
2011,10,30,10,0,178,5.9,7.5
2011,10,30,11,0,152,6.3,8.2
2011,10,30,12,0,118 1,0.6,8.2
2011,10,30,13,0,117 1,1.7,8.3
2011,10,30,14,0,162 1,4.3,9.3
2011,10,30,15,0,157 1,3,10.8
2011,10,30,16,0,163,6.8,12.1
2011,10,30,17,0,163 1,4.1,13.5
2011,10,30,18,0,162 1,7.5,13.4
2011,10,30,19,0,174 1,9.4,13.1
2011,10,30,20,0,151,9.1,10.2
2011,10,30,21,0,115,7.1,9.5
2011,10,30,22,0,160,9.4,8.5
2011,10,30,23,0,141 1,1.9,8.6
2011,10,31,0,0,163,7.4,9
2011,10,31,1,0,153,5.3,9.2
2011,10,31,2,0,191,9.2,8.7
2011,10,31,3,0,164,7.9,9
2011,10,31,4,0,171 1,0.9,8.7
2011,10,31,5,0,166,6.2,8.3
2011,10,31,6,0,208,4.5,8.4
2011,10,31,7,0,226,5.5,7.7
2011,10,31,8,0,236,2,7.2
2011,10,31,9,0,224,2.6,6.7
2011,10,31,10,0,227,4.3,6.2
2011,10,31,11,0,264,3.2,5.2
2011,10,31,12,0,225,2.3,4.7
2011,10,31,13,0,242,5.3,5.9
2011,10,31,14,0,215,4,8
2011,10,31,15,0,231,2.7,9.4
2011,10,31,16,0,283,7.2,10.3
2011,10,31,17,0,229,7.9,11.6
2011,10,31,18,0,215,6,10.6
2011,10,31,19,0,256,5.1,10.4
2011,10,31,20,0,219,3,10.3
2011,10,31,21,0,190,3.7,10.2
2011,10,31,22,0,227,6.4,9.9
2011,10,31,23,0,219,1.9,9.3
2011,11,1,0,0,195,5.9,8.9
2011,11,1,1,0,117,1.2,8.2
2011,11,1,2,0,160,3.5,8.1
2011,11,1,3,0,161,4,8
2011,11,1,4,0,138,3,7.9
2011,11,1,5,0,169,3.6,7.8
2011,11,1,6,0,164,5.4,7.8
2011,11,1,7,0,168,7.6,7.6
2011,11,1,8,0,169,7.2,7.2
2011,11,1,9,0,172,7.6,6.9
2011,11,1,10,0,154,6.6,6.6
2011,11,1,11,0,175 1,0,6.7
2011,11,1,12,0,146,4.8,7.2
2011,11,1,13,0,173 1,0.7,9.1
2011,11,1,14,0,157,4.2,10
2011,11,1,15,0,166,8.6,11.6
2011,11,1,16,0,152 1,3.1,13.8
2011,11,1,17,0,142,7.9,15
2011,11,1,18,0,134,8.1,16.6
2011,11,1,19,0,119,3.2,17.5
2011,11,1,20,0,181,7.9,18.2
2011,11,1,21,0,131 1,0,18.4
2011,11,1,22,0,112 1,1.3,18
2011,11,1,23,0,171 1,6.4,18
2011,11,2,0,0,155 1,3.8,17.4
2011,11,2,1,0,172 1,1.8,17.1
2011,11,2,2,0,176,9.5,16.3
2011,11,2,3,0,182 1,7.2,15.4
2011,11,2,4,0,178 1,1,14.7
2011,11,2,5,0,179 1,2.9,14
2011,11,2,6,0,154 1,1.1,13.7
2011,11,2,7,0,181 1,0.4,13.3
2011,11,2,8,0,167,9.4,13.2
2011,11,2,9,0,173 1,3.3,13.7
2011,11,2,10,0,174 1,5.2,12.9
2011,11,2,11,0,175 1,8.7,12.5
2011,11,2,13,0,186 1,2.2,12.6
2011,11,2,14,0,189 1,4.2,13.9
2011,11,2,15,0,175 1,0.9,14.9
2011,11,2,16,0,186,9.4,16.4
2011,11,2,17,0,177,6.8,16.2
2011,11,2,18,0,167,8.5,16.2
2011,11,2,19,0,168,4.4,17.1
2011,11,2,20,0,112,4.7,14.3
2011,11,2,21,0,168,3.9,18.3
2011,11,2,22,0,177,6.7,17.9
2011,11,2,23,0,323 1,5.2,12.3
2011,11,3,0,0,319 1,2.3,10.6
2011,11,3,1,0,332,8.8,10.3
2011,11,3,2,0,345 1,3.4,9.9
2011,11,3,3,0,339 1,5.7,9
2011,11,3,4,0,334 1,6.3,8.7
2011,11,3,5,0,335 1,5.1,8.7
2011,11,3,6,0,343 1,6,8.6
2011,11,3,7,0,344 1,7.9,8.4
2011,11,3,8,0,345 1,3.5,8.2
2011,11,3,9,0,343 1,4.2,8.5
2011,11,3,10,0,4 2,0.7,8.6
2011,11,3,11,0,0 2,0.7,8.7
2011,11,3,12,0,358 2,8.7,8.5
2011,11,3,13,0,4 1,9.2,8.6
2011,11,3,18,0,354 2,3.6,8.5
2011,11,3,19,0,344 2,1.3,8.4
2011,11,3,20,0,349 1,5.6,8.5
2011,11,3,21,0,351 1,4.7,8.9
2011,11,3,22,0,349 1,4.7,9.2
2011,11,3,23,0,341 2,2.6,8.8
2011,11,4,0,0,336 1,7.8,8.6
2011,11,4,1,0,342 1,7.4,8.7
2011,11,4,2,0,340 2,0.1,8.7
2011,11,4,3,0,352 1,9.9,9
2011,11,4,4,0,18,9.7,9.3
2011,11,4,5,0,356,6.5,9.2
2011,11,4,6,0,21,9.6,8.9
2011,11,4,7,0,21 1,0.9,8.5
2011,11,4,8,0,31 1,2.3,8.1
2011,11,4,9,0,23 1,4.9,7.9
2011,11,4,10,0,39 1,2.9,7.6
2011,11,4,11,0,29 1,5.2,7.2
2011,11,4,12,0,51 1,0,7.4
2011,11,4,13,0,47,9.3,7.3
2011,11,4,14,0,45,8.2,7.4
2011,11,4,15,0,196,2.7,9.2
2011,11,4,16,0,174,4.8,10.8
2011,11,4,17,0,59,0.9,10.3
2011,11,4,18,0,80,1,11.7
2011,11,4,23,0,63,0.7,21.5
2011,11,5,1,0,11,0.4,21.6
2011,11,5,2,0,315,0.4,21.5
2011,11,5,3,0,310,0.4,21.6
2011,11,5,4,0,86,0.3,21.6
2011,11,5,5,0,36,0.3,21.5
2011,11,5,6,0,336,0.4,21.4
2011,11,5,7,0,311,1.7,21.3
2011,11,5,8,0,298,1.3,21.2
2011,11,5,9,0,25,0.4,21.4
2011,11,5,10,0,94,0.7,21.4
2011,11,5,11,0,72,0.5,21.3
2011,11,5,12,0,354,0.3,21.3
2011,11,5,13,0,66,0.5,21.2
2011,11,5,14,0,7,0.3,21.3
2011,11,5,15,0,224,0.4,21.3
2011,11,5,17,0,342,1.3,21.1
2011,11,5,18,0,168,0.3,21.3
2011,11,5,20,0,160,0.3,21.5
2011,11,5,21,0,22,0.6,21.4
2011,11,5,23,0,125,0.4,21.4
2011,11,6,0,0,278,0.9,21.4
2011,11,6,1,0,268,0.4,21.5
2011,11,6,2,0,64,0.7,21.4
2011,11,6,3,0,350,0.8,21.3
2011,11,6,4,0,4,0.4,21.4
2011,11,6,6,0,149,0.4,21.4
2011,11,6,7,0,310,0.3,21.4
2011,11,6,8,0,325,0.3,21.2
2011,11,6,9,0,342,0.4,21.2
2011,11,6,10,0,25,0.9,21.1
2011,11,6,11,0,38,0.7,21.3
2011,11,6,12,0,315,0.3,21.2
2011,11,6,13,0,286,0.3,21.2
2011,11,6,14,0,68,0.9,21.3
2011,11,6,15,0,212,0.4,20.9
2011,11,6,17,0,187,0.3,21.1
2011,11,6,18,0,162,0.3,21.1
2011,11,6,19,0,56,0.4,21.1
2011,11,6,20,0,0,0.9,21.1
2011,11,6,21,0,315,0.4,21.2
2011,11,6,22,0,295,0.4,21.3
2011,11,6,23,0,313,0.3,21.3
2011,11,7,0,0,11,0.4,21.3
2011,11,7,1,0,1,0.4,21.3
2011,11,7,2,0,267,0.3,21.3
2011,11,7,3,0,326,1.3,21.1
2011,11,7,4,0,209,0.4,21.4
2011,11,7,5,0,4,1.2,21.2
2011,11,7,6,0,321,0.3,21.4
2011,11,7,7,0,18,0.4,21.4
2011,11,7,8,0,28,0.6,21.3
2011,11,7,9,0,198,1.6,21.3
2011,11,7,10,0,295,1,21.4
2011,11,7,11,0,8,1,21.3
2011,11,7,12,0,51,0.6,21.3
2011,11,7,13,0,345,1.1,20.9
2011,11,7,14,0,198,0.3,21.3
2011,11,7,15,0,313,0.4,21.5
2011,11,7,16,0,293,0.4,21.5
2011,11,7,17,0,296,0.4,21.4
2011,11,7,18,0,48,0.7,21.3
2011,11,7,19,0,64,0.6,21.4
2011,11,7,20,0,19,0.3,21.7
2011,11,7,21,0,210,0.3,21.9
2011,11,7,22,0,334,0.9,21.8
2011,11,7,23,0,290,0.4,22
2011,11,8,0,0,57,0.3,21.9
2011,11,8,1,0,327,0.9,21.9
2011,11,8,2,0,329,0.4,22
2011,11,8,3,0,284,0.3,22
2011,11,8,4,0,52,0.7,21.9
2011,11,8,5,0,281,0.3,22
2011,11,8,6,0,336,0.3,21.9
2011,11,8,7,0,50,0.6,21.8
2011,11,8,8,0,131,0.7,21.8
2011,11,8,9,0,53,0.7,21.7
2011,11,8,10,0,323,0.8,21.7
2011,11,8,11,0,328,0.4,22
2011,11,8,12,0,254,0.3,22
2011,11,8,13,0,60,0.7,21.1
2011,11,8,14,0,21,0.8,21.6
2011,11,8,15,0,171,0.3,21.8
2011,11,8,16,0,64,0.3,21.8
2011,11,8,17,0,79,0.6,21.7
2011,11,8,18,0,26,0.3,21.9
2011,11,8,19,0,52,0.6,24.3
2011,11,8,20,0,999 9,9,26.5
2011,11,8,22,0,999 9,9,27
2011,11,8,23,0,999 9,9,27.1
2011,11,9,0,0,999 9,9,27.1
2011,11,9,1,0,999 9,9,27.1
2011,11,9,2,0,999 9,9,27.2
2011,11,9,3,0,999 9,9,27.2
2011,11,9,4,0,999 9,9,27.3
2011,11,9,5,0,999 9,9,27.1
2011,11,9,6,0,999 9,9,27.1
2011,11,9,7,0,999 9,9,27.2
2011,11,9,8,0,999 9,9,27.2
2011,11,9,9,0,999 9,9,27.3
2011,11,9,10,0,999 9,9,27.3
2011,11,9,11,0,999 9,9,27.4
2011,11,9,12,0,999 9,9,27.2
2011,11,9,13,0,999 9,9,26.4
2011,11,9,14,0,999 9,9,26
2011,11,9,15,0,999 9,9,25.8
2011,11,9,16,0,999 9,9,25.1
2011,11,9,17,0,999 9,9,25.2
2011,11,9,18,0,999 9,9,25.7
2011,11,9,19,0,999 9,9,25.9
2011,11,9,20,0,999 9,9,26.4
2011,11,9,21,0,999 9,9,26.7
2011,11,9,22,0,999 9,9,26.8
2011,11,9,23,0,999 9,9,27
2011,11,10,0,0,999 9,9,27.1
2011,11,10,1,0,999 9,9,27.1
2011,11,10,2,0,999 9,9,26.9
2011,11,10,3,0,999 9,9,26.9
2011,11,10,4,0,999 9,9,26.8
2011,11,10,5,0,999 9,9,26.8
2011,11,10,6,0,999 9,9,27
2011,11,10,7,0,999 9,9,26.8
2011,11,10,8,0,999 9,9,26.6
2011,11,10,9,0,999 9,9,26.7
2011,11,10,10,0,999 9,9,26.9
2011,11,10,11,0,999 9,9,26.9
2011,11,10,12,0,999 9,9,26.9
2011,11,10,13,0,999 9,9,24
2011,11,10,14,0,999 9,9,25.7
2011,11,10,15,0,999 9,9,25.9
2011,11,10,16,0,999 9,9,25.9
2011,11,10,17,0,999 9,9,26
2011,11,10,18,0,999 9,9,26.2
2011,11,10,19,0,999 9,9,24.9
2011,11,10,20,0,999 9,9,24.6
2011,11,10,21,0,999 9,9,25.8