DATE,WDIR,WSPD,ATMP
2015-01-01,238.33333333333331,9.890476190476187,-5.928571428571429
2015-01-02,216.08695652173915,6.230434782608696,-2.2043478260869565
2015-01-03,181.91666666666663,5.654166666666666,0.3958333333333334
2015-01-04,313.75,8.779166666666667,-1.5458333333333334
2015-01-05,262.1666666666667,9.537499999999998,-16.145833333333332
2015-01-06,272.9583333333333,7.837499999999999,-13.654166666666667
2015-01-07,291.17391304347825,11.495652173913042,-15.956521739130432
2015-01-08,232.69565217391303,11.391304347826088,-18.3
2015-01-09,266.375,11.762499999999998,-13.125000000000002
2015-01-10,234.08333333333331,9.195833333333333,-13.666666666666664
2015-01-11,209.45833333333331,8.6,-2.833333333333334
2015-01-12,302.7826086956522,11.243478260869567,-4.126086956521739
2015-01-13,107.78260869565216,9.921739130434784,-7.726086956521739
2015-01-14,215.79166666666663,5.441666666666667,-9.3
2015-01-15,229.79166666666663,8.716666666666667,-4.575
2015-01-16,216.047619047619,5.571428571428571,-0.980952380952381
2015-01-17,189.08333333333331,12.179166666666667,2.958333333333333
2015-01-18,264.4166666666667,8.062500000000002,3.5875000000000004
2015-01-19,193.43478260869568,4.260869565217392,1.0173913043478262
2015-01-20,185.5217391304348,4.782608695652174,1.0130434782608695
2015-01-21,259.91304347826093,9.243478260869566,-4.8270566288050275e-18
2015-01-22,300.0833333333333,5.766666666666667,-0.55
2015-01-23,233.04166666666663,7.916666666666665,-0.5666666666666665
2015-01-24,258.125,8.174999999999997,1.679166666666667
2015-01-25,55.41666666666666,11.879166666666668,-0.11249999999999998
2015-01-26,105.17391304347828,7.9391304347826095,-3.804347826086958
2015-01-27,93.21739130434784,7.5739130434782584,-2.3739130434782605
2015-01-28,139.52173913043478,7.517391304347826,-1.6260869565217388
2015-01-29,250.0,9.491666666666664,1.9125
2015-01-30,271.0,10.441666666666665,-2.9375
2015-01-31,232.7826086956522,5.460869565217391,-1.152173913043478
2015-02-01,63.904761904761905,28.280952380952385,-1.5571428571428574
2015-02-02,200.70833333333331,32.42499999999999,-8.241666666666665
2015-02-03,229.79166666666663,6.629166666666667,-8.629166666666668
2015-02-04,255.91304347826087,6.586956521739131,-5.1826086956521715
2015-02-05,275.2083333333333,7.916666666666668,-11.216666666666665
2015-02-06,214.375,8.604166666666668,-6.449999999999998
2015-02-07,209.33333333333331,8.166666666666668,1.475
2015-02-08,275.6666666666667,10.083333333333334,3.083333333333334
2015-02-09,125.70833333333331,16.187499999999996,-2.3875
2015-02-10,127.95833333333331,8.3,-3.0041666666666664
2015-02-11,241.7826086956522,8.891304347826088,-0.10434782608695664
2015-02-12,298.7391304347826,13.069565217391302,-8.482608695652173
2015-02-13,246.4782608695652,7.052173913043476,-10.104347826086958
2015-02-14,296.75,13.379166666666665,-7.3083333333333345
2015-02-15,237.5,8.883333333333336,-14.612500000000004
2015-02-16,126.34782608695652,6.782608695652174,-11.652173913043477
2015-02-17,271.1818181818182,6.8090909090909095,-8.163636363636364
2015-02-18,302.77777777777777,12.455555555555556,-14.688888888888886
2015-02-19,297.9166666666667,9.354166666666666,-18.575
2015-02-20,223.54166666666663,8.170833333333333,-14.095833333333333
2015-02-21,153.66666666666666,7.0791666666666675,-5.7625
2015-02-22,270.4583333333333,8.054166666666665,-5.775
2015-02-23,282.7083333333333,7.870833333333333,-14.491666666666667
2015-02-24,223.95833333333331,10.666666666666666,-10.15
2015-02-25,211.79166666666663,7.808333333333334,-5.187500000000001
2015-02-26,110.04166666666669,15.1625,-7.908333333333332
2015-02-27,277.4782608695652,6.200000000000001,-12.078260869565218
2015-02-28,199.04166666666663,7.5166666666666675,-11.2125
2015-03-01,232.5,5.095833333333333,-5.879166666666667
2015-03-02,211.70833333333331,7.674999999999998,-5.4208333333333325
2015-03-03,193.63636363636363,10.53181818181818,-1.3409090909090908
2015-03-04,290.375,8.825000000000003,-3.7208333333333337
2015-03-05,293.375,7.479166666666668,-10.108333333333334
2015-03-06,224.16666666666663,9.812500000000002,-9.320833333333333
2015-03-07,241.58333333333331,8.825000000000003,1.458333333333333
2015-03-08,248.5,5.688888888888888,3.9166666666666665
2015-03-09,214.45833333333331,6.458333333333332,4.3583333333333325
2015-03-10,211.58333333333331,5.958333333333332,6.554166666666666
2015-03-11,295.61904761904765,7.6761904761904765,5.052380952380951
2015-03-12,131.29166666666666,4.058333333333334,3.079166666666666
2015-03-13,147.375,5.208333333333333,5.666666666666668
2015-03-14,227.25,7.483333333333335,8.25
2015-03-15,184.45833333333331,5.829166666666667,7.8791666666666655
2015-03-16,237.29166666666663,8.058333333333335,16.2
2015-03-17,142.125,17.000000000000004,3.4916666666666667
2015-03-18,189.5,4.445833333333334,2.95
2015-03-19,99.34782608695652,5.2434782608695665,3.378260869565218
2015-03-20,201.16666666666663,6.320833333333333,6.2125
2015-03-21,166.20833333333334,12.0375,4.5875
2015-03-22,47.83333333333334,11.15,-0.0041666666666666605
2015-03-23,69.65,10.325,-1.165
2015-03-24,95.75,9.895833333333334,-0.5833333333333333
2015-03-25,200.83333333333331,9.925,4.05
2015-03-26,236.79166666666663,6.916666666666668,3.091666666666665
2015-03-27,137.65217391304347,17.017391304347825,-2.5043478260869567
2015-03-28,50.54166666666666,9.7125,-3.158333333333333
2015-03-29,187.41666666666663,11.825,1.725
2015-03-30,276.1304347826087,7.81304347826087,8.639130434782606
2015-03-31,230.0434782608696,8.969565217391304,6.321739130434782
2015-04-01,172.13636363636363,7.336363636363638,97.22727272727272
2015-04-02,205.7826086956522,11.008695652173913,14.934782608695654
2015-04-03,275.25,9.358333333333334,9.175
2015-04-04,264.2083333333333,8.212499999999999,5.675
2015-04-05,227.65217391304347,8.71304347826087,11.956521739130435
2015-04-06,229.80952380952382,6.899999999999999,5.623809523809523
2015-04-07,158.82608695652175,12.613043478260868,3.752173913043478
2015-04-08,94.375,8.454166666666667,4.816666666666666
2015-04-09,165.17391304347825,8.986956521739131,9.556521739130432
2015-04-10,247.23809523809524,12.628571428571426,12.290476190476193
2015-04-11,246.22727272727272,6.295454545454546,9.595454545454547
2015-04-12,172.38888888888889,8.5,14.388888888888891
2015-04-13,230.20833333333331,10.333333333333332,16.345833333333335
2015-04-14,197.95454545454547,4.8,11.96818181818182
2015-04-15,101.65217391304348,5.991304347826088,7.782608695652174
2015-04-16,66.08333333333333,5.958333333333332,7.337499999999999
2015-04-17,185.7826086956522,5.9913043478260875,14.05217391304348
2015-04-18,280.0,10.522727272727273,13.022727272727268
2015-04-19,138.08695652173913,6.821739130434782,8.360869565217392
2015-04-20,249.04166666666663,9.866666666666667,8.808333333333334
2015-04-21,256.375,16.266666666666666,7.504166666666669
2015-04-22,285.875,13.370833333333332,4.816666666666666
2015-04-23,218.65217391304347,6.9913043478260875,5.008695652173913
2015-04-24,138.41666666666666,5.345833333333332,6.245833333333334
2015-04-25,68.17391304347827,12.508695652173913,5.330434782608696
2015-04-26,159.91304347826087,12.139130434782608,5.1521739130434785
2015-04-27,297.05,12.755,6.269999999999999
2015-04-28,182.2608695652174,6.4,5.92608695652174
2015-04-29,240.16666666666663,5.941666666666667,6.883333333333336
2015-04-30,261.75,13.420833333333334,5.8583333333333325
2015-05-01,227.0,6.295652173913044,7.7391304347826075
2015-05-02,192.875,5.820833333333334,15.375
2015-05-03,206.54166666666663,7.450000000000002,61.0125
2015-05-04,185.7826086956522,7.204347826086957,16.995652173913044
2015-05-05,237.3636363636364,7.1863636363636365,8.763636363636364
2015-05-06,88.83333333333331,6.241666666666667,8.299999999999999
2015-05-07,172.125,7.808333333333334,17.041666666666668
2015-05-08,199.95652173913044,7.604347826086956,22.09565217391304
2015-05-09,226.09523809523807,8.861904761904762,10.942857142857141
2015-05-10,328.95454545454544,11.645454545454545,6.586363636363638
2015-05-11,214.91304347826087,7.304347826086956,13.717391304347824
2015-05-12,266.625,10.779166666666667,11.554166666666665
2015-05-13,137.29166666666666,9.4,7.104166666666668
2015-05-14,121.08695652173913,7.85217391304348,9.326086956521738
2015-05-15,197.375,6.770833333333331,57.5625
2015-05-16,159.82352941176467,4.252941176470588,17.082352941176474
2015-05-17,171.69230769230768,12.153846153846152,21.50769230769231
2015-05-18,224.04166666666663,11.129166666666665,23.1125
2015-05-19,220.58333333333331,7.454166666666667,9.279166666666667
2015-05-20,127.75,7.837499999999999,5.729166666666668
2015-05-21,259.6818181818182,5.5545454545454565,11.53636363636364
2015-05-22,167.58333333333334,5.916666666666665,11.1875
2015-05-23,138.33333333333334,4.8866666666666685,14.226666666666665
2015-05-24,145.73684210526315,3.6578947368421066,15.984210526315787
2015-05-25,203.27272727272728,11.663636363636362,22.536363636363635
2015-05-26,188.4782608695652,9.12608695652174,21.17826086956522
2015-05-27,219.375,7.983333333333333,20.6625
2015-05-28,152.58333333333334,4.329166666666668,17.825
2015-05-29,165.82608695652175,5.92608695652174,20.682608695652174
2015-05-30,257.7916666666667,9.966666666666667,16.97083333333333
2015-05-31,200.7826086956522,15.26086956521739,7.25217391304348
2015-06-01,112.625,7.529166666666669,8.266666666666667
2015-06-02,94.45833333333331,3.912500000000001,10.383333333333333
2015-06-03,128.08695652173913,3.595652173913043,13.456521739130432
2015-06-04,181.08333333333331,6.1625000000000005,18.929166666666667
2015-06-05,287.09523809523813,7.504761904761906,14.466666666666667
2015-06-06,254.9090909090909,6.518181818181818,10.827272727272728
2015-06-07,157.79166666666666,6.720833333333332,17.79166666666667
2015-06-08,246.875,5.666666666666668,22.42916666666667
2015-06-09,239.27272727272728,5.1954545454545435,20.71363636363636
2015-06-10,184.08333333333331,7.1416666666666675,25.46666666666667
2015-06-11,128.14285714285714,4.2,15.657142857142857
2015-06-12,171.47826086956522,5.004347826086957,14.008695652173914
2015-06-13,206.54166666666663,5.733333333333333,13.699999999999998
2015-06-14,224.9333333333333,3.9533333333333336,23.52
2015-06-15,195.4782608695652,4.4,22.51739130434783
2015-06-16,223.0,6.816666666666666,16.033333333333335
2015-06-17,161.83333333333334,3.345833333333333,13.7125
2015-06-18,218.43478260869568,5.426086956521739,21.134782608695648
2015-06-19,243.34782608695653,9.173913043478262,12.465217391304348
2015-06-20,193.125,5.270833333333332,15.320833333333335
2015-06-21,255.28571428571428,4.285714285714287,20.878571428571426
2015-06-22,206.45833333333331,5.633333333333336,25.14999999999999
2015-06-23,228.375,5.529166666666666,21.54166666666667
2015-06-24,157.5,3.625,19.95833333333333
2015-06-25,169.8181818181818,3.522727272727272,19.83181818181818
2015-06-26,236.58333333333331,7.416666666666668,15.4875
2015-06-27,287.25,7.300000000000002,15.545833333333334
2015-06-28,213.875,3.566666666666668,17.97083333333334
2015-06-29,142.0,2.538095238095237,18.633333333333333
2015-06-30,137.7619047619048,4.195238095238095,18.723809523809525
2015-07-01,90.52173913043478,5.778260869565218,13.891304347826088
2015-07-02,90.21739130434784,8.27391304347826,13.665217391304346
2015-07-03,82.625,4.058333333333334,16.674999999999994
2015-07-04,165.7391304347826,2.8521739130434787,19.143478260869568
2015-07-05,165.42857142857142,3.9047619047619047,21.266666666666666
2015-07-06,175.75,6.5375000000000005,24.016666666666666
2015-07-07,186.13636363636363,9.340909090909092,18.21818181818181
2015-07-08,61.0,5.529166666666668,14.8625
2015-07-09,167.63636363636363,5.918181818181819,15.795454545454547
2015-07-10,153.9090909090909,3.5090909090909093,18.890909090909094
2015-07-11,144.93333333333334,4.4,20.133333333333336
2015-07-12,93.22222222222223,1.9666666666666663,19.566666666666666
2015-07-13,132.0,7.399999999999999,20.266666666666673
2015-07-14,300.0,4.7,23.4
2015-07-15,169.5,7.0,15.4
2015-07-16,165.0,2.25,17.35
2015-07-17,247.7142857142857,4.807142857142857,29.42142857142857
2015-07-18,175.5217391304348,5.252173913043479,24.54347826086957
2015-07-19,153.63636363636363,3.3681818181818186,24.60454545454546
2015-07-20,240.77272727272728,4.050000000000002,24.47272727272728
2015-07-21,201.66666666666663,5.612499999999998,22.058333333333334
2015-07-22,162.91304347826087,3.2,21.58695652173913
2015-07-23,150.5,2.4625,22.65
2015-07-24,192.08695652173915,5.330434782608696,25.456521739130434
2015-07-25,183.83333333333331,5.304166666666666,25.41666666666667
2015-07-26,174.52380952380955,1.961904761904762,22.06666666666667
2015-07-27,162.95454545454547,2.7,23.34090909090909
2015-07-28,136.65217391304347,2.7347826086956526,24.35217391304348
2015-07-29,226.5,4.69375,26.700000000000006
2015-07-30,285.35714285714283,6.914285714285716,27.142857142857146
2015-07-31,279.0434782608696,6.186956521739131,26.30434782608695
2015-08-01,275.0,5.671428571428572,25.338095238095242
2015-08-02,242.16666666666663,6.820833333333334,27.512500000000006
2015-08-03,266.30434782608694,7.369565217391303,23.77391304347825
2015-08-04,264.8695652173913,4.743478260869566,23.59130434782609
2015-08-05,150.58333333333334,2.8083333333333336,22.25833333333333
2015-08-06,59.08333333333334,4.716666666666667,22.024999999999995
2015-08-07,140.8181818181818,5.5590909090909095,22.177272727272733
2015-08-08,180.91666666666663,4.995833333333334,23.42083333333333
2015-08-09,185.125,3.016666666666667,21.345833333333328
2015-08-10,193.1304347826087,4.0782608695652165,22.460869565217394
2015-08-11,132.29166666666666,5.2875,21.95000000000001
2015-08-12,119.91666666666669,3.204166666666667,21.1125
2015-08-13,207.41666666666663,4.879166666666666,23.93333333333333
2015-08-14,249.82608695652172,5.104347826086958,26.33478260869565
2015-08-15,197.83333333333331,4.554166666666667,24.625000000000004
2015-08-16,217.125,5.374999999999999,27.275
2015-08-17,199.3913043478261,4.6347826086956525,26.45217391304348
2015-08-18,178.75,4.320833333333333,22.2
2015-08-19,205.70833333333331,8.570833333333335,22.3625
2015-08-20,246.83333333333331,8.137500000000001,18.754166666666666
2015-08-21,208.25,5.120833333333334,21.733333333333334
2015-08-22,169.9047619047619,6.557142857142857,21.285714285714285
2015-08-23,206.8695652173913,7.1130434782608685,21.75652173913043
2015-08-24,259.0833333333333,7.5458333333333325,19.133333333333336
2015-08-25,244.08333333333331,4.9125,16.437500000000004
2015-08-26,227.22727272727272,2.7772727272727282,15.55909090909091
2015-08-27,194.42857142857144,2.4666666666666663,16.799999999999994
2015-08-28,155.95833333333334,3.5125,19.029166666666665
2015-08-29,154.20833333333334,3.5500000000000003,18.170833333333334
2015-08-30,265.45454545454544,3.3409090909090913,16.827272727272728
2015-08-31,149.56521739130434,2.1217391304347823,20.317391304347826
2015-09-01,186.125,5.516666666666667,25.6875
2015-09-02,223.0,5.092307692307694,29.376923076923074
2015-09-03,224.65217391304347,4.943478260869566,28.330434782608695
2015-09-04,259.875,3.1,20.05
2015-09-05,147.875,4.729166666666667,23.225
2015-09-06,198.375,6.083333333333332,27.65833333333333
2015-09-07,191.375,5.249999999999999,27.40833333333333
2015-09-08,182.66666666666663,4.966666666666666,24.287500000000005
2015-09-09,279.6,4.494999999999999,19.255
2015-09-10,242.95652173913044,3.0434782608695654,18.882608695652173
2015-09-11,219.125,5.720833333333332,17.120833333333334
2015-09-12,258.5,11.286363636363635,14.268181818181816
2015-09-13,238.33333333333331,5.133333333333334,15.2875
2015-09-14,199.75,7.470833333333334,19.916666666666668
2015-09-15,204.7826086956522,8.665217391304346,22.93913043478261
2015-09-16,188.4782608695652,7.013043478260869,23.24347826086957
2015-09-17,191.875,7.520833333333332,23.808333333333334
2015-09-18,182.69565217391303,4.9739130434782615,21.821739130434786
2015-09-19,204.45833333333331,6.425000000000002,17.5125
2015-09-20,187.82608695652172,2.669565217391304,16.604347826086958
2015-09-21,135.83333333333334,3.0708333333333324,17.283333333333335
2015-09-22,148.04545454545453,3.7318181818181815,18.113636363636367
2015-09-23,128.35,1.865,18.695
2015-09-24,131.38095238095238,2.628571428571429,18.761904761904766
2015-09-25,143.34782608695653,5.265217391304348,18.647826086956524
2015-09-26,112.13636363636364,4.695454545454545,18.95
2015-09-27,144.91666666666666,5.0625,19.39583333333333
2015-09-28,171.22727272727272,4.454545454545455,20.58636363636364
2015-09-29,301.6,20.66,18.89
2015-09-30,111.3913043478261,17.56521739130435,14.243478260869566
2015-10-01,58.0,13.215384615384615,13.500000000000002
2015-10-02,47.66666666666666,13.108333333333333,13.408333333333333
2015-10-03,59.17391304347826,19.108695652173914,11.082608695652173
2015-10-04,55.43478260869565,9.843478260869565,11.156521739130435
2015-10-05,46.66666666666666,4.591666666666666,13.704166666666667
2015-10-06,161.1304347826087,3.769565217391305,14.539130434782612
2015-10-07,196.41666666666663,5.179166666666667,15.358333333333334
2015-10-08,155.17391304347825,5.547826086956522,17.7695652173913
2015-10-09,252.0,8.904347826086957,15.2
2015-10-10,165.82608695652175,4.7913043478260855,13.721739130434784
2015-10-11,208.47619047619045,7.580952380952381,16.585714285714285
2015-10-12,233.13636363636363,9.086363636363636,19.65909090909091
2015-10-13,290.1818181818182,7.445454545454549,12.913636363636362
2015-10-14,212.5217391304348,5.321739130434782,11.104347826086958
2015-10-15,230.75,5.31,14.09
2015-10-16,284.75,6.7666666666666675,10.079166666666667
2015-10-17,297.82608695652175,7.982608695652174,6.356521739130434
2015-10-18,199.3809523809524,4.504761904761905,8.171428571428569
2015-10-19,206.45454545454547,14.627272727272725,14.422727272727276
2015-10-20,208.58333333333331,8.7875,17.258333333333333
2015-10-21,210.0909090909091,8.586363636363638,18.472727272727273
2015-10-22,201.0,6.282608695652174,14.860869565217392
2015-10-23,107.69565217391305,9.391304347826088,13.021739130434785
2015-10-24,215.95454545454547,9.00909090909091,17.095454545454544
2015-10-25,232.20833333333331,4.779166666666666,11.179166666666667
2015-10-26,112.54166666666669,5.9625,12.2875
2015-10-27,106.65217391304348,9.76086956521739,12.843478260869567
2015-10-28,178.4782608695652,10.565217391304346,11.96521739130435
2015-10-29,249.4782608695652,9.908695652173916,5.5434782608695645
2015-10-30,244.16666666666663,5.716666666666666,8.45416666666667
2015-10-31,173.54166666666663,8.316666666666665,9.241666666666664
2015-11-01,236.91304347826087,6.186956521739131,12.282608695652176
2015-11-02,207.8,10.175,15.235
2015-11-03,170.54545454545453,5.790909090909091,15.254545454545456
2015-11-04,211.66666666666663,6.2666666666666675,16.6875
2015-11-05,198.45833333333331,9.054166666666667,18.670833333333327
2015-11-06,241.83333333333331,11.4,13.008333333333333
2015-11-07,272.0,6.308695652173912,8.121739130434783
2015-11-08,241.69565217391303,4.817391304347825,7.5826086956521745
2015-11-09,170.91304347826087,4.582608695652175,8.77826086956522
2015-11-10,173.6818181818182,4.172727272727273,9.318181818181817
2015-11-11,170.89473684210526,8.289473684210527,12.13684210526316
2015-11-12,224.5217391304348,21.08695652173913,9.243478260869566
2015-11-13,277.7826086956522,15.47826086956522,5.782608695652174
2015-11-14,236.25,7.304166666666664,6.2666666666666675
2015-11-15,215.70833333333331,6.666666666666668,13.141666666666666
2015-11-16,181.54166666666663,9.0875,12.21666666666666
2015-11-17,134.79166666666666,20.258333333333333,10.616666666666667
2015-11-18,169.66666666666666,13.941666666666665,14.791666666666664
2015-11-19,236.6086956521739,11.543478260869565,7.669565217391304
2015-11-20,255.2608695652174,6.269565217391305,3.6
2015-11-21,136.0,10.08695652173913,1.4043478260869564
2015-11-22,244.79166666666663,7.287500000000001,-5.416666666666668
2015-11-23,222.16666666666663,10.708333333333334,-0.09583333333333327
2015-11-24,215.08333333333331,7.779166666666668,2.6166666666666667
2015-11-25,180.65217391304347,12.043478260869568,8.195652173913043
2015-11-26,198.04166666666663,12.4,12.366666666666667
2015-11-27,261.95652173913044,18.930434782608696,7.3652173913043475
2015-11-28,43.20833333333334,15.3375,3.1791666666666667
2015-11-29,112.91304347826087,8.339130434782609,2.7347826086956526
2015-11-30,95.16666666666669,9.191666666666665,5.258333333333333
2015-12-01,186.125,9.8875,5.995833333333333
2015-12-02,240.91666666666663,10.95833333333333,2.3416666666666663
2015-12-03,254.25,6.9541666666666675,1.2000000000000002
2015-12-04,234.25,6.870833333333334,3.6791666666666667
2015-12-05,186.0434782608696,8.213043478260872,2.356521739130435
2015-12-06,194.625,5.5375000000000005,3.9583333333333335
2015-12-07,208.5,4.683333333333334,3.4416666666666664
2015-12-08,195.79166666666663,8.850000000000003,5.145833333333332
2015-12-09,220.20833333333331,6.841666666666666,9.120833333333335
2015-12-10,208.25,13.104166666666664,10.324999999999998
2015-12-11,213.375,6.966666666666665,8.916666666666666
2015-12-12,193.375,3.6333333333333333,7.499999999999999
2015-12-13,193.2173913043478,12.526086956521738,13.104347826086956
2015-12-14,184.16666666666663,9.9125,11.291666666666664
2015-12-15,212.6086956521739,6.604347826086958,5.42608695652174
2015-12-16,167.04166666666666,12.654166666666667,6.7666666666666675
2015-12-17,253.65217391304347,9.617391304347825,1.2260869565217392
2015-12-18,255.5217391304348,8.07391304347826,-1.7521739130434788
2015-12-19,267.45,8.525,-4.584999999999999
2015-12-20,198.95454545454547,12.872727272727273,3.8
2015-12-21,216.41666666666663,12.399999999999995,8.241666666666669
2015-12-22,242.5,10.495833333333335,4.233333333333333
2015-12-23,150.27272727272728,12.1,8.55909090909091
2015-12-24,222.58333333333331,9.791666666666666,6.095833333333334
2015-12-25,188.22727272727272,6.486363636363637,4.377272727272728
2015-12-26,77.86363636363636,14.331818181818182,4.995454545454546
2015-12-27,183.0434782608696,18.62608695652174,4.308695652173913
2015-12-28,58.43478260869565,22.06086956521739,1.6000000000000003
2015-12-29,221.34782608695653,9.221739130434784,2.0
2015-12-30,250.8695652173913,5.034782608695651,-1.252173913043478
2015-12-31,258.4583333333333,8.300000000000002,-2.6875
2016-01-01,249.79166666666663,9.187499999999998,-4.091666666666666
2016-01-02,244.41666666666663,7.6125000000000025,-1.6375
2016-01-03,296.625,9.175,-2.029166666666667
2016-01-04,213.0434782608696,10.113043478260868,-2.2521739130434777
2016-01-05,165.25,8.220833333333333,-2.45
2016-01-06,197.1304347826087,9.104347826086958,-0.11304347826086968
2016-01-07,163.04166666666666,5.804166666666666,2.795833333333333
2016-01-08,146.33333333333334,5.9875,3.983333333333333
2016-01-09,242.75,13.483333333333333,3.954166666666666
2016-01-10,279.8695652173913,15.72608695652174,-6.986956521739131
2016-01-11,234.91666666666663,8.416666666666666,-14.095833333333335
2016-01-12,264.8333333333333,11.6125,-9.8625
2016-01-13,234.04166666666663,8.758333333333333,-13.204166666666673
2016-01-14,217.5,7.970833333333334,1.1541666666666668
2016-01-15,229.2608695652174,10.286956521739127,5.126086956521738
2016-01-16,291.375,9.720833333333333,-1.5583333333333331
2016-01-17,283.8333333333333,9.558333333333335,-13.829166666666666
2016-01-18,266.39130434782606,9.243478260869566,-17.330434782608698
2016-01-19,244.0,6.479166666666668,-13.858333333333327
2016-01-20,233.66666666666663,4.345833333333333,-7.712499999999999
2016-01-21,214.91666666666663,4.2,-5.854166666666668
2016-01-22,141.54166666666666,9.1875,-2.5499999999999994
2016-01-23,94.83333333333331,7.741666666666667,-0.8083333333333332
2016-01-24,195.34782608695653,6.695652173913042,-1.691304347826087
2016-01-25,175.4782608695652,6.969565217391305,1.2347826086956522
2016-01-26,244.125,14.608333333333327,1.0583333333333338
2016-01-27,234.69565217391303,8.01304347826087,-1.9695652173913047
2016-01-28,251.83333333333331,11.233333333333333,1.8666666666666665
2016-01-29,243.16666666666663,8.295833333333333,-2.1791666666666667
2016-01-30,219.79166666666663,9.733333333333334,4.574999999999998
2016-01-31,216.08333333333331,6.95,7.1125000000000025
2016-02-01,220.0,5.613636363636365,2.1318181818181814
2016-02-02,122.45833333333331,8.091666666666667,1.3958333333333333
2016-02-03,207.70833333333331,7.841666666666668,2.9375
2016-02-04,272.2083333333333,7.341666666666666,-2.3166666666666664
2016-02-05,146.9,7.039999999999999,-1.4300000000000002
2016-02-06,215.54166666666663,6.866666666666667,0.21250000000000013
2016-02-07,214.3913043478261,8.921739130434784,4.834782608695653
2016-02-08,257.3333333333333,7.175,0.3333333333333334
2016-02-09,298.6363636363636,8.145454545454546,-8.3
2016-02-10,305.3478260869565,9.669565217391305,-10.113043478260868
2016-02-11,238.91666666666663,6.8625000000000025,-10.204166666666667
2016-02-12,273.7083333333333,8.354166666666666,-6.566666666666666
2016-02-13,302.7916666666667,9.1125,-12.675000000000002
2016-02-14,185.0,11.908333333333333,-9.258333333333336
2016-02-15,192.34782608695653,7.817391304347828,-5.4
2016-02-16,188.75,3.254166666666667,-2.295833333333333
2016-02-17,242.6086956521739,8.152173913043477,-2.017391304347826
2016-02-18,120.25,11.704166666666666,-0.9333333333333328
2016-02-19,194.2608695652174,17.008695652173913,9.495652173913042
2016-02-20,247.625,10.420833333333336,11.033333333333333
2016-02-21,310.7619047619048,9.542857142857144,3.7047619047619063
2016-02-22,74.54545454545455,3.227272727272727,1.3727272727272728
2016-02-23,149.54166666666666,4.55,1.1833333333333331
2016-02-24,109.6818181818182,19.36818181818182,1.718181818181818
2016-02-25,329.95652173913044,15.599999999999998,0.5739130434782609
2016-02-26,272.2916666666667,7.8874999999999975,-0.02083333333333332
2016-02-27,218.41666666666663,9.2625,3.8625
2016-02-28,222.41666666666663,13.9,11.579166666666666
2016-02-29,247.95833333333331,11.129166666666668,4.258333333333333
2016-03-01,131.29166666666666,19.0625,-2.108333333333333
2016-03-02,251.83333333333331,7.183333333333333,-5.5166666666666675
2016-03-03,100.47826086956522,8.317391304347826,-0.9869565217391308
2016-03-04,149.125,8.854166666666666,-0.8333333333333335
2016-03-05,236.70833333333331,8.787500000000001,1.0166666666666666
2016-03-06,214.08333333333331,8.525,4.3791666666666655
2016-03-07,206.7826086956522,12.965217391304348,11.51304347826087
2016-03-08,196.1875,9.7,16.35
2016-03-09,205.4782608695652,8.547826086956523,16.86521739130435
2016-03-10,280.9166666666667,6.6000000000000005,7.195833333333336
2016-03-11,131.125,5.4375,3.5625
2016-03-12,128.45833333333334,3.3416666666666663,4.9625
2016-03-13,133.8,5.25,5.36
2016-03-14,115.0,4.483333333333333,5.4833333333333325
2016-03-15,117.79166666666669,4.758333333333334,5.470833333333332
2016-03-16,218.43478260869568,14.095652173913045,10.73913043478261
2016-03-17,258.7916666666667,11.4875,9.679166666666667
2016-03-18,190.54166666666663,7.399999999999999,4.937499999999999
2016-03-19,87.16666666666669,7.520833333333332,2.691666666666667
2016-03-20,145.13636363636363,9.959090909090909,1.9954545454545456
2016-03-21,186.08333333333331,6.629166666666666,2.266666666666667
2016-03-22,200.2173913043478,9.743478260869566,9.891304347826088
2016-03-23,131.91304347826087,14.265217391304347,4.782608695652174
2016-03-24,212.80952380952382,13.457142857142856,3.3714285714285697
2016-03-25,202.8695652173913,6.81304347826087,0.5043478260869566
2016-03-26,124.29166666666669,7.025,3.891666666666668
2016-03-27,167.04347826086956,6.0826086956521745,7.982608695652175
2016-03-28,224.75,7.270833333333335,6.2625
2016-03-29,136.75,4.425,4.979166666666667
2016-03-30,161.125,11.5875,9.795833333333333
2016-03-31,211.625,12.754166666666665,14.879166666666668
2016-04-01,131.875,6.95,5.816666666666666
2016-04-02,274.0,10.033333333333333,2.145833333333333
2016-04-03,234.8181818181818,11.672727272727276,6.636363636363638
2016-04-04,262.54545454545456,18.96818181818182,3.4227272727272737
2016-04-05,90.78260869565216,9.730434782608693,0.9782608695652174
2016-04-06,199.875,9.925,7.754166666666667
2016-04-07,315.82608695652175,8.743478260869566,4.36086956521739
2016-04-08,282.375,11.325,3.3666666666666667
2016-04-09,254.04166666666663,15.979166666666671,-1.895833333333333
2016-04-10,173.30434782608697,12.234782608695653,4.0086956521739125
2016-04-11,266.0416666666667,6.4875,9.45
2016-04-12,168.5,6.495454545454546,3.272727272727272
2016-04-13,101.30434782608695,7.869565217391303,4.708695652173913
2016-04-14,120.5,6.683333333333331,6.1708333333333325
2016-04-15,164.625,5.379166666666667,6.950000000000002
2016-04-16,184.08333333333331,4.483333333333333,8.4375
2016-04-17,133.95454545454547,3.8409090909090913,9.727272727272727
2016-04-18,139.95652173913044,2.9000000000000012,12.604347826086956
2016-04-19,313.25,12.725,8.245833333333332
2016-04-20,91.58333333333331,6.020833333333332,10.025
2016-04-21,146.47826086956522,4.9,13.082608695652173
2016-04-22,286.875,12.783333333333333,8.529166666666665
2016-04-23,164.0,7.887499999999998,6.441666666666666
2016-04-24,112.17647058823529,4.623529411764705,8.517647058823528
2016-04-25,191.84210526315792,8.505263157894738,19.321052631578947
2016-04-26,243.85714285714286,13.680952380952382,7.0
2016-04-27,48.54166666666666,20.945833333333336,5.908333333333334
2016-04-28,61.29166666666666,10.345833333333333,6.541666666666668
2016-04-29,195.33333333333331,8.7,5.466666666666668
2016-04-30,72.91666666666667,10.370833333333335,6.508333333333333
2016-05-01,95.8181818181818,12.018181818181818,6.513636363636363
2016-05-02,207.79166666666663,9.4125,7.1875
2016-05-03,226.91304347826087,5.782608695652174,11.678260869565218
2016-05-04,304.5652173913044,11.556521739130433,9.482608695652171
2016-05-05,280.5217391304348,13.413043478260875,6.491304347826088
2016-05-06,218.29166666666663,5.437500000000001,16.141666666666666
2016-05-07,296.6666666666667,11.733333333333334,16.412500000000005
2016-05-08,146.85714285714286,4.857142857142857,11.457142857142859
2016-05-09,129.16666666666666,5.650000000000001,10.483333333333333
2016-05-10,133.0909090909091,7.522727272727275,9.713636363636363
2016-05-11,174.20833333333337,3.2083333333333326,10.358333333333334
2016-05-12,170.36363636363637,5.104545454545455,13.32727272727273
2016-05-13,261.7391304347826,7.14782608695652,14.604347826086956
2016-05-14,283.4166666666667,8.641666666666667,7.345833333333335
2016-05-15,245.45833333333331,10.045833333333333,6.495833333333334
2016-05-16,222.58333333333331,7.9375,14.300000000000002
2016-05-17,314.9166666666667,9.333333333333334,10.424999999999997
2016-05-18,244.0,6.979166666666668,9.099999999999998
2016-05-19,138.04347826086956,2.6869565217391305,11.00869565217391
2016-05-20,170.91304347826087,3.4565217391304346,12.05217391304348
2016-05-21,318.1666666666667,6.458333333333332,14.483333333333333
2016-05-22,230.0,5.727272727272728,14.663636363636366
2016-05-23,156.375,5.991666666666666,15.420833333333333
2016-05-24,200.4782608695652,8.72608695652174,23.54782608695652
2016-05-25,183.2608695652174,7.091304347826085,22.226086956521737
2016-05-26,187.2608695652174,5.5086956521739125,20.943478260869558
2016-05-27,167.125,6.466666666666668,20.83333333333334
2016-05-28,185.5,8.770833333333334,22.954166666666666
2016-05-29,223.2173913043478,10.73913043478261,23.608695652173914
2016-05-30,174.30434782608697,3.4956521739130437,21.6304347826087
2016-05-31,155.2608695652174,2.8043478260869565,18.004347826086953
2016-06-01,167.34782608695653,3.234782608695652,17.217391304347824
2016-06-02,225.42857142857144,4.038095238095238,21.200000000000006
2016-06-03,122.66666666666669,3.0222222222222217,18.044444444444444
2016-06-04,186.2173913043478,6.35217391304348,20.88695652173913
2016-06-05,259.5,6.44,21.185
2016-06-06,253.9,6.115,23.39
2016-06-07,196.3181818181818,6.7318181818181815,15.77727272727273
2016-06-08,142.3684210526316,4.457894736842105,13.957894736842105
2016-06-09,159.72727272727272,4.954545454545454,17.136363636363637
2016-06-10,176.25,5.6375,21.77083333333333
2016-06-11,241.86666666666667,6.046666666666668,29.466666666666654
2016-06-12,203.42857142857144,9.023809523809526,19.557142857142857
2016-06-13,141.17391304347825,8.626086956521737,17.08695652173913
2016-06-14,167.125,4.195833333333333,19.170833333333327
2016-06-15,164.76190476190476,5.480952380952381,22.46190476190476
2016-06-16,217.46666666666667,6.64,20.293333333333333
2016-06-17,298.3181818181818,7.1545454545454525,17.67727272727273
2016-06-18,175.9090909090909,7.063636363636364,19.45
2016-06-19,170.6818181818182,4.495454545454546,25.14090909090909
2016-06-20,232.3913043478261,7.317391304347828,29.34782608695652
2016-06-21,232.83333333333331,5.695833333333334,21.99583333333333
2016-06-22,204.95833333333331,4.104166666666667,22.358333333333334
2016-06-23,152.75,4.891666666666667,19.108333333333334
2016-06-24,138.25,5.091666666666667,20.029166666666665
2016-06-25,135.04166666666666,5.866666666666667,22.779166666666665
2016-06-26,149.75,5.404166666666666,25.40833333333333
2016-06-27,242.5,4.995833333333335,26.566666666666666
2016-06-28,161.04166666666666,7.724999999999998,18.2375
2016-06-29,192.25,4.179166666666667,18.279166666666665
2016-06-30,198.45833333333331,4.470833333333333,21.8875
2016-07-01,133.83333333333334,7.950000000000002,19.179166666666664
2016-07-02,103.5625,3.3687499999999995,20.006250000000005
2016-07-03,142.29166666666666,2.891666666666666,19.858333333333327
2016-07-04,107.83333333333331,4.091666666666667,20.216666666666665
2016-07-05,207.25,3.283333333333333,23.316666666666666
2016-07-06,216.29166666666663,6.2333333333333325,25.091666666666665
2016-07-07,223.08333333333331,3.962499999999999,24.866666666666664
2016-07-08,242.66666666666663,4.954166666666667,24.870833333333334
2016-07-09,194.54166666666663,7.062499999999999,21.575
2016-07-10,177.54166666666663,2.6125,21.525
2016-07-11,175.83333333333337,6.870833333333334,26.079166666666666
2016-07-12,194.77777777777774,9.683333333333332,27.149999999999995
2016-07-13,194.0,6.972727272727273,26.72727272727273
2016-07-14,231.66666666666663,7.9541666666666675,24.77083333333333
2016-07-15,197.95833333333331,5.604166666666668,21.570833333333336
2016-07-16,173.54166666666663,4.0125,19.408333333333328
2016-07-17,176.5,6.970833333333332,23.1375
2016-07-18,208.125,4.6083333333333325,23.725
2016-07-19,187.20833333333331,2.7416666666666663,22.829166666666666
2016-07-20,135.29166666666666,3.5250000000000004,24.766666666666666
2016-07-21,188.875,6.095833333333334,26.8625
2016-07-22,202.91666666666663,4.725,25.404166666666665
2016-07-23,176.04166666666663,3.608333333333333,27.200000000000006
2016-07-24,192.875,7.875,25.837499999999995
2016-07-25,205.75,5.133333333333334,24.262500000000006
2016-07-26,141.54166666666666,1.8875,23.96666666666667
2016-07-27,155.125,2.2625,24.77916666666667
2016-07-28,156.95833333333334,2.770833333333334,23.72916666666667
2016-07-29,149.66666666666666,3.3833333333333337,22.429166666666664
2016-07-30,74.08333333333333,5.633333333333334,21.850000000000005
2016-07-31,143.16666666666666,3.291666666666668,21.91666666666667
2016-08-01,73.875,3.5958333333333328,22.60416666666667
2016-08-02,116.83333333333331,1.6333333333333329,24.0375
2016-08-03,142.0,2.041666666666667,25.225
2016-08-04,150.0,3.841666666666667,25.8
2016-08-05,176.20833333333337,3.4416666666666664,25.55
2016-08-06,202.16666666666663,5.445833333333333,22.866666666666664
2016-08-07,141.16666666666666,2.8166666666666664,23.22083333333333
2016-08-08,75.375,5.745833333333333,23.820833333333336
2016-08-09,122.625,4.045833333333333,24.22083333333333
2016-08-10,162.16666666666666,2.016666666666667,26.187500000000004
2016-08-11,189.45833333333331,5.783333333333332,28.34583333333333
2016-08-12,213.5,5.0041666666666655,26.47083333333333
2016-08-13,215.20833333333331,3.633333333333333,24.79583333333333
2016-08-14,153.79166666666666,3.2625000000000006,23.90416666666667
2016-08-15,157.20833333333334,4.225,23.24166666666667
2016-08-16,151.83333333333334,4.979166666666666,23.17083333333333
2016-08-17,221.04166666666663,3.1541666666666663,25.325000000000006
2016-08-18,200.375,4.237500000000002,25.63333333333333
2016-08-19,213.95833333333331,9.704166666666667,24.366666666666664
2016-08-20,209.5,7.104166666666665,24.158333333333346
2016-08-21,275.5,6.3875,19.795833333333334
2016-08-22,216.5,4.470833333333334,20.63333333333333
2016-08-23,192.95833333333331,4.7375,23.2375
2016-08-24,203.16666666666663,7.845833333333334,24.68333333333333
2016-08-25,200.75,2.7125,23.64166666666667
2016-08-26,223.20833333333331,3.479166666666668,21.43333333333334
2016-08-27,120.45833333333331,4.249999999999999,22.97083333333333
2016-08-28,196.45833333333331,2.45,24.004166666666666
2016-08-29,93.95833333333331,2.8250000000000006,22.975000000000005
2016-08-30,208.25,3.016666666666666,23.33333333333333
2016-08-31,301.1666666666667,7.625000000000001,21.679166666666664
2016-09-01,135.29166666666666,9.266666666666667,20.575000000000006
2016-09-02,72.45833333333333,5.1125,20.329166666666666
2016-09-03,97.29166666666669,4.666666666666666,20.375
2016-09-04,131.16666666666666,3.2958333333333343,21.166666666666668
2016-09-05,179.58333333333337,6.8291666666666675,25.175
2016-09-06,213.08333333333331,6.616666666666666,28.725
2016-09-07,212.79166666666663,6.5875,28.329166666666666
2016-09-08,243.41666666666663,5.458333333333332,25.287500000000005
2016-09-09,180.625,4.041666666666666,23.525
2016-09-10,261.375,4.616666666666667,21.187500000000004
2016-09-11,243.22727272727272,4.927272727272729,18.790909090909096
2016-09-12,182.25,5.779166666666668,21.600000000000005
2016-09-13,218.16666666666663,6.216666666666666,23.30833333333333
2016-09-14,116.41666666666669,6.512500000000002,20.258333333333333
2016-09-15,116.54166666666669,4.874999999999999,20.7375
2016-09-16,161.95833333333334,8.383333333333333,22.8875
2016-09-17,231.625,5.562499999999997,23.616666666666664
2016-09-18,179.16666666666663,2.9625000000000004,20.575
2016-09-19,202.95833333333331,6.650000000000001,23.80416666666666
2016-09-20,192.58333333333331,3.8375,22.10833333333333
2016-09-21,197.625,5.541666666666668,21.408333333333328
2016-09-22,176.76190476190476,4.238095238095237,23.038095238095234
2016-09-23,287.7916666666667,5.691666666666666,19.766666666666666
2016-09-24,77.54166666666667,4.954166666666668,19.516666666666666
2016-09-25,139.66666666666666,6.270833333333332,21.25
2016-09-26,268.7916666666667,7.841666666666668,19.08333333333333
2016-09-27,253.95833333333331,6.458333333333332,16.85
2016-09-28,280.5416666666667,9.3875,12.958333333333336
2016-09-29,62.66666666666666,10.254166666666668,16.462500000000002
2016-09-30,49.16666666666666,7.212499999999999,16.320833333333336
2016-10-01,118.125,4.75,16.133333333333333
2016-10-02,265.8333333333333,4.258333333333333,15.404166666666667
2016-10-03,249.70833333333331,3.295833333333334,16.00833333333333
2016-10-04,135.83333333333334,4.204166666666667,17.320833333333336
2016-10-05,174.75,7.475000000000001,21.20833333333333
2016-10-06,174.66666666666663,3.6791666666666663,19.3625
2016-10-07,233.125,6.400000000000001,19.191666666666674
2016-10-08,223.79166666666663,4.325,11.2375
2016-10-09,137.04166666666666,5.091666666666668,14.070833333333333
2016-10-10,129.45833333333334,6.620833333333333,14.966666666666667
2016-10-11,173.58333333333337,6.5,18.6625
2016-10-12,218.5,7.775000000000001,17.749999999999996
2016-10-13,213.375,4.754166666666666,8.887500000000003
2016-10-14,178.04166666666663,4.737500000000002,12.558333333333335
2016-10-15,188.0,8.545833333333333,16.295833333333338
2016-10-16,181.70833333333331,6.091666666666666,20.03333333333334
2016-10-17,181.125,10.779166666666667,22.204166666666666
2016-10-18,208.29166666666663,10.945833333333333,22.22083333333333
2016-10-19,167.375,3.4333333333333336,16.033333333333328
2016-10-20,250.66666666666663,10.2,13.266666666666666
2016-10-21,316.25,9.966666666666667,8.995833333333334
2016-10-22,257.3333333333333,5.541666666666668,9.220833333333333
2016-10-23,227.16666666666663,5.979166666666668,14.804166666666667
2016-10-24,243.5,9.258333333333336,11.237500000000002
2016-10-25,102.375,5.695833333333333,10.541666666666668
2016-10-26,124.29166666666669,15.170833333333327,9.9625
2016-10-27,282.0,6.575000000000002,9.029166666666667
2016-10-28,201.66666666666663,6.120833333333334,10.779166666666667
2016-10-29,227.91666666666663,9.158333333333337,18.504166666666666
2016-10-30,49.75,8.566666666666665,12.195833333333335
2016-10-31,122.875,8.574999999999998,10.683333333333332
2016-11-01,199.08333333333331,8.804166666666667,19.4375
2016-11-02,214.33333333333331,3.2750000000000004,16.37916666666667
2016-11-03,214.79166666666663,5.175000000000002,11.991666666666667
2016-11-04,81.5,4.554166666666666,12.233333333333334
2016-11-05,232.29166666666663,5.224999999999999,14.220833333333333
2016-11-06,225.46153846153842,5.776923076923075,12.884615384615385
2016-11-07,170.2608695652174,5.030434782608695,14.85217391304348
2016-11-08,222.76190476190484,7.2714285714285705,13.933333333333332
2016-11-09,249.41666666666663,9.220833333333333,10.233333333333333
2016-11-10,220.04166666666663,6.4375,11.141666666666666
2016-11-11,188.75,12.704166666666666,11.441666666666668
2016-11-12,161.0,7.5791666666666675,7.916666666666668
2016-11-13,223.08333333333331,7.491666666666667,8.516666666666667
2016-11-14,218.66666666666663,6.337500000000001,10.249999999999998
2016-11-15,204.75,3.870833333333333,9.858333333333334
2016-11-16,219.45833333333331,3.5958333333333328,9.658333333333337
2016-11-17,173.625,10.416666666666666,15.070833333333335
2016-11-18,214.375,11.475,17.329166666666666
2016-11-19,285.8333333333333,12.170833333333334,3.3875000000000006
2016-11-20,290.3333333333333,7.779166666666665,-1.2458333333333331
2016-11-21,254.79166666666663,6.375,-0.04999999999999997
2016-11-22,95.875,8.241666666666667,3.5041666666666664
2016-11-23,152.25,11.85416666666667,5.3166666666666655
2016-11-24,266.4166666666667,5.808333333333333,5.125000000000001
2016-11-25,257.8333333333333,4.808333333333334,3.604166666666666
2016-11-26,236.41666666666663,6.0625,4.3625
2016-11-27,201.45833333333331,10.175,4.333333333333333
2016-11-28,176.5,11.629166666666665,7.6
2016-11-29,196.45833333333331,10.437499999999998,10.716666666666667
2016-11-30,227.70833333333331,7.558333333333334,6.037499999999999
2016-12-01,246.91666666666663,7.558333333333333,3.6833333333333336
2016-12-02,282.75,6.212499999999999,3.5375
2016-12-03,288.3333333333333,4.995833333333334,1.2
2016-12-04,201.66666666666663,3.9041666666666655,0.9166666666666666
2016-12-05,222.20833333333331,5.974999999999999,0.6791666666666668
2016-12-06,158.33333333333334,8.958333333333334,3.1125000000000003
2016-12-07,257.4583333333333,7.9833333333333325,-2.3583333333333334
2016-12-08,266.3333333333333,10.858333333333333,-5.708333333333335
2016-12-09,273.875,7.325,-4.5375
2016-12-10,259.3333333333333,6.083333333333332,-5.7
2016-12-11,174.5,8.058333333333335,-2.2375000000000007
2016-12-12,248.91666666666663,8.208333333333334,-3.1041666666666665
2016-12-13,270.5,7.045833333333335,-7.583333333333332
2016-12-14,254.125,9.65,-10.925
2016-12-15,277.25,9.835,-15.245
2016-12-16,157.41666666666666,10.783333333333333,-7.558333333333333
2016-12-17,255.66666666666663,5.316666666666666,-5.591666666666666
2016-12-18,291.875,9.654166666666667,-10.933333333333332
2016-12-19,232.83333333333331,9.675,-16.229166666666668
2016-12-20,213.41666666666663,12.0875,-6.029166666666668
2016-12-21,218.25,7.412500000000001,-1.7833333333333334
2016-12-22,266.7083333333333,6.275,2.3208333333333333
2016-12-23,201.70833333333331,6.537499999999999,0.6416666666666667
2016-12-24,228.75,4.804166666666668,2.0125
2016-12-25,128.0,8.912499999999998,1.0416666666666667
2016-12-26,194.95833333333331,12.304166666666667,7.9541666666666675
2016-12-27,265.0833333333333,9.608333333333333,-1.7958333333333334
2016-12-28,206.16666666666663,8.35,1.0416666666666667
2016-12-29,259.25,10.554166666666667,1.55
2016-12-30,260.625,8.641666666666667,-0.8541666666666662
2016-12-31,233.41666666666663,12.574999999999996,2.920833333333333
2017-01-01,204.0,5.258333333333332,-0.9166666666666666
2017-01-02,109.29166666666669,3.2,1.8208333333333329
2017-01-03,271.3333333333333,5.329166666666668,3.333333333333333
2017-01-04,275.5416666666667,11.4125,-7.6708333333333325
2017-01-05,276.6666666666667,9.395833333333334,-12.5375
2017-01-06,280.5,8.15,-15.208333333333336
2017-01-07,275.9583333333333,7.258333333333335,-13.5
2017-01-08,258.9583333333333,7.237500000000002,-12.104166666666664
2017-01-09,197.33333333333331,9.0875,-5.187499999999999
2017-01-10,194.0,14.433333333333332,4.079166666666667
2017-01-11,233.29166666666663,11.516666666666667,0.625
2017-01-12,321.9166666666667,12.458333333333336,-2.9791666666666665
2017-01-13,271.4583333333333,9.675,-5.624999999999999
2017-01-14,117.58333333333331,5.004166666666666,-1.3916666666666666
2017-01-15,220.70833333333331,3.287500000000001,-2.025
2017-01-16,122.125,4.266666666666667,0.375
2017-01-17,200.95833333333331,6.241666666666667,3.2625000000000006
2017-01-18,245.04166666666663,7.366666666666664,2.233333333333334
2017-01-19,189.45833333333331,6.9208333333333325,1.9041666666666668
2017-01-20,99.70833333333331,4.033333333333332,2.454166666666666
2017-01-21,168.29166666666666,6.387499999999998,8.004166666666668
2017-01-22,206.375,3.475,5.270833333333335
2017-01-23,344.79166666666674,8.820833333333333,2.8458333333333337
2017-01-24,254.20833333333331,4.970833333333333,2.904166666666667
2017-01-25,150.625,6.991666666666666,2.879166666666667
2017-01-26,281.3333333333333,9.374999999999998,1.0666666666666669
2017-01-27,273.625,8.941666666666665,-1.85
2017-01-28,268.0833333333333,7.479166666666668,-2.5250000000000004
2017-01-29,282.25,7.0166666666666675,-2.7125000000000004
2017-01-30,259.0833333333333,9.308333333333334,-4.945833333333332
2017-01-31,259.3333333333333,9.345833333333337,2.8125
2017-02-01,275.5416666666667,7.941666666666667,2.033333333333333
2017-02-02,290.5833333333333,9.383333333333333,-6.216666666666668
2017-02-03,289.4583333333333,8.733333333333333,-6.933333333333334
2017-02-04,223.58333333333331,8.15,-3.875
2017-02-05,222.95833333333331,8.933333333333332,0.9833333333333336
2017-02-06,161.5,5.791666666666668,1.7583333333333335
2017-02-07,203.95833333333331,10.295833333333333,5.675
2017-02-08,313.3333333333333,9.991666666666667,-0.8583333333333333
2017-02-09,293.5416666666667,10.954166666666667,-7.308333333333333
2017-02-10,202.95833333333331,10.154166666666667,-2.6750000000000003
2017-02-11,249.16666666666663,5.866666666666667,5.15
2017-02-12,307.125,11.283333333333333,3.945833333333333
2017-02-13,262.4583333333333,7.791666666666668,2.845833333333333
2017-02-14,249.58333333333331,8.600000000000003,5.491666666666667
2017-02-15,314.75,9.858333333333333,0.7458333333333335
2017-02-16,230.25,8.229166666666666,-0.10833333333333334
2017-02-17,173.45833333333337,6.379166666666666,7.300000000000002
2017-02-18,223.70833333333331,6.425000000000002,12.7125
2017-02-19,188.54166666666663,3.0125,9.7375
2017-02-20,143.29166666666666,6.425000000000002,7.195833333333334
2017-02-21,200.70833333333331,7.4541666666666675,14.529166666666667
2017-02-22,206.3181818181818,8.013636363636364,14.459090909090907
2017-02-23,181.70833333333331,8.687500000000002,9.608333333333334
2017-02-24,210.79166666666663,15.000000000000002,3.3249999999999997
2017-02-25,281.9166666666667,9.441666666666668,-2.1875
2017-02-26,227.29166666666663,9.6625,0.5666666666666663
2017-02-27,195.70833333333331,5.804166666666666,4.279166666666668
2017-02-28,172.70833333333337,10.337500000000002,9.624999999999998
2017-03-01,254.7826086956522,8.999999999999998,6.443478260869565
2017-03-02,277.25,7.633333333333335,-0.7374999999999999
2017-03-03,251.08333333333331,7.616666666666667,-3.6916666666666655
2017-03-04,141.625,12.0,-0.3791666666666669
2017-03-05,152.91666666666666,14.12916666666667,5.283333333333332
2017-03-06,195.41666666666663,13.583333333333336,12.429166666666667
2017-03-07,229.20833333333331,13.608333333333334,12.233333333333333
2017-03-08,241.70833333333331,13.345833333333333,7.895833333333332
2017-03-09,179.70833333333337,8.112499999999999,2.879166666666668
2017-03-10,262.7916666666667,10.491666666666664,-1.5125000000000002
2017-03-11,223.70833333333331,8.145833333333334,-6.216666666666666
2017-03-12,197.5217391304348,6.465217391304349,-3.478260869565218
2017-03-13,98.875,12.529166666666667,-2.3666666666666667
2017-03-14,139.04166666666666,14.591666666666665,-3.754166666666667
2017-03-15,281.875,9.808333333333332,-4.695833333333335
2017-03-16,227.20833333333331,6.716666666666668,-1.0458333333333332
2017-03-17,174.33333333333337,6.7541666666666655,3.1916666666666664
2017-03-18,267.8333333333333,7.770833333333332,4.933333333333334
2017-03-19,196.13636363636363,5.449999999999998,3.127272727272727
2017-03-20,198.41666666666663,7.941666666666666,5.212500000000001
2017-03-21,242.29166666666663,9.820833333333333,4.7
2017-03-22,35.17391304347826,13.860869565217389,-1.1695652173913045
2017-03-23,133.41666666666666,11.000000000000002,1.6249999999999998
2017-03-24,221.16666666666663,10.683333333333335,13.20833333333333
2017-03-25,277.4166666666667,13.300000000000002,3.9041666666666655
2017-03-26,153.83333333333334,5.979166666666668,7.7625
2017-03-27,261.2083333333333,5.4833333333333325,6.933333333333334
2017-03-28,347.84210526315786,10.668421052631576,3.5947368421052635
2017-03-29,95.0,8.466666666666669,2.733333333333334
2017-03-30,61.25,11.445833333333335,4.5875
2017-03-31,151.91666666666666,17.754166666666666,3.2416666666666667
2017-04-01,225.33333333333331,6.8583333333333325,4.716666666666667
2017-04-02,171.25,4.066666666666666,7.6416666666666675
2017-04-03,98.29166666666669,4.045833333333333,6.100000000000001
2017-04-04,234.375,10.845833333333333,7.545833333333333
2017-04-05,99.125,10.845833333333333,5.2125
2017-04-06,291.4166666666667,22.683333333333334,4.370833333333334
2017-04-07,287.0833333333333,12.2625,4.599999999999999
2017-04-08,198.125,8.995833333333332,10.804166666666667
2017-04-09,191.875,13.595833333333333,18.129166666666674
2017-04-10,206.875,12.037500000000005,19.070833333333333
2017-04-11,230.08333333333331,8.841666666666667,6.9375
2017-04-12,160.875,5.129166666666666,6.916666666666668
2017-04-13,82.54166666666667,7.7375,7.1416666666666675
2017-04-14,112.04166666666669,6.0875,7.5375
2017-04-15,200.70833333333331,11.766666666666666,20.275
2017-04-16,250.125,9.066666666666666,19.891666666666666
2017-04-17,218.54166666666663,7.025000000000001,12.208333333333336
2017-04-18,205.66666666666663,7.383333333333333,11.6375
2017-04-19,171.625,7.429166666666667,15.933333333333332
2017-04-20,179.0,9.6,12.4125
2017-04-21,211.625,10.483333333333333,8.579166666666667
2017-04-22,110.83333333333331,11.2,6.991666666666666
2017-04-23,201.08333333333331,4.7125,10.566666666666666
2017-04-24,143.79166666666666,6.054166666666666,7.9125
2017-04-25,139.66666666666666,7.912499999999999,14.158333333333335
2017-04-26,185.95833333333331,9.083333333333332,19.1375
2017-04-27,210.58333333333331,7.520833333333335,11.816666666666668
2017-04-28,155.91666666666666,3.8541666666666665,7.5583333333333345
2017-04-29,51.70833333333334,17.808333333333334,6.033333333333335
2017-04-30,84.625,18.029166666666672,5.9750000000000005
2017-05-01,161.70833333333334,9.570833333333333,10.033333333333333
2017-05-02,249.75,9.425,7.4541666666666675
2017-05-03,154.91666666666666,5.8375,7.879166666666667
2017-05-04,86.79166666666669,7.504166666666667,7.620833333333333
2017-05-05,291.4166666666667,15.958333333333336,6.625
2017-05-06,310.375,10.958333333333336,7.595833333333332
2017-05-07,219.125,8.654166666666663,6.695833333333334
2017-05-08,61.04166666666666,6.166666666666668,5.5625
2017-05-09,85.79166666666667,5.525000000000001,6.9875
2017-05-10,137.29166666666666,3.879166666666667,9.1375
2017-05-11,137.66666666666666,12.854166666666664,9.129166666666666
2017-05-12,224.08333333333331,4.766666666666667,10.304166666666664
2017-05-13,237.375,4.858333333333333,16.645833333333332
2017-05-14,215.58333333333331,6.033333333333334,11.616666666666662
2017-05-15,124.16666666666669,4.75,12.012499999999998
2017-05-16,179.08333333333337,8.700000000000001,22.925
2017-05-17,193.08333333333331,10.750000000000002,25.762500000000006
2017-05-18,236.33333333333331,11.5375,23.3875
2017-05-19,20.45833333333333,15.0,7.362500000000002
2017-05-20,76.20833333333333,10.004166666666666,9.983333333333334
2017-05-21,226.91666666666663,5.504166666666666,15.283333333333335
2017-05-22,236.20833333333331,8.299999999999999,14.845833333333333
2017-05-23,194.58333333333331,6.187499999999997,15.341666666666667
2017-05-24,225.54166666666663,9.095833333333333,11.170833333333334
2017-05-25,340.6666666666667,11.466666666666667,11.1875
2017-05-26,180.20833333333331,3.983333333333333,13.062500000000005
2017-05-27,157.91666666666666,4.766666666666668,12.520833333333336
2017-05-28,123.29166666666669,3.7291666666666674,13.958333333333336
2017-05-29,240.5,7.5791666666666675,20.954166666666666
2017-05-30,245.70833333333331,5.833333333333332,18.7625
2017-05-31,272.0,5.2625,18.13333333333333
2017-06-01,182.5,4.125,16.162499999999998
2017-06-02,163.875,4.295833333333333,18.816666666666666
2017-06-03,166.58333333333334,4.6000000000000005,21.045833333333327
2017-06-04,228.91666666666663,5.129166666666666,26.2125
2017-06-05,283.4583333333333,6.4625,17.050000000000004
2017-06-06,305.5833333333333,9.158333333333333,13.65
2017-06-07,222.66666666666663,5.583333333333332,14.779166666666667
2017-06-08,170.875,2.9249999999999994,17.608333333333327
2017-06-09,184.29166666666663,6.1083333333333325,20.525
2017-06-10,165.08333333333334,8.208333333333334,22.95416666666667
2017-06-11,197.375,8.654166666666667,27.508333333333336
2017-06-12,205.75,9.245833333333335,29.1625
2017-06-13,179.75,4.441666666666666,20.1375
2017-06-14,147.04166666666666,6.033333333333334,20.004166666666666
2017-06-15,191.16666666666663,7.1875,22.96250000000001
2017-06-16,212.41666666666663,6.237500000000002,24.804166666666664
2017-06-17,175.66666666666663,5.925000000000002,24.44583333333333
2017-06-18,244.875,7.041666666666665,22.516666666666666
2017-06-19,252.0,5.829166666666667,21.116666666666667
2017-06-20,204.79166666666663,5.791666666666668,19.004166666666666
2017-06-21,132.0,2.35,17.558333333333334
2017-06-22,187.5,7.675,25.22916666666667
2017-06-23,201.625,5.5458333333333325,22.841666666666665
2017-06-24,288.0833333333333,7.708333333333332,20.6625
2017-06-25,269.2083333333333,6.566666666666667,18.08333333333333
2017-06-26,267.9166666666667,6.783333333333334,17.729166666666664
2017-06-27,231.79166666666663,4.654166666666667,17.0875
2017-06-28,186.75,8.020833333333334,20.679166666666664
2017-06-29,211.41666666666663,8.141666666666667,23.47916666666667
2017-06-30,186.16666666666663,4.275,20.95
2017-07-01,236.66666666666663,5.4541666666666675,22.9125
2017-07-02,248.16666666666663,4.2625,23.83333333333333
2017-07-03,170.41666666666666,4.995833333333334,20.095833333333328
2017-07-04,138.125,3.8666666666666667,20.066666666666674
2017-07-05,144.08333333333334,2.808333333333333,21.787500000000005
2017-07-06,168.5,4.449999999999998,24.55
2017-07-07,182.125,4.883333333333334,24.825
2017-07-08,156.95833333333334,5.7375,19.4
2017-07-09,194.08333333333331,5.25,22.766666666666666
2017-07-10,175.375,4.704166666666667,23.62083333333333
2017-07-11,195.70833333333331,3.3375000000000004,22.287500000000005
2017-07-12,196.45833333333331,6.175000000000002,23.57083333333334
2017-07-13,239.83333333333331,4.704166666666667,25.412500000000005
2017-07-14,225.5,5.858333333333333,20.754166666666666
2017-07-15,188.83333333333331,3.7291666666666674,20.129166666666666
2017-07-16,224.70833333333331,8.712500000000002,21.045833333333327
2017-07-17,137.91666666666666,5.379166666666666,18.9375
2017-07-18,147.75,2.308333333333333,20.983333333333327
2017-07-19,143.0,4.308333333333334,24.179166666666664
2017-07-20,196.45833333333331,4.641666666666667,23.20833333333333
2017-07-21,155.16666666666666,2.7,24.19583333333333
2017-07-22,156.375,4.591666666666667,23.02083333333334
2017-07-23,189.5,2.7,24.518181818181816
2017-07-24,136.91666666666666,7.745833333333334,20.616666666666664
2017-07-25,121.75,4.999999999999999,21.420833333333334
2017-07-26,183.29166666666663,5.479166666666668,24.71666666666667
2017-07-27,245.66666666666663,6.425000000000002,23.0625
2017-07-28,213.875,8.233333333333333,21.654166666666665
2017-07-29,127.875,8.745833333333334,21.020833333333336
2017-07-30,140.16666666666666,4.6875,21.47916666666666
2017-07-31,164.5,2.058333333333333,22.77083333333334
2017-08-01,153.79166666666666,2.725,23.54583333333333
2017-08-02,178.125,3.995833333333333,23.78333333333333
2017-08-03,174.375,4.379166666666666,22.766666666666666
2017-08-04,264.0416666666667,8.375,17.12916666666667
2017-08-05,199.0,3.3874999999999997,19.641666666666673
2017-08-06,189.58333333333331,4.241666666666667,21.59583333333333
2017-08-07,177.125,5.916666666666668,20.420833333333334
2017-08-08,191.5,4.7125,20.566666666666674
2017-08-09,221.78571428571428,2.935714285714286,21.607142857142854
2017-08-10,225.0,8.371428571428572,26.885714285714283
2017-08-11,217.29166666666663,4.458333333333334,21.441666666666666
2017-08-12,245.20833333333331,10.158333333333337,19.2625
2017-08-13,139.08333333333334,2.466666666666667,20.1
2017-08-14,129.20833333333334,1.9333333333333336,22.05833333333333
2017-08-15,165.04166666666666,3.2416666666666667,22.1125
2017-08-16,90.66666666666669,3.3833333333333333,22.825000000000006
2017-08-17,208.54166666666663,7.887500000000002,25.02500000000001
2017-08-18,270.75,10.716666666666663,23.39583333333333
2017-08-19,198.20833333333331,4.304166666666666,21.84166666666667
2017-08-20,169.70833333333334,3.6208333333333336,23.77083333333333
2017-08-21,192.42857142857144,5.535714285714287,25.24285714285714
2017-08-22,262.75,7.508333333333334,24.05833333333333
2017-08-23,197.625,5.279166666666667,19.766666666666666
2017-08-24,162.25,5.254166666666666,18.758333333333336
2017-08-25,166.54166666666666,3.720833333333333,17.770833333333332
2017-08-26,120.08333333333331,4.758333333333334,20.15
2017-08-27,155.25,5.804166666666666,20.891666666666673
2017-08-28,159.79166666666666,3.9583333333333335,20.7375
2017-08-29,157.625,3.2875,20.383333333333333
2017-08-30,204.29166666666663,2.891666666666666,20.2875
2017-08-31,77.29166666666667,8.800000000000002,19.85
2017-09-01,73.29166666666667,7.125,17.400000000000002
2017-09-02,107.375,4.4625,17.916666666666664
2017-09-03,184.70833333333331,4.3625,19.158333333333328
2017-09-04,245.08333333333331,7.320833333333333,23.199999999999992
2017-09-05,293.2083333333333,6.7,17.25
2017-09-06,271.7083333333333,6.662499999999999,13.583333333333336
2017-09-07,274.375,5.8291666666666675,15.4625
2017-09-08,149.54166666666666,4.266666666666667,16.716666666666665
2017-09-09,91.83333333333331,6.55,17.404166666666665
2017-09-10,113.20833333333331,5.4,17.0
2017-09-11,115.375,4.320833333333334,17.55
2017-09-12,76.875,4.145833333333333,18.725
2017-09-13,115.5,2.8458333333333337,19.166666666666664
2017-09-14,157.08333333333334,4.204166666666667,18.85
2017-09-15,160.54166666666666,5.658333333333332,21.420833333333334
2017-09-16,164.125,6.104166666666668,22.60833333333333
2017-09-17,154.29166666666666,4.191666666666666,23.65
2017-09-18,109.375,4.954166666666667,19.441666666666666
2017-09-19,74.08333333333333,3.5500000000000003,19.775
2017-09-20,138.0,5.8625,22.80833333333333
2017-09-21,164.91666666666666,4.2625,26.4875
2017-09-22,163.91666666666666,4.783333333333332,26.191666666666666
2017-09-23,154.79166666666666,3.9875000000000007,25.504166666666666
2017-09-24,143.25,3.1333333333333333,24.162500000000005
2017-09-25,163.16666666666666,4.812499999999999,24.0625
2017-09-26,195.45833333333331,4.5041666666666655,27.59583333333333
2017-09-27,286.5,6.533333333333332,20.112500000000004
2017-09-28,221.25,5.745833333333334,15.916666666666664
2017-09-29,213.58333333333331,6.579166666666667,17.1375
2017-09-30,78.375,6.65,15.733333333333334
2017-10-01,136.16666666666666,6.683333333333334,16.395833333333336
2017-10-02,159.45833333333334,7.545833333333333,20.47083333333334
2017-10-03,185.75,9.66666666666667,22.29166666666666
2017-10-04,179.625,6.933333333333334,20.404166666666672
2017-10-05,188.25,3.1791666666666663,17.079166666666666
2017-10-06,103.5,4.295833333333333,17.47083333333333
2017-10-07,192.20833333333331,9.141666666666664,21.029166666666665
2017-10-08,205.08333333333331,6.070833333333333,17.216666666666665
2017-10-09,196.95833333333331,3.358333333333333,18.350000000000005
2017-10-10,65.75,7.754166666666666,16.45
2017-10-11,63.08333333333334,13.095833333333333,14.983333333333334
2017-10-12,113.0,4.983333333333333,14.116666666666667
2017-10-13,168.54166666666666,4.383333333333332,15.775
2017-10-14,152.375,4.016666666666667,16.695833333333336
2017-10-15,239.95833333333331,8.950000000000003,15.1875
2017-10-16,258.2916666666667,5.008333333333334,11.3375
2017-10-17,214.79166666666663,7.341666666666669,14.879166666666665
2017-10-18,208.0,9.7875,16.075
2017-10-19,187.79166666666663,5.358333333333333,15.541666666666664
2017-10-20,186.75,6.587499999999999,18.9
2017-10-21,185.5,9.975,20.566666666666666
2017-10-22,203.125,9.1375,18.8875
2017-10-23,269.375,8.662499999999998,11.5375
2017-10-24,244.125,5.929166666666666,8.774999999999999
2017-10-25,243.54166666666663,4.708333333333332,6.7666666666666675
2017-10-26,170.875,8.783333333333333,9.791666666666666
2017-10-27,235.54166666666663,8.979166666666668,7.274999999999999
2017-10-28,251.95833333333331,6.4750000000000005,3.7625
2017-10-29,254.95833333333331,4.491666666666666,4.5125
2017-10-30,243.79166666666663,7.379166666666666,7.050000000000002
2017-10-31,254.91666666666663,8.266666666666666,3.125
2017-11-01,170.04166666666666,7.895833333333332,4.449999999999998
2017-11-02,158.75,5.008333333333332,8.220833333333333
2017-11-03,215.5,9.629166666666668,7.441666666666666
2017-11-04,118.0,10.654166666666667,8.112499999999999
2017-11-05,218.6086956521739,3.660869565217392,9.81304347826087
2017-11-06,250.91666666666663,8.491666666666667,4.970833333333332
2017-11-07,111.25,8.429166666666665,6.2333333333333325
2017-11-08,259.5833333333333,4.387499999999998,4.116666666666666
2017-11-09,255.45833333333331,6.9875,4.358333333333333
2017-11-10,267.0,12.15,-4.070833333333334
2017-11-11,168.79166666666666,7.679166666666667,-0.7291666666666666
2017-11-12,237.66666666666663,3.7125,3.979166666666666
2017-11-13,268.9166666666667,4.920833333333333,3.1583333333333337
2017-11-14,189.66666666666663,6.416666666666668,5.4291666666666645
2017-11-15,203.0,13.866666666666665,8.695833333333333
2017-11-16,286.0833333333333,7.345833333333332,2.158333333333333
2017-11-17,160.08333333333334,8.170833333333334,4.091666666666667
2017-11-18,222.5,16.175,5.870833333333334
2017-11-19,292.0833333333333,8.7,1.2916666666666663
2017-11-20,218.83333333333331,10.158333333333337,4.5375
2017-11-21,244.79166666666663,16.799999999999994,5.8375
2017-11-22,278.625,6.787500000000002,-1.6708333333333334
2017-11-23,215.0,7.333333333333335,2.8791666666666664
2017-11-24,204.625,11.1,8.025
2017-11-25,278.9583333333333,8.004166666666666,9.312499999999998
2017-11-26,266.125,6.525,4.354166666666667
2017-11-27,187.45833333333331,5.4125000000000005,7.55
2017-11-28,217.95833333333331,11.6125,13.362500000000004
2017-11-29,178.25,5.358333333333333,6.516666666666667
2017-11-30,247.83333333333331,7.266666666666667,8.491666666666667
2017-12-01,235.875,5.558333333333331,6.845833333333332
2017-12-02,211.29166666666663,6.2,8.220833333333333
2017-12-03,210.83333333333331,4.379166666666666,7.758333333333335
2017-12-04,177.04166666666663,16.79583333333333,13.6
2017-12-05,240.66666666666663,12.574999999999998,4.775000000000001
2017-12-06,261.4583333333333,10.654166666666663,-0.4625000000000001
2017-12-07,275.75,9.433333333333335,-3.925
2017-12-08,244.16666666666663,7.679166666666667,-3.5291666666666672
2017-12-09,265.0416666666667,9.358333333333333,-1.5916666666666666
2017-12-10,247.45454545454547,6.6818181818181825,-5.154545454545454
2017-12-11,194.8,6.1800000000000015,1.16
2017-12-12,303.5416666666667,11.083333333333336,-4.783333333333334
2017-12-13,222.375,8.491666666666669,-2.6541666666666663
2017-12-14,286.2083333333333,10.095833333333333,-4.4125
2017-12-15,253.16666666666663,7.5125,-2.870833333333333
2017-12-16,191.41666666666663,6.116666666666667,3.7291666666666674
2017-12-17,108.16666666666669,3.7291666666666665,3.45
2017-12-18,222.875,4.745833333333334,6.341666666666665
2017-12-19,244.83333333333331,8.858333333333334,6.904166666666666
2017-12-20,184.70833333333331,8.308333333333335,0.9291666666666668
2017-12-21,109.375,8.075,1.85
2017-12-22,185.66666666666663,5.55,2.7458333333333336
2017-12-23,309.1666666666667,7.025000000000001,-0.85
2017-12-24,272.25,7.0541666666666645,-5.479166666666668
2017-12-25,266.9583333333333,10.645833333333332,-8.745833333333335
2017-12-26,272.125,7.683333333333334,-16.2625
2017-12-27,280.7368421052632,6.842105263157895,-16.742105263157892
2017-12-28,235.95833333333331,6.025,-13.449999999999998
2017-12-29,254.79166666666663,7.2541666666666655,-10.89583333333333
2017-12-30,287.625,7.991666666666666,-12.9625
2017-12-31,288.875,7.104166666666668,-15.204166666666667
2018-01-01,279.25,9.520833333333332,-18.558333333333334
2018-01-02,245.29166666666663,9.970833333333333,-18.062500000000004
2018-01-03,261.9166666666667,9.008333333333336,-11.091666666666667
2018-01-04,305.0833333333333,10.083333333333332,-13.625000000000005
2018-01-05,298.9166666666667,8.816666666666666,-14.774999999999995
2018-01-06,262.5833333333333,6.208333333333332,-13.741666666666665
2018-01-07,204.125,11.833333333333329,-7.679166666666667
2018-01-08,235.25,9.316666666666665,1.35
2018-01-09,208.83333333333331,6.779166666666668,-0.09583333333333334
2018-01-10,172.66666666666663,11.5375,3.6208333333333336
2018-01-11,205.29166666666663,14.575,13.354166666666664
2018-01-12,327.4583333333333,17.420833333333334,-4.345833333333332
2018-01-13,283.2083333333333,11.154166666666667,-10.683333333333332
2018-01-14,233.04166666666663,5.745833333333335,-10.579166666666667
2018-01-15,193.20833333333331,9.166666666666666,-7.266666666666667
2018-01-16,271.875,10.2375,-9.025
2018-01-17,262.4583333333333,7.9833333333333325,-8.891666666666667
2018-01-18,230.75,12.499999999999998,-5.191666666666668
2018-01-19,222.08333333333331,12.304166666666667,1.4625
2018-01-20,224.54166666666663,8.5875,5.050000000000002
2018-01-21,169.375,4.5,4.187500000000001
2018-01-22,161.625,9.4875,6.958333333333332
2018-01-23,276.3478260869565,7.8652173913043475,1.4173913043478268
2018-01-24,279.7083333333333,5.337500000000001,-1.991666666666667
2018-01-25,187.5,7.595833333333334,0.1958333333333332
2018-01-26,189.83333333333331,12.991666666666667,6.195833333333333
2018-01-27,231.66666666666663,12.576190476190476,9.142857142857142
2018-01-28,224.57142857142856,7.528571428571428,2.0857142857142854
2018-01-29,277.875,14.316666666666668,-2.895833333333333
2018-01-30,246.25,7.7041666666666675,-5.774999999999999
2018-01-31,186.92857142857144,20.35,-0.2857142857142857
2018-02-01,303.25,11.325,-8.049999999999999
2018-02-02,276.0,7.625,-12.129166666666665
2018-02-03,208.375,12.820833333333333,-2.8499999999999988
2018-02-04,256.875,16.716666666666665,-3.7375
2018-02-05,247.875,6.866666666666667,-13.783333333333333
2018-02-06,218.58333333333331,5.991666666666667,-10.633333333333333
2018-02-07,275.375,6.325000000000002,-7.9541666666666675
2018-02-08,254.66666666666663,5.612500000000002,-9.316666666666665
2018-02-09,94.70833333333331,10.245833333333335,-4.358333333333333
2018-02-10,309.9583333333333,12.475,-6.412499999999999
2018-02-11,208.16666666666663,8.129166666666665,-5.345833333333334
2018-02-12,263.9166666666667,7.604166666666665,-8.570833333333333
2018-02-13,116.58333333333331,7.583333333333335,-4.3375
2018-02-14,204.25,7.958333333333332,2.0625
2018-02-15,221.70833333333331,6.883333333333333,5.2875
2018-02-16,309.7916666666667,10.237500000000002,1.7624999999999995
2018-02-17,225.54166666666663,6.012499999999998,-3.0541666666666663
2018-02-18,210.75,8.970833333333337,-1.3583333333333334
2018-02-19,178.54166666666663,10.220833333333337,6.387499999999998
2018-02-20,191.79166666666663,17.754166666666666,14.975
2018-02-21,231.29166666666663,13.466666666666665,-0.6500000000000002
2018-02-22,42.25,11.545833333333333,0.2333333333333334
2018-02-23,185.45833333333331,8.633333333333335,3.6458333333333335
2018-02-24,142.16666666666666,9.354166666666666,1.9083333333333328
2018-02-25,211.25,15.854166666666664,4.145833333333333
2018-02-26,224.875,6.2375,6.1000000000000005
2018-02-27,198.91666666666663,11.295833333333334,10.379166666666665
2018-02-28,200.0,9.870833333333335,9.4125
2018-03-01,291.1666666666667,14.3125,2.35
2018-03-02,246.41666666666663,7.037500000000001,1.2958333333333336
2018-03-03,107.66666666666669,5.55,1.325
2018-03-04,99.66666666666669,8.737499999999999,1.9416666666666669
2018-03-05,107.20833333333331,11.658333333333333,1.8625000000000005
2018-03-06,169.29166666666666,9.958333333333332,1.8916666666666668
2018-03-07,311.7083333333333,9.454166666666666,-0.9541666666666668
2018-03-08,293.1666666666667,7.816666666666667,-2.458333333333333
2018-03-09,186.70833333333331,5.75,-1.645833333333333
2018-03-10,90.20833333333331,5.033333333333334,0.18333333333333326
2018-03-11,63.70833333333334,9.270833333333332,0.5791666666666667
2018-03-12,185.5,5.8291666666666675,2.0083333333333333
2018-03-13,257.0833333333333,11.641666666666666,-0.5666666666666668
2018-03-14,272.125,8.383333333333331,0.4124999999999996
2018-03-15,166.47826086956522,7.052173913043478,2.7000000000000006
2018-03-16,39.29166666666666,11.025,-0.7666666666666666
2018-03-17,125.41666666666669,9.579166666666667,1.4541666666666666
2018-03-18,202.17391304347825,5.021739130434782,4.034782608695653
2018-03-19,61.33333333333334,11.987500000000002,3.2541666666666664
2018-03-20,99.58333333333331,17.233333333333338,-0.1875
2018-03-21,115.79166666666669,15.591666666666667,-0.04166666666666666
2018-03-22,179.04166666666663,7.008333333333333,0.42916666666666653
2018-03-23,41.41666666666666,7.804166666666667,1.425
2018-03-24,71.54166666666667,12.066666666666668,1.666666666666667
2018-03-25,62.95833333333334,14.429166666666665,-0.04583333333333348
2018-03-26,109.375,8.916666666666668,2.770833333333333
2018-03-27,221.95833333333331,7.312500000000001,8.65
2018-03-28,182.04166666666663,3.458333333333334,4.416666666666667
2018-03-29,227.58333333333331,6.2041666666666675,4.216666666666667
2018-03-30,169.33333333333334,10.945833333333335,2.120833333333333
2018-03-31,219.375,9.675,7.141666666666667
2018-04-01,269.0833333333333,7.6625,-0.3875
2018-04-02,186.16666666666663,5.270833333333333,-0.5416666666666666
2018-04-03,78.08333333333333,10.841666666666667,2.991666666666668
2018-04-04,292.7083333333333,10.058333333333334,-0.3666666666666667
2018-04-05,237.20833333333331,7.141666666666667,0.08749999999999993
2018-04-06,249.83333333333331,9.966666666666663,1.5666666666666669
2018-04-07,250.08333333333331,6.616666666666666,-3.0875000000000004
2018-04-08,150.70833333333334,6.300000000000002,-1.1708333333333332
2018-04-09,67.08333333333333,7.083333333333332,0.16666666666666666
2018-04-10,207.70833333333331,4.904166666666667,2.2375000000000003
2018-04-11,191.45833333333331,7.804166666666667,6.945833333333333
2018-04-12,184.04166666666663,7.491666666666667,10.858333333333334
2018-04-13,226.25,10.041666666666666,4.420833333333333
2018-04-14,67.70833333333333,19.125,3.266666666666666
2018-04-15,113.125,14.808333333333332,1.6499999999999997
2018-04-16,290.2916666666667,9.124999999999998,-0.8874999999999998
2018-04-17,230.45833333333331,8.425,0.5750000000000001
2018-04-18,72.625,10.8875,1.4249999999999998
2018-04-19,261.4166666666667,12.654166666666665,2.845833333333333
2018-04-20,231.16666666666663,5.008333333333332,5.5
2018-04-21,110.20833333333331,2.5500000000000003,4.704166666666668
2018-04-22,208.0,6.133333333333333,5.4750000000000005
2018-04-23,215.58333333333331,9.670833333333334,6.066666666666666
2018-04-24,294.1666666666667,6.395833333333332,6.820833333333333
2018-04-25,264.2083333333333,12.866666666666667,5.158333333333332
2018-04-26,192.625,4.7,6.125
2018-04-27,181.83333333333331,10.8,7.866666666666664
2018-04-28,167.875,14.904166666666665,3.9708333333333328
2018-04-29,158.79166666666666,7.320833333333333,4.104166666666667
2018-04-30,179.75,8.433333333333335,13.887500000000005
2018-05-01,203.2173913043478,12.178260869565218,22.15652173913044
2018-05-02,206.625,12.55,24.42916666666667
2018-05-03,142.95833333333334,5.925,12.141666666666666
2018-05-04,222.58333333333331,10.416666666666666,17.8875
2018-05-05,235.58333333333331,5.179166666666667,21.166666666666664
2018-05-06,282.4166666666667,8.254166666666665,10.6375
2018-05-07,223.54166666666663,6.720833333333334,10.8625
2018-05-08,176.45833333333337,5.691666666666667,17.783333333333335
2018-05-09,173.45833333333337,8.904166666666667,19.25
2018-05-10,216.29166666666663,5.558333333333335,16.2125
2018-05-11,86.625,11.108333333333333,8.3
2018-05-12,39.458333333333336,11.795833333333334,6.849999999999999
2018-05-13,114.66666666666669,7.458333333333332,8.012500000000001
2018-05-14,185.29166666666663,5.775,12.908333333333333
2018-05-15,252.91666666666663,6.595833333333334,13.104166666666664
2018-05-16,233.0,5.1937500000000005,10.0625
2018-05-17,348.7,11.739999999999998,8.309999999999999
2018-05-18,261.0434782608696,9.091304347826087,9.69130434782609
2018-05-19,111.70833333333331,4.312500000000001,10.745833333333335
2018-05-20,117.16666666666669,9.470833333333337,7.754166666666666
2018-05-21,104.5,5.375,9.4875
2018-05-22,174.95833333333337,4.625000000000001,9.945833333333333
2018-05-23,150.625,2.6833333333333336,13.070833333333333
2018-05-24,140.33333333333334,5.054166666666666,16.445833333333333
2018-05-25,192.58333333333331,5.816666666666666,23.675000000000008
2018-05-26,203.29166666666663,5.304166666666666,23.524999999999995
2018-05-27,160.79166666666666,3.625,24.191666666666666
2018-05-28,207.20833333333331,4.545833333333333,24.387500000000006
2018-05-29,244.875,4.470833333333334,17.083333333333332
2018-05-30,209.79166666666663,4.449999999999998,18.6875
2018-05-31,218.33333333333331,5.237500000000002,25.179166666666664
2018-06-01,208.08333333333331,7.7333333333333325,15.804166666666665
2018-06-02,234.25,8.629166666666666,11.666666666666664
2018-06-03,282.0416666666667,6.466666666666666,17.937500000000004
2018-06-04,261.7826086956522,6.878260869565217,19.034782608695647
2018-06-05,210.125,7.791666666666665,16.587499999999995
2018-06-06,150.0,5.337500000000001,13.904166666666667
2018-06-07,214.91666666666663,4.1375,15.2875
2018-06-08,267.3333333333333,5.345833333333332,13.650000000000004
2018-06-09,142.375,3.7166666666666655,13.683333333333335
2018-06-10,187.33333333333331,4.308333333333334,14.587500000000004
2018-06-11,87.79166666666669,4.858333333333332,14.816666666666668
2018-06-12,115.79166666666669,3.2625,16.45416666666667
2018-06-13,206.29166666666663,3.9416666666666655,20.34583333333333
2018-06-14,154.375,3.1291666666666664,20.45
2018-06-15,115.875,3.2625,19.570833333333333
2018-06-16,179.91666666666663,5.970833333333335,23.78333333333333
2018-06-17,204.54166666666663,5.791666666666668,29.60833333333333
2018-06-18,230.66666666666663,7.341666666666668,29.65
2018-06-19,253.70833333333331,4.875000000000001,17.133333333333333
2018-06-20,267.5833333333333,4.075,17.016666666666666
2018-06-21,53.20833333333334,5.275,16.6625
2018-06-22,139.04166666666666,6.441666666666666,15.58333333333333
2018-06-23,235.16666666666663,4.608333333333333,16.954166666666666
2018-06-24,176.625,3.358333333333333,17.912499999999994
2018-06-25,156.66666666666666,4.745833333333335,17.095833333333335
2018-06-26,137.95833333333334,6.004166666666667,18.84583333333333
2018-06-27,227.41666666666663,4.4,20.45
2018-06-28,173.79166666666663,2.208333333333333,21.08333333333333
2018-06-29,169.66666666666666,4.75,26.31250000000001
2018-06-30,186.45,6.855,29.12
2018-07-01,194.83333333333331,8.620833333333334,29.16666666666667
2018-07-02,186.45833333333331,4.05,21.925
2018-07-03,192.0,2.358333333333333,20.675
2018-07-04,169.54166666666666,4.920833333333333,25.437500000000004
2018-07-05,199.29166666666663,4.083333333333333,25.5
2018-07-06,227.70833333333331,6.079166666666667,20.85
2018-07-07,77.79166666666667,3.5666666666666664,19.608333333333334
2018-07-08,123.95833333333331,3.6,20.975
2018-07-09,205.125,4.616666666666667,25.60833333333333
2018-07-10,257.875,4.958333333333334,24.8
2018-07-11,167.58333333333334,3.766666666666667,22.28333333333333
2018-07-12,154.75,4.3,25.09583333333333
2018-07-13,174.79166666666663,5.045833333333333,25.954166666666666
2018-07-14,182.25,2.9125,24.4875
2018-07-15,144.20833333333334,1.854166666666667,23.700000000000006
2018-07-16,146.83333333333334,2.716666666666667,25.516666666666666
2018-07-17,196.20833333333331,5.2250000000000005,22.86666666666667
2018-07-18,52.91666666666666,4.704166666666667,21.104166666666664
2018-07-19,124.45833333333331,3.9166666666666665,23.4875
2018-07-20,202.375,7.195833333333333,24.308333333333334
2018-07-21,316.3333333333333,8.325000000000001,20.4375
2018-07-22,298.5,9.65,19.933333333333334
2018-07-23,290.375,5.5875,20.495833333333334
2018-07-24,182.75,3.2583333333333333,21.73333333333333
2018-07-25,215.25,4.458333333333333,23.516666666666666
2018-07-26,259.1666666666667,5.9125000000000005,24.28333333333333
2018-07-27,297.1666666666667,5.1125,21.116666666666664
2018-07-28,192.54166666666663,4.070833333333334,21.0875
2018-07-29,144.91666666666666,6.824999999999998,21.79583333333333
2018-07-30,146.91666666666666,6.770833333333332,21.63333333333333
2018-07-31,127.66666666666669,3.395833333333334,22.30416666666667
2018-08-01,203.04166666666663,3.354166666666666,22.875
2018-08-02,190.54166666666663,5.329166666666667,24.925
2018-08-03,129.91666666666666,1.9625,22.662500000000005
2018-08-04,185.45833333333331,4.15,27.72916666666666
2018-08-05,207.75,8.612499999999999,28.891666666666666
2018-08-06,186.25,3.125,24.48333333333333
2018-08-07,130.91666666666666,3.1,22.616666666666664
2018-08-08,143.16666666666666,2.8083333333333336,22.14583333333333
2018-08-09,240.04166666666663,5.466666666666665,25.20833333333333
2018-08-10,108.0,3.4166666666666674,23.149999999999995
2018-08-11,196.70833333333331,2.95,24.279166666666665
2018-08-12,201.0,2.825,24.40833333333333
2018-08-13,198.29166666666663,2.0625,24.004166666666666
2018-08-14,188.125,2.7166666666666663,25.72083333333333
2018-08-15,168.54166666666666,4.020833333333333,25.170833333333334
2018-08-16,132.875,2.708333333333333,23.758333333333336
2018-08-17,128.125,3.158333333333333,22.879166666666666
2018-08-18,123.16666666666669,4.716666666666667,23.85
2018-08-19,91.91666666666669,3.7583333333333337,23.575
2018-08-20,120.16666666666669,6.6750000000000025,23.766666666666666
2018-08-21,225.20833333333331,5.854166666666668,21.85833333333333
2018-08-22,270.2916666666667,5.808333333333335,20.454166666666676
2018-08-23,240.41666666666663,4.141666666666668,21.925
2018-08-24,185.54166666666663,7.095833333333334,20.745833333333334
2018-08-25,190.25,5.979166666666668,21.92916666666667
2018-08-26,203.375,5.1875,27.65833333333333
2018-08-27,205.41666666666663,8.725000000000001,29.60833333333333
2018-08-28,192.375,9.3125,26.98333333333333
2018-08-29,164.95833333333334,4.504166666666666,20.879166666666666
2018-08-30,60.41666666666666,4.575,19.004166666666674
2018-08-31,132.16666666666666,3.9875000000000007,21.0625
2018-09-01,197.58333333333331,6.158333333333332,23.51666666666667
2018-09-02,194.25,5.745833333333334,25.50833333333333
2018-09-03,161.66666666666666,3.3833333333333337,22.504166666666666
2018-09-04,177.08333333333337,5.158333333333333,25.6125
2018-09-05,222.75,6.8916666666666675,27.475
2018-09-06,144.91666666666666,6.495833333333333,19.766666666666673
2018-09-07,53.45833333333334,8.262499999999998,20.1875
2018-09-08,65.20833333333333,15.108333333333333,19.258333333333336
2018-09-09,67.29166666666667,12.995833333333335,17.595833333333328
2018-09-10,61.83333333333334,7.1625000000000005,18.070833333333336
2018-09-11,159.16666666666666,3.183333333333333,18.725000000000005
2018-09-12,141.70833333333334,4.3500000000000005,20.33333333333333
2018-09-13,131.54166666666666,3.329166666666667,20.120833333333334
2018-09-14,128.66666666666666,2.4458333333333333,21.004166666666666
2018-09-15,99.75,2.3916666666666666,21.3
2018-09-16,96.83333333333331,2.1583333333333328,22.40000000000001
2018-09-17,150.79166666666666,3.2875,24.212499999999995
2018-09-18,213.70833333333331,4.529166666666668,22.212499999999995
2018-09-19,87.29166666666669,4.216666666666668,19.829166666666673
2018-09-20,149.16666666666666,3.7166666666666672,22.70833333333333
2018-09-21,237.54166666666663,9.883333333333336,25.558333333333334
2018-09-22,115.83333333333331,7.7333333333333325,14.966666666666667
2018-09-23,151.83333333333334,3.6041666666666665,16.058333333333334
2018-09-24,112.79166666666669,6.408333333333334,18.525
2018-09-25,194.79166666666663,5.220833333333333,22.254166666666666
2018-09-26,286.7916666666667,5.6416666666666675,16.087500000000002
2018-09-27,220.70833333333331,5.120833333333334,15.637499999999998
2018-09-28,245.25,4.787499999999999,14.883333333333333
2018-09-29,188.29166666666663,4.704166666666667,10.65
2018-09-30,110.54166666666669,3.95,14.15
2018-10-01,71.875,4.625000000000001,15.25
2018-10-02,206.20833333333331,3.8666666666666667,16.5
2018-10-03,169.66666666666666,6.900000000000001,21.72916666666667
2018-10-04,207.45833333333331,11.933333333333335,18.029166666666672
2018-10-05,160.25,6.558333333333335,14.741666666666667
2018-10-06,212.25,5.241666666666666,17.28333333333333
2018-10-07,65.29166666666667,6.458333333333332,14.779166666666667
2018-10-08,151.41666666666666,5.529166666666666,21.433333333333334
2018-10-09,181.45833333333331,6.975000000000001,24.60416666666666
2018-10-10,181.04166666666663,7.008333333333333,22.64583333333333
2018-10-11,263.0,9.15,9.874999999999998
2018-10-12,260.9583333333333,4.758333333333334,5.091666666666667
2018-10-13,234.375,4.883333333333334,5.720833333333332
2018-10-14,210.5,4.491666666666667,9.408333333333333
2018-10-15,285.5833333333333,5.716666666666666,6.516666666666667
2018-10-16,228.41666666666663,6.5791666666666675,7.3583333333333325
2018-10-17,274.5833333333333,6.716666666666665,8.6625
2018-10-18,242.875,5.275,8.479166666666668
2018-10-19,206.66666666666663,7.333333333333332,10.216666666666667
2018-10-20,270.2083333333333,9.5125,8.658333333333333
2018-10-21,256.875,6.6083333333333325,3.820833333333333
2018-10-22,236.29166666666663,5.779166666666665,9.624999999999998
2018-10-23,206.0,5.7375000000000025,9.104166666666666
2018-10-24,115.79166666666669,4.558333333333334,8.1
2018-10-25,147.125,3.7541666666666664,8.420833333333333
2018-10-26,75.29166666666667,5.233333333333333,9.283333333333333
2018-10-27,70.625,4.620833333333334,9.85
2018-10-28,229.91666666666663,7.599999999999999,8.9625
2018-10-29,198.29411764705884,4.670588235294117,8.858823529411765
2018-10-30,154.95833333333334,7.212499999999999,11.6375
2018-10-31,251.91666666666663,5.545833333333333,10.87083333333333
2018-11-01,99.41666666666669,7.579166666666667,10.3
2018-11-02,192.54166666666663,7.833333333333332,6.9250000000000025
2018-11-03,170.29166666666666,4.458333333333333,6.216666666666665
2018-11-04,127.3913043478261,17.147826086956524,9.582608695652176
2018-11-05,193.04166666666663,7.974999999999999,9.033333333333333
2018-11-06,217.58333333333331,7.25,9.020833333333332
2018-11-07,263.0,9.554166666666667,3.604166666666666
2018-11-08,232.375,4.795833333333332,1.9625
2018-11-09,226.45833333333331,5.462500000000001,1.6625
2018-11-10,258.25,9.066666666666668,-3.533333333333332
2018-11-11,204.95833333333331,8.8875,0.8416666666666668
2018-11-12,299.75,5.316666666666666,1.3708333333333331
2018-11-13,304.4583333333333,8.950000000000003,-4.0625
2018-11-14,253.66666666666663,4.591666666666666,-3.3666666666666667
2018-11-15,135.29166666666666,10.504166666666666,1.3
2018-11-16,252.33333333333331,9.058333333333332,1.5791666666666668
2018-11-17,244.375,6.891666666666667,1.8291666666666668
2018-11-18,186.41666666666663,6.912499999999999,1.9625
2018-11-19,246.29166666666663,5.254166666666666,-1.2333333333333332
2018-11-20,274.8333333333333,7.779166666666666,-0.02916666666666662
2018-11-21,215.29166666666663,8.9,0.3666666666666667
2018-11-22,108.5,11.570833333333333,1.0041666666666669
2018-11-23,163.125,12.15,5.4750000000000005
2018-11-24,203.875,8.316666666666665,7.404166666666668
2018-11-25,169.91666666666666,9.8625,4.362500000000002
2018-11-26,189.66666666666663,21.241666666666667,-0.6708333333333334
2018-11-27,278.8333333333333,6.837500000000001,-4.633333333333333
2018-11-28,248.375,4.954166666666667,-5.620833333333333
2018-11-29,139.41666666666666,6.637499999999998,-0.4333333333333333
2018-11-30,256.4583333333333,4.020833333333333,1.9333333333333336
2018-12-01,96.875,10.066666666666665,3.695833333333333
2018-12-02,194.45833333333331,6.187500000000001,5.7
2018-12-03,307.125,14.083333333333336,1.1708333333333332
2018-12-04,299.7916666666667,6.6875,-0.7791666666666665
2018-12-05,258.5833333333333,6.729166666666665,-2.1
2018-12-06,265.1666666666667,7.887499999999998,-0.9041666666666668
2018-12-07,283.75,6.533333333333332,-5.75
2018-12-08,218.54166666666663,4.5875,-4.108333333333333
2018-12-09,209.625,3.7416666666666663,-2.904166666666667
2018-12-10,251.125,4.875,-3.2291666666666674
2018-12-11,218.29166666666663,6.958333333333332,-0.5625000000000001
2018-12-12,175.4782608695652,9.386956521739132,2.6
2018-12-13,133.4,5.8100000000000005,2.4300000000000006
2018-12-14,216.83333333333331,5.204166666666667,3.4166666666666674
2018-12-15,197.625,5.937500000000001,2.733333333333333
2018-12-16,249.79166666666663,6.2666666666666675,4.1000000000000005
2018-12-17,211.5,7.2541666666666655,2.4875000000000003
2018-12-18,219.0,5.720833333333334,2.333333333333333
2018-12-19,203.25,9.620833333333335,5.266666666666667
2018-12-20,202.66666666666663,7.441666666666666,7.062499999999999
2018-12-21,302.8181818181818,18.55,1.836363636363636
2018-12-22,255.75,5.6000000000000005,-0.5125000000000001
2018-12-23,249.125,6.2666666666666675,1.1166666666666667
2018-12-24,254.45833333333331,8.916666666666666,-1.195833333333333
2018-12-25,195.95833333333331,5.466666666666666,2.5458333333333334
2018-12-26,163.25,2.829166666666667,3.2583333333333337
2018-12-27,136.95833333333334,12.79166666666667,5.154166666666668
2018-12-28,224.70833333333331,10.545833333333333,5.962500000000001
2018-12-29,277.5833333333333,5.991666666666667,-1.2416666666666667
2018-12-30,218.83333333333331,9.733333333333333,-2.716666666666665
2018-12-31,157.58333333333334,8.708333333333332,2.283333333333333
