DATE,AWND,PRCP,SNOW,SNWD,TAVG,TMAX,TMIN,WDF2,WSF2
2015-01-01,14.54,0.0,0.0,0.0,20.0,32,14,240,23.9
2015-01-02,4.7,0.0,0.0,0.0,26.0,34,15,150,12.1
2015-01-03,5.59,0.57,0.4,0.0,31.0,34,29,140,13.0
2015-01-04,15.88,0.13,2.2,1.2,29.0,33,2,320,25.9
2015-01-05,10.29,0.15,1.8,2.0,2.0,6,-3,310,21.9
2015-01-06,13.87,0.01,0.2,3.9,5.0,10,-5,270,23.9
2015-01-07,17.45,0.0,0.0,3.1,3.0,6,-6,330,28.0
2015-01-08,17.67,0.06,3.0,3.1,-2.0,18,-8,300,28.0
2015-01-09,16.55,0.0,0.0,5.1,8.0,11,0,330,30.0
2015-01-10,11.63,0.0,0.0,3.9,5.0,24,-2,180,21.9
2015-01-11,8.28,0.19,2.6,3.9,26.0,32,22,180,18.1
2015-01-12,12.75,0.0,0.4,5.9,23.0,28,15,10,21.0
2015-01-13,7.61,0.0,0.2,5.9,17.0,19,3,50,19.9
2015-01-14,6.49,0.0,0.0,5.9,11.0,19,1,220,14.1
2015-01-15,10.07,0.0,0.0,5.1,22.0,34,17,240,21.0
2015-01-16,8.28,0.0,0.0,3.9,28.0,34,23,140,15.0
2015-01-17,15.43,0.0,0.0,3.9,34.0,42,26,210,28.0
2015-01-18,10.51,0.0,0.0,0.0,37.0,40,27,300,19.9
2015-01-19,5.37,0.0,0.0,0.0,32.0,41,25,100,12.1
2015-01-20,7.38,0.0,0.0,0.0,34.0,36,29,40,17.0
2015-01-21,7.61,0.01,0.1,0.0,31.0,33,29,20,14.1
2015-01-22,6.93,0.0,0.0,0.0,30.0,31,28,260,15.0
2015-01-23,11.41,0.0,0.0,0.0,30.0,31,29,220,17.0
2015-01-24,8.05,0.0,0.0,0.0,33.0,43,29,260,18.1
2015-01-25,14.54,0.08,0.6,0.0,31.0,34,24,40,25.9
2015-01-26,5.59,0.07,1.0,0.0,23.0,26,15,60,13.0
2015-01-27,6.04,0.0,0.0,1.2,27.0,32,20,40,13.0
2015-01-28,10.96,0.01,0.0,1.2,26.0,34,19,170,19.9
2015-01-29,13.87,0.01,0.1,1.2,33.0,35,28,320,25.9
2015-01-30,7.38,0.0,0.0,1.2,27.0,30,18,350,19.9
2015-01-31,6.93,0.12,1.3,0.0,27.0,36,19,250,16.1
2015-02-01,18.34,0.87,16.2,3.9,29.0,31,19,40,30.0
2015-02-02,12.75,0.05,1.8,18.1,15.0,19,6,350,23.9
2015-02-03,5.37,0.09,1.6,16.9,13.0,26,2,220,15.0
2015-02-04,10.51,0.02,0.3,16.1,21.0,25,4,340,19.9
2015-02-05,8.95,0.0,0.0,15.0,7.0,15,-2,240,19.9
2015-02-06,8.5,0.0,0.0,14.2,17.0,31,13,250,18.1
2015-02-07,7.61,0.0,0.0,14.2,29.0,41,18,200,16.1
2015-02-08,9.84,0.01,0.0,9.1,36.0,39,25,10,23.0
2015-02-09,12.3,0.0,0.0,5.9,26.0,27,19,10,21.0
2015-02-10,7.83,0.0,0.0,5.9,25.0,33,14,160,19.9
2015-02-11,13.42,0.0,0.0,5.9,31.0,35,18,310,23.0
2015-02-12,12.97,0.0,0.0,5.9,16.0,18,8,340,28.0
2015-02-13,10.51,0.0,0.0,5.1,11.0,26,5,220,21.0
2015-02-14,19.46,0.0,0.2,5.1,19.0,27,1,330,38.0
2015-02-15,9.17,0.03,0.2,5.1,4.0,15,-3,330,21.0
2015-02-16,4.92,0.0,0.0,5.1,12.0,18,5,280,12.1
2015-02-17,12.3,0.0,0.1,5.1,17.0,19,8,290,19.9
2015-02-18,15.21,0.0,0.0,5.1,7.0,8,-3,290,25.9
2015-02-19,11.41,0.0,0.0,5.1,-2.0,4,-8,330,23.0
2015-02-20,13.2,0.01,0.2,5.1,3.0,18,-7,170,23.9
2015-02-21,4.25,0.0,0.0,5.1,22.0,32,17,200,12.1
2015-02-22,13.2,0.0,0.0,5.1,21.0,28,2,330,21.9
2015-02-23,9.84,0.0,0.0,5.1,4.0,12,-4,350,21.0
2015-02-24,15.88,0.01,0.1,5.1,11.0,29,4,240,25.9
2015-02-25,7.83,0.17,2.0,5.1,21.0,26,10,20,15.0
2015-02-26,12.53,0.17,3.7,9.8,17.0,19,0,40,19.9
2015-02-27,8.28,0.0,0.0,9.8,6.0,14,-2,260,14.1
2015-02-28,5.37,0.02,0.4,9.1,6.0,21,-10,180,13.0
2015-03-01,6.93,0.0,0.0,9.1,18.0,25,10,250,17.0
2015-03-02,7.38,0.0,0.0,7.9,21.0,33,13,190,15.0
2015-03-03,13.42,0.13,0.7,9.1,28.0,34,24,190,23.0
2015-03-04,13.42,0.0,0.0,7.9,24.0,31,10,330,23.0
2015-03-05,9.62,0.0,0.0,7.1,12.0,16,3,280,16.1
2015-03-06,13.2,0.0,0.0,7.1,12.0,27,0,180,23.9
2015-03-07,10.51,0.0,0.0,7.1,32.0,44,24,280,19.9
2015-03-08,6.71,0.0,0.0,3.9,35.0,40,28,250,16.1
2015-03-09,6.26,0.0,0.0,3.9,37.0,50,25,180,14.1
2015-03-10,6.71,0.0,0.0,0.0,40.0,51,35,220,14.1
2015-03-11,6.26,0.0,0.0,0.0,42.0,51,30,60,16.1
2015-03-12,8.5,0.0,0.0,0.0,42.0,56,28,170,18.1
2015-03-13,5.82,0.0,0.0,0.0,47.0,65,37,190,13.0
2015-03-14,12.3,0.0,0.0,0.0,51.0,60,37,320,25.9
2015-03-15,10.29,0.0,0.0,0.0,45.0,62,29,250,23.9
2015-03-16,12.75,0.0,0.0,0.0,58.0,73,42,20,30.0
2015-03-17,14.09,0.0,0.0,0.0,45.0,45,28,20,30.0
2015-03-18,4.7,0.0,0.0,0.0,37.0,50,28,100,14.1
2015-03-19,7.83,0.0,0.0,0.0,42.0,46,37,130,21.9
2015-03-20,8.95,0.0,0.0,0.0,42.0,50,38,220,18.1
2015-03-21,10.29,0.0,0.0,0.0,42.0,49,32,360,21.0
2015-03-22,10.96,0.02,0.2,0.0,32.0,35,26,40,18.1
2015-03-23,10.74,0.61,5.6,2.0,29.0,31,28,100,17.0
2015-03-24,11.41,0.04,0.0,5.1,30.0,37,19,100,21.9
2015-03-25,11.18,0.25,0.0,2.0,37.0,41,35,270,21.9
2015-03-26,11.18,0.0,0.0,0.0,37.0,42,31,320,17.0
2015-03-27,11.86,0.04,0.6,1.2,29.0,31,21,20,23.0
2015-03-28,7.16,0.0,0.0,0.0,27.0,36,20,40,15.0
2015-03-29,15.21,0.01,0.0,0.0,32.0,47,24,190,30.0
2015-03-30,10.74,0.0,0.0,0.0,46.0,61,34,280,21.9
2015-03-31,8.5,0.0,0.0,0.0,49.0,58,39,250,23.0
2015-04-01,11.41,0.0,0.0,0.0,52.0,72,35,180,28.0
2015-04-02,11.18,0.36,0.0,0.0,58.0,65,50,190,23.0
2015-04-03,10.51,0.0,0.0,0.0,50.0,53,30,20,21.9
2015-04-04,11.41,0.0,0.0,0.0,40.0,58,28,250,29.1
2015-04-05,9.84,0.0,0.0,0.0,53.0,66,36,240,21.0
2015-04-06,6.71,0.04,0.0,0.0,45.0,62,34,50,17.0
2015-04-07,13.87,0.0,0.0,0.0,40.0,46,38,100,21.0
2015-04-08,8.95,0.05,0.0,0.0,44.0,50,40,50,17.0
2015-04-09,13.87,1.41,0.0,0.0,52.0,71,41,240,33.1
2015-04-10,17.22,0.0,0.0,0.0,52.0,62,39,290,35.1
2015-04-11,7.61,0.0,0.0,0.0,48.0,62,38,240,16.1
2015-04-12,10.74,0.0,0.0,0.0,55.0,68,41,180,23.0
2015-04-13,12.53,0.22,0.0,0.0,60.0,65,49,300,25.1
2015-04-14,4.92,0.0,0.0,0.0,56.0,66,39,80,12.1
2015-04-15,10.74,0.0,0.0,0.0,54.0,64,43,60,18.1
2015-04-16,6.49,0.0,0.0,0.0,53.0,66,45,100,16.1
2015-04-17,5.14,0.0,0.0,0.0,61.0,78,45,270,14.1
2015-04-18,10.29,0.0,0.0,0.0,59.0,65,47,20,25.9
2015-04-19,9.62,0.46,0.0,0.0,56.0,68,48,60,16.1
2015-04-20,16.11,0.01,0.0,0.0,48.0,52,41,270,29.1
2015-04-21,19.91,0.0,0.0,0.0,44.0,54,38,270,38.0
2015-04-22,13.42,0.0,0.0,0.0,40.0,46,34,310,25.9
2015-04-23,8.72,0.0,0.0,0.0,42.0,55,32,310,21.9
2015-04-24,6.71,0.16,0.0,0.0,44.0,57,29,110,19.9
2015-04-25,12.97,0.16,0.0,0.0,43.0,48,39,60,21.9
2015-04-26,10.96,0.0,0.0,0.0,45.0,56,35,20,23.0
2015-04-27,10.07,0.0,0.0,0.0,46.0,55,38,40,19.9
2015-04-28,4.92,0.0,0.0,0.0,46.0,58,35,70,16.1
2015-04-29,7.16,0.0,0.0,0.0,49.0,61,38,60,17.0
2015-04-30,11.41,0.0,0.0,0.0,46.0,51,38,20,21.0
2015-05-01,5.82,0.0,0.0,0.0,50.0,67,38,100,14.1
2015-05-02,6.71,0.0,0.0,0.0,62.0,76,50,220,16.1
2015-05-03,9.84,0.42,0.0,0.0,67.0,78,55,310,21.9
2015-05-04,8.5,0.0,0.0,0.0,65.0,74,55,250,18.1
2015-05-05,9.17,0.95,0.0,0.0,52.0,56,47,80,15.0
2015-05-06,5.82,0.0,0.0,0.0,56.0,77,46,50,13.0
2015-05-07,11.41,0.04,0.0,0.0,67.0,83,52,200,29.1
2015-05-08,8.5,0.75,0.0,0.0,71.0,81,63,200,31.1
2015-05-09,8.95,0.29,0.0,0.0,60.0,64,47,40,17.0
2015-05-10,9.4,0.14,0.0,0.0,49.0,54,45,20,17.0
2015-05-11,13.2,0.22,0.0,0.0,56.0,68,47,280,28.0
2015-05-12,16.78,0.0,0.0,0.0,52.0,56,44,270,28.0
2015-05-13,9.62,0.0,0.0,0.0,48.0,52,40,50,16.1
2015-05-14,10.51,0.24,0.0,0.0,52.0,66,43,140,21.0
2015-05-15,7.83,0.0,0.0,0.0,63.0,76,57,260,17.0
2015-05-16,7.83,0.03,0.0,0.0,69.0,79,62,170,16.1
2015-05-17,15.88,0.0,0.0,0.0,72.0,82,66,190,28.0
2015-05-18,15.43,0.0,0.0,0.0,72.0,77,49,270,25.9
2015-05-19,10.51,0.0,0.0,0.0,50.0,53,40,310,18.1
2015-05-20,8.28,0.04,0.0,0.0,44.0,48,39,20,17.0
2015-05-21,9.84,0.0,0.0,0.0,52.0,69,45,290,18.1
2015-05-22,8.5,0.0,0.0,0.0,59.0,66,47,350,16.1
2015-05-23,7.61,0.0,0.0,0.0,62.0,80,46,190,19.9
2015-05-24,7.38,0.36,0.0,0.0,66.0,72,59,90,15.0
2015-05-25,15.21,0.07,0.0,0.0,70.0,78,65,200,25.9
2015-05-26,12.75,0.5,0.0,0.0,71.0,74,64,200,31.1
2015-05-27,10.74,0.0,0.0,0.0,68.0,74,59,280,23.0
2015-05-28,6.04,0.0,0.0,0.0,69.0,82,54,90,16.1
2015-05-29,9.84,0.2,0.0,0.0,72.0,81,63,220,25.1
2015-05-30,14.32,0.41,0.0,0.0,64.0,71,44,20,29.1
2015-05-31,16.11,0.0,0.0,0.0,47.0,55,42,20,25.9
2015-06-01,9.4,0.0,0.0,0.0,51.0,60,44,50,17.0
2015-06-02,5.37,0.0,0.0,0.0,56.0,70,42,110,15.0
2015-06-03,6.93,0.0,0.0,0.0,62.0,77,50,130,15.0
2015-06-04,7.38,0.0,0.0,0.0,68.0,81,57,190,14.1
2015-06-05,14.76,0.0,0.0,0.0,65.0,70,55,10,25.1
2015-06-06,8.28,0.0,0.0,0.0,60.0,71,52,40,14.1
2015-06-07,12.08,0.36,0.0,0.0,66.0,81,55,210,21.0
2015-06-08,11.41,0.04,0.0,0.0,73.0,84,61,340,28.0
2015-06-09,8.72,0.0,0.0,0.0,70.0,85,60,230,15.0
2015-06-10,11.41,0.0,0.0,0.0,80.0,92,68,250,23.0
2015-06-11,8.28,0.27,0.0,0.0,69.0,72,58,40,19.9
2015-06-12,8.28,0.13,0.0,0.0,62.0,67,56,30,16.1
2015-06-13,6.71,0.4,0.0,0.0,66.0,86,56,130,17.0
2015-06-14,6.93,0.6,0.0,0.0,73.0,83,68,260,17.0
2015-06-15,5.59,2.56,0.0,0.0,75.0,80,68,350,18.1
2015-06-16,10.29,0.0,0.0,0.0,69.0,72,56,20,14.1
2015-06-17,4.7,0.14,0.0,0.0,61.0,72,56,190,8.9
2015-06-18,10.29,0.27,0.0,0.0,72.0,79,58,10,21.0
2015-06-19,10.29,0.0,0.0,0.0,61.0,67,54,40,16.1
2015-06-20,7.16,0.31,0.0,0.0,63.0,78,53,160,25.1
2015-06-21,8.28,0.0,0.0,0.0,74.0,84,67,270,16.1
2015-06-22,10.51,0.09,0.0,0.0,75.0,83,66,200,28.0
2015-06-23,9.84,0.0,0.0,0.0,75.0,82,63,330,21.9
2015-06-24,4.92,0.0,0.0,0.0,70.0,79,60,270,15.0
2015-06-25,7.16,1.01,0.0,0.0,71.0,79,61,360,15.0
2015-06-26,9.4,0.13,0.0,0.0,63.0,67,58,40,16.1
2015-06-27,8.95,0.0,0.0,0.0,64.0,76,56,40,19.9
2015-06-28,3.8,0.02,0.0,0.0,67.0,79,54,180,14.1
2015-06-29,4.03,0.62,0.0,0.0,68.0,75,64,80,13.0
2015-06-30,8.5,0.17,0.0,0.0,68.0,77,57,40,17.0
2015-07-01,7.38,0.0,0.0,0.0,61.0,69,54,60,14.1
2015-07-02,9.4,0.0,0.0,0.0,59.0,69,53,40,17.0
2015-07-03,4.47,0.0,0.0,0.0,64.0,77,55,60,12.1
2015-07-04,4.47,0.0,0.0,0.0,70.0,81,59,70,10.1
2015-07-05,5.14,0.0,0.0,0.0,72.0,83,60,180,13.0
2015-07-06,9.62,0.49,0.0,0.0,74.0,85,64,280,25.9
2015-07-07,14.32,0.27,0.0,0.0,67.0,71,55,30,25.1
2015-07-08,7.61,0.07,0.0,0.0,60.0,67,54,70,13.0
2015-07-09,7.16,0.0,0.0,0.0,64.0,77,58,20,14.1
2015-07-10,3.8,0.0,0.0,0.0,69.0,83,59,100,12.1
2015-07-11,5.14,0.03,0.0,0.0,70.0,78,61,140,13.0
2015-07-12,6.26,0.0,0.0,0.0,74.0,83,69,130,14.1
2015-07-13,9.62,0.42,0.0,0.0,76.0,86,68,320,32.0
2015-07-14,12.53,0.0,0.0,0.0,76.0,83,61,10,23.9
2015-07-15,8.5,0.0,0.0,0.0,66.0,75,59,20,16.1
2015-07-16,7.61,0.97,0.0,0.0,66.0,75,58,150,21.0
2015-07-17,8.05,0.06,0.0,0.0,77.0,92,71,290,23.0
2015-07-18,8.28,0.54,0.0,0.0,79.0,89,73,150,23.0
2015-07-19,8.28,0.0,0.0,0.0,79.0,85,65,300,21.0
2015-07-20,8.5,0.0,0.0,0.0,74.0,85,63,260,17.0
2015-07-21,8.5,0.0,0.0,0.0,75.0,82,65,340,18.1
2015-07-22,4.92,0.0,0.0,0.0,74.0,83,64,100,12.1
2015-07-23,4.03,0.0,0.0,0.0,74.0,85,63,100,12.1
2015-07-24,6.71,0.0,0.0,0.0,75.0,84,64,200,18.1
2015-07-25,7.83,0.0,0.0,0.0,80.0,91,69,60,16.1
2015-07-26,4.92,0.0,0.0,0.0,75.0,80,64,70,12.1
2015-07-27,8.5,0.0,0.0,0.0,77.0,88,67,110,17.0
2015-07-28,5.82,0.0,0.0,0.0,79.0,91,67,140,17.0
2015-07-29,10.96,0.0,0.0,0.0,81.0,88,70,330,21.0
2015-07-30,11.63,0.0,0.0,0.0,77.0,88,65,300,23.0
2015-07-31,12.3,0.0,0.0,0.0,78.0,87,67,320,25.9
2015-08-01,10.96,0.0,0.0,0.0,76.0,87,64,250,21.9
2015-08-02,13.87,0.53,0.0,0.0,80.0,91,67,260,36.9
2015-08-03,9.84,0.0,0.0,0.0,76.0,82,67,310,19.9
2015-08-04,7.61,0.0,0.0,0.0,72.0,82,61,290,18.1
2015-08-05,6.04,0.0,0.0,0.0,73.0,82,61,70,16.1
2015-08-06,7.16,0.0,0.0,0.0,73.0,83,64,70,14.1
2015-08-07,8.5,0.0,0.0,0.0,73.0,83,63,190,18.1
2015-08-08,7.16,0.0,0.0,0.0,75.0,82,68,330,17.0
2015-08-09,4.7,0.0,0.0,0.0,72.0,80,67,180,14.1
2015-08-10,6.04,0.02,0.0,0.0,75.0,84,68,10,23.0
2015-08-11,6.71,0.0,0.0,0.0,73.0,82,65,40,18.1
2015-08-12,4.92,0.0,0.0,0.0,71.0,81,61,50,14.1
2015-08-13,9.84,0.0,0.0,0.0,74.0,85,65,240,18.1
2015-08-14,9.84,0.21,0.0,0.0,78.0,90,67,350,29.1
2015-08-15,5.37,0.14,0.0,0.0,77.0,92,67,180,18.1
2015-08-16,6.71,0.0,0.0,0.0,79.0,89,71,200,17.0
2015-08-17,7.16,0.12,0.0,0.0,79.0,88,68,180,23.0
2015-08-18,8.72,0.4,0.0,0.0,74.0,83,67,180,25.9
2015-08-19,13.42,0.0,0.0,0.0,72.0,75,62,220,21.9
2015-08-20,13.87,0.0,0.0,0.0,65.0,74,59,280,25.9
2015-08-21,8.05,0.0,0.0,0.0,69.0,82,55,180,17.0
2015-08-22,10.51,0.0,0.0,0.0,72.0,81,60,180,21.9
2015-08-23,11.41,0.0,0.0,0.0,71.0,77,61,280,23.9
2015-08-24,14.09,0.0,0.0,0.0,65.0,75,55,260,29.1
2015-08-25,8.5,0.0,0.0,0.0,63.0,72,59,330,16.1
2015-08-26,6.26,0.0,0.0,0.0,62.0,67,56,340,12.1
2015-08-27,4.25,0.0,0.0,0.0,63.0,76,51,110,16.1
2015-08-28,5.14,0.0,0.0,0.0,65.0,72,56,100,12.1
2015-08-29,6.04,0.74,0.0,0.0,68.0,70,63,30,13.0
2015-08-30,4.03,0.0,0.0,0.0,68.0,77,62,100,8.9
2015-08-31,2.68,0.0,0.0,0.0,71.0,85,60,230,13.0
2015-09-01,6.71,0.0,0.0,0.0,78.0,88,68,210,16.1
2015-09-02,7.38,0.0,0.0,0.0,80.0,90,72,210,18.1
2015-09-03,8.95,0.0,0.0,0.0,81.0,91,71,50,21.0
2015-09-04,5.37,0.0,0.0,0.0,74.0,85,68,70,14.1
2015-09-05,7.16,0.0,0.0,0.0,75.0,87,69,150,16.1
2015-09-06,9.62,0.0,0.0,0.0,80.0,92,70,200,19.9
2015-09-07,6.71,0.0,0.0,0.0,81.0,88,76,210,14.1
2015-09-08,8.5,1.04,0.0,0.0,77.0,81,68,270,28.0
2015-09-09,6.26,0.0,0.0,0.0,70.0,77,58,20,14.1
2015-09-10,5.59,0.21,0.0,0.0,64.0,74,54,320,21.9
2015-09-11,10.74,0.17,0.0,0.0,62.0,67,54,320,23.9
2015-09-12,10.51,0.0,0.0,0.0,58.0,65,50,40,19.9
2015-09-13,7.38,0.0,0.0,0.0,58.0,70,48,290,17.0
2015-09-14,12.97,0.0,0.0,0.0,65.0,82,52,200,23.9
2015-09-15,11.41,0.0,0.0,0.0,73.0,82,62,170,21.0
2015-09-16,11.18,0.0,0.0,0.0,71.0,83,56,190,21.0
2015-09-17,11.41,0.36,0.0,0.0,72.0,85,61,270,36.9
2015-09-18,7.16,2.41,0.0,0.0,72.0,74,65,300,31.1
2015-09-19,9.84,0.05,0.0,0.0,65.0,71,53,320,28.0
2015-09-20,4.47,0.0,0.0,0.0,60.0,73,50,100,14.1
2015-09-21,5.14,0.0,0.0,0.0,62.0,74,52,90,14.1
2015-09-22,3.58,0.0,0.0,0.0,65.0,80,53,100,10.1
2015-09-23,4.25,0.0,0.0,0.0,68.0,80,57,70,14.1
2015-09-24,5.59,0.0,0.0,0.0,67.0,76,56,50,12.1
2015-09-25,8.72,0.0,0.0,0.0,65.0,73,60,40,18.1
2015-09-26,7.61,0.0,0.0,0.0,67.0,75,60,100,15.0
2015-09-27,7.16,0.0,0.0,0.0,67.0,74,61,140,12.1
2015-09-28,4.25,0.0,0.0,0.0,70.0,77,64,190,12.1
2015-09-29,14.54,0.4,0.0,0.0,64.0,68,55,20,29.1
2015-09-30,15.43,0.0,0.0,0.0,57.0,61,52,20,25.1
2015-10-01,18.12,0.0,0.0,0.0,55.0,59,52,40,28.0
2015-10-02,19.01,0.0,0.0,0.0,55.0,60,51,50,25.1
2015-10-03,17.0,0.01,0.0,0.0,52.0,54,48,50,25.1
2015-10-04,11.41,0.0,0.0,0.0,52.0,57,50,50,17.0
2015-10-05,6.93,0.0,0.0,0.0,57.0,60,55,50,10.1
2015-10-06,4.92,0.0,0.0,0.0,60.0,71,55,140,12.1
2015-10-07,7.38,0.0,0.0,0.0,62.0,71,54,50,15.0
2015-10-08,8.28,0.05,0.0,0.0,62.0,77,50,220,21.0
2015-10-09,10.51,0.0,0.0,0.0,60.0,64,47,340,19.9
2015-10-10,5.82,0.0,0.0,0.0,53.0,65,42,220,15.0
2015-10-11,12.75,0.0,0.0,0.0,62.0,79,51,200,23.0
2015-10-12,15.43,0.0,0.0,0.0,67.0,75,53,280,31.1
2015-10-13,11.63,0.0,0.0,0.0,56.0,63,47,290,23.0
2015-10-14,8.05,0.0,0.0,0.0,52.0,63,42,290,17.0
2015-10-15,11.18,0.0,0.0,0.0,55.0,69,46,320,33.1
2015-10-16,11.18,0.0,0.0,0.0,49.0,55,37,320,21.0
2015-10-17,9.17,0.0,0.0,0.0,42.0,53,33,310,21.0
2015-10-18,5.82,0.0,0.0,0.0,45.0,60,33,310,12.1
2015-10-19,18.79,0.0,0.0,0.0,55.0,73,47,210,28.0
2015-10-20,10.07,0.11,0.0,0.0,64.0,74,57,210,19.9
2015-10-21,10.74,0.01,0.0,0.0,63.0,75,52,230,21.9
2015-10-22,7.16,0.0,0.0,0.0,60.0,62,51,30,13.0
2015-10-23,11.63,0.16,0.0,0.0,55.0,64,52,130,18.1
2015-10-24,14.32,0.3,0.0,0.0,62.0,66,46,270,25.9
2015-10-25,4.03,0.0,0.0,0.0,51.0,62,41,330,13.0
2015-10-26,5.82,0.0,0.0,0.0,49.0,61,37,110,14.1
2015-10-27,13.42,0.49,0.0,0.0,53.0,56,50,110,25.9
2015-10-28,14.99,0.33,0.0,0.0,53.0,56,37,280,31.1
2015-10-29,15.43,0.0,0.0,0.0,41.0,47,36,270,28.0
2015-10-30,6.71,0.0,0.0,0.0,45.0,56,36,180,15.0
2015-10-31,11.41,0.77,0.0,0.0,47.0,52,45,270,21.9
2015-11-01,10.29,0.0,0.0,0.0,53.0,63,44,250,19.9
2015-11-02,10.51,0.0,0.0,0.0,58.0,72,47,210,21.9
2015-11-03,6.26,0.0,0.0,0.0,58.0,70,44,180,17.0
2015-11-04,8.28,0.0,0.0,0.0,58.0,71,48,200,18.1
2015-11-05,16.11,0.0,0.0,0.0,64.0,70,59,200,31.1
2015-11-06,14.76,0.16,0.0,0.0,56.0,65,41,270,30.0
2015-11-07,9.62,0.0,0.0,0.0,44.0,53,35,290,21.9
2015-11-08,4.25,0.0,0.0,0.0,41.0,52,28,210,13.0
2015-11-09,2.24,0.0,0.0,0.0,42.0,56,29,90,10.1
2015-11-10,3.8,0.0,0.0,0.0,45.0,56,32,230,10.1
2015-11-11,14.32,0.42,0.0,0.0,48.0,63,36,170,36.0
2015-11-12,23.49,0.0,0.0,0.0,48.0,56,42,250,36.0
2015-11-13,15.21,0.0,0.0,0.0,42.0,47,32,290,31.1
2015-11-14,8.5,0.0,0.0,0.0,39.0,57,25,200,21.0
2015-11-15,10.29,0.0,0.0,0.0,53.0,64,44,220,19.9
2015-11-16,12.08,0.12,0.0,0.0,52.0,57,43,180,23.9
2015-11-17,17.67,0.63,0.0,0.0,51.0,61,47,170,28.0
2015-11-18,20.8,0.2,0.0,0.0,58.0,62,47,190,38.0
2015-11-19,18.79,0.0,0.0,0.0,45.0,47,35,250,33.1
2015-11-20,8.5,0.28,4.2,0.0,36.0,40,31,280,17.0
2015-11-21,12.08,1.16,7.0,5.1,32.0,33,18,340,29.1
2015-11-22,8.95,0.0,0.0,7.1,19.0,27,7,180,18.1
2015-11-23,9.17,0.0,0.0,7.1,28.0,37,25,250,14.1
2015-11-24,6.71,0.0,0.0,5.1,32.0,41,21,140,14.1
2015-11-25,14.99,0.0,0.0,3.9,38.0,52,29,190,25.9
2015-11-26,15.66,0.42,0.0,0.0,52.0,60,48,210,23.9
2015-11-27,15.66,0.84,0.0,0.0,45.0,56,34,20,25.1
2015-11-28,10.07,0.0,0.0,0.0,35.0,38,30,20,17.0
2015-11-29,7.61,0.0,0.0,0.0,33.0,41,25,50,14.1
2015-11-30,10.74,0.26,0.0,0.0,40.0,44,38,120,23.0
2015-12-01,10.51,0.18,0.0,0.0,42.0,43,37,240,21.0
2015-12-02,8.5,0.21,1.3,0.0,35.0,38,31,310,17.0
2015-12-03,10.74,0.0,0.0,0.0,33.0,35,30,260,17.0
2015-12-04,8.5,0.0,0.0,0.0,37.0,47,32,230,17.0
2015-12-05,7.83,0.0,0.0,0.0,36.0,46,29,170,13.0
2015-12-06,5.14,0.0,0.0,0.0,36.0,47,27,140,12.1
2015-12-07,6.93,0.0,0.0,0.0,34.0,39,27,180,18.1
2015-12-08,10.96,0.0,0.0,0.0,40.0,47,38,190,18.1
2015-12-09,8.28,0.0,0.0,0.0,46.0,52,40,250,16.1
2015-12-10,17.0,0.0,0.0,0.0,48.0,57,41,250,35.1
2015-12-11,7.61,0.0,0.0,0.0,46.0,51,41,250,17.0
2015-12-12,3.36,0.0,0.0,0.0,50.0,57,47,70,10.1
2015-12-13,13.65,0.85,0.0,0.0,55.0,61,48,190,28.0
2015-12-14,15.88,0.39,0.0,0.0,55.0,61,42,220,35.1
2015-12-15,9.84,0.0,0.0,0.0,41.0,43,39,150,18.1
2015-12-16,16.33,0.12,0.0,0.0,43.0,53,35,260,25.9
2015-12-17,14.32,0.0,0.0,0.0,33.0,35,28,260,23.9
2015-12-18,13.2,0.0,0.2,0.0,28.0,32,24,290,29.1
2015-12-19,11.41,0.0,0.0,0.0,23.0,30,15,280,21.0
2015-12-20,16.33,0.03,0.0,0.0,34.0,50,23,200,28.0
2015-12-21,11.63,0.67,0.0,0.0,46.0,52,41,210,23.0
2015-12-22,8.95,0.02,0.0,0.0,39.0,41,35,150,21.0
2015-12-23,17.22,0.49,0.0,0.0,47.0,59,40,250,38.9
2015-12-24,11.63,0.0,0.0,0.0,42.0,42,34,260,31.1
2015-12-25,8.05,0.0,0.0,0.0,38.0,44,32,50,17.0
2015-12-26,10.07,0.21,0.0,0.0,39.0,42,37,100,23.0
2015-12-27,17.22,0.14,0.0,0.0,38.0,40,35,20,25.1
2015-12-28,19.01,1.47,1.9,0.0,33.0,39,31,60,31.1
2015-12-29,11.41,0.0,0.0,1.2,33.0,39,29,230,21.0
2015-12-30,8.72,0.09,1.1,1.2,29.0,29,27,260,15.0
2015-12-31,13.42,0.0,0.0,1.0,26.0,28,22,260,19.9
2016-01-01,14.32,0.0,0.0,1.0,23.0,31,19,260,21.9
2016-01-02,12.08,0.0,0.0,1.2,27.0,32,20,260,23.0
2016-01-03,11.63,0.0,0.0,1.2,27.0,29,22,340,21.0
2016-01-04,10.07,0.0,0.0,1.2,27.0,31,22,340,19.9
2016-01-05,10.07,0.0,0.0,1.2,26.0,33,17,210,21.0
2016-01-06,8.72,0.0,0.0,1.2,28.0,36,21,200,16.1
2016-01-07,7.38,0.01,0.0,1.2,36.0,41,34,140,13.0
2016-01-08,6.49,0.19,0.0,0.0,38.0,42,36,130,10.1
2016-01-09,9.84,0.27,1.7,0.0,37.0,40,23,330,25.9
2016-01-10,17.67,0.0,0.0,1.2,19.0,23,2,330,28.0
2016-01-11,9.62,0.11,3.1,1.2,5.0,24,-1,250,25.9
2016-01-12,16.33,0.01,0.1,3.1,14.0,20,3,310,25.9
2016-01-13,9.4,0.0,0.1,3.1,7.0,25,-2,220,18.1
2016-01-14,10.51,0.0,0.0,2.0,31.0,44,24,190,21.0
2016-01-15,13.42,0.01,0.0,0.0,40.0,43,30,340,23.0
2016-01-16,13.87,0.0,0.0,0.0,28.0,30,9,290,25.1
2016-01-17,16.11,0.0,0.0,0.0,8.0,8,-1,300,23.9
2016-01-18,14.09,0.0,0.0,0.0,1.0,7,-4,300,19.9
2016-01-19,5.82,0.0,0.0,0.0,6.0,17,0,300,15.0
2016-01-20,3.58,0.05,0.9,0.0,17.0,23,12,250,8.9
2016-01-21,3.13,0.0,0.0,0.0,19.0,29,9,70,8.1
2016-01-22,10.51,0.02,0.4,0.0,24.0,30,19,50,17.0
2016-01-23,6.26,0.0,0.0,0.0,28.0,33,20,340,14.1
2016-01-24,8.5,0.0,0.0,0.0,27.0,34,24,210,19.9
2016-01-25,10.29,0.13,0.0,0.0,31.0,41,24,250,25.1
2016-01-26,16.55,0.02,0.0,0.0,33.0,36,24,270,28.0
2016-01-27,13.2,0.0,0.0,0.0,28.0,34,23,210,29.1
2016-01-28,15.21,0.0,0.0,0.0,34.0,39,29,340,21.9
2016-01-29,10.51,0.0,0.0,0.0,28.0,35,20,190,23.0
2016-01-30,8.5,0.0,0.0,0.0,38.0,46,35,190,19.9
2016-01-31,8.5,0.02,0.0,0.0,42.0,48,33,290,18.1
2016-02-01,4.92,0.0,0.0,0.0,36.0,45,30,280,10.1
2016-02-02,11.41,0.79,0.0,0.0,35.0,38,32,100,33.1
2016-02-03,13.42,0.02,0.0,0.0,36.0,37,28,280,23.0
2016-02-04,9.4,0.0,0.0,0.0,27.0,32,19,280,16.1
2016-02-05,6.71,0.0,0.0,0.0,29.0,34,25,330,17.0
2016-02-06,8.5,0.0,0.0,0.0,31.0,41,24,250,17.0
2016-02-07,12.97,0.0,0.0,0.0,38.0,43,32,250,21.9
2016-02-08,11.18,0.02,0.4,0.0,31.0,32,20,320,19.9
2016-02-09,14.54,0.02,0.6,1.2,19.0,21,13,320,19.9
2016-02-10,11.41,0.0,0.0,1.2,14.0,18,9,320,21.0
2016-02-11,7.16,0.0,0.0,0.0,13.0,21,7,340,15.0
2016-02-12,17.0,0.0,0.0,0.0,19.0,23,7,320,30.0
2016-02-13,8.95,0.0,0.0,0.0,9.0,17,2,330,21.0
2016-02-14,11.86,0.1,2.3,0.0,14.0,18,9,130,21.9
2016-02-15,6.71,0.01,0.1,2.0,21.0,27,18,260,12.1
2016-02-16,4.7,0.04,0.4,2.0,27.0,33,24,300,14.1
2016-02-17,6.49,0.0,0.0,1.2,28.0,34,21,50,13.0
2016-02-18,15.21,0.0,0.0,0.0,30.0,42,23,170,25.9
2016-02-19,26.62,0.0,0.0,0.0,47.0,62,41,250,45.0
2016-02-20,12.08,0.0,0.0,0.0,49.0,57,38,270,21.9
2016-02-21,9.17,0.0,0.0,0.0,40.0,41,29,40,17.0
2016-02-22,3.8,0.0,0.0,0.0,35.0,44,26,70,13.0
2016-02-23,6.71,0.0,0.0,0.0,36.0,45,26,40,17.0
2016-02-24,22.82,0.15,1.7,0.0,35.0,36,32,20,32.0
2016-02-25,16.55,0.0,0.0,0.0,33.0,37,31,330,28.0
2016-02-26,9.4,0.0,0.0,0.0,31.0,33,24,260,15.0
2016-02-27,14.99,0.0,0.0,0.0,37.0,54,28,250,23.9
2016-02-28,19.91,0.08,0.0,0.0,52.0,62,36,320,31.1
2016-02-29,14.99,0.0,0.0,0.0,41.0,52,28,310,23.9
2016-03-01,17.0,0.1,1.0,0.0,28.0,30,18,330,25.9
2016-03-02,6.71,0.0,0.0,1.2,21.0,32,11,240,15.0
2016-03-03,8.72,0.07,0.8,1.2,30.0,33,27,20,15.0
2016-03-04,7.16,0.07,0.8,0.0,30.0,39,20,160,18.1
2016-03-05,7.83,0.0,0.0,1.2,33.0,39,29,340,15.0
2016-03-06,14.32,0.0,0.0,0.0,39.0,52,33,190,25.9
2016-03-07,13.42,0.03,0.0,0.0,51.0,63,44,200,23.0
2016-03-08,16.78,0.0,0.0,0.0,62.0,70,58,220,25.9
2016-03-09,10.07,0.18,0.0,0.0,61.0,63,48,200,21.9
2016-03-10,7.16,0.0,0.0,0.0,49.0,51,37,10,13.0
2016-03-11,5.37,0.0,0.0,0.0,43.0,55,34,80,12.1
2016-03-12,4.7,0.0,0.0,0.0,43.0,59,33,80,12.1
2016-03-13,9.17,0.66,0.0,0.0,47.0,48,43,70,19.9
2016-03-14,4.92,0.01,0.0,0.0,47.0,55,43,330,14.1
2016-03-15,12.53,0.14,0.0,0.0,49.0,58,46,110,28.0
2016-03-16,23.26,0.04,0.0,0.0,53.0,56,45,260,40.9
2016-03-17,15.43,0.0,0.0,0.0,47.0,56,40,270,30.0
2016-03-18,9.17,0.0,0.0,0.0,41.0,49,32,290,16.1
2016-03-19,8.72,0.0,0.0,0.0,38.0,46,35,60,17.0
2016-03-20,8.05,0.0,0.0,0.0,37.0,44,30,40,18.1
2016-03-21,7.16,0.0,0.0,0.0,38.0,49,28,240,14.1
2016-03-22,11.63,0.0,0.0,0.0,48.0,63,40,210,23.0
2016-03-23,14.54,0.11,0.0,0.0,42.0,42,36,40,21.0
2016-03-24,14.99,1.09,0.0,0.0,37.0,39,30,350,23.9
2016-03-25,6.71,0.0,0.0,0.0,35.0,48,28,90,13.0
2016-03-26,7.83,0.0,0.0,0.0,40.0,54,31,100,15.0
2016-03-27,9.62,0.32,0.0,0.0,47.0,63,36,320,21.0
2016-03-28,10.29,0.0,0.0,0.0,45.0,53,35,300,21.0
2016-03-29,6.71,0.0,0.0,0.0,44.0,58,31,130,17.0
2016-03-30,16.11,0.13,0.0,0.0,49.0,62,42,190,28.0
2016-03-31,17.22,0.39,0.0,0.0,60.0,67,44,200,36.0
2016-04-01,9.17,0.08,0.0,0.0,45.0,49,35,290,25.9
2016-04-02,17.9,0.02,0.3,0.0,35.0,40,27,330,42.9
2016-04-03,17.0,0.0,0.0,0.0,40.0,71,26,240,35.1
2016-04-04,13.42,0.0,0.0,0.0,41.0,38,29,10,23.9
2016-04-05,10.51,0.02,0.0,0.0,33.0,45,24,140,23.0
2016-04-06,10.51,0.31,0.0,0.0,44.0,50,40,330,23.0
2016-04-07,14.32,0.06,0.1,0.0,40.0,41,33,330,23.0
2016-04-08,14.09,0.1,0.7,0.0,37.0,41,26,300,32.0
2016-04-09,12.3,0.0,0.0,0.0,30.0,38,22,340,21.9
2016-04-10,14.99,0.1,0.0,0.0,37.0,50,33,200,25.1
2016-04-11,12.3,0.0,0.0,0.0,48.0,51,36,290,23.9
2016-04-12,8.05,0.0,0.0,0.0,40.0,47,30,100,15.0
2016-04-13,7.16,0.0,0.0,0.0,43.0,56,34,100,17.0
2016-04-14,8.05,0.0,0.0,0.0,48.0,61,37,100,16.1
2016-04-15,7.83,0.0,0.0,0.0,53.0,68,42,70,14.1
2016-04-16,6.71,0.0,0.0,0.0,58.0,76,41,70,15.0
2016-04-17,5.37,0.0,0.0,0.0,62.0,79,45,100,18.1
2016-04-18,4.92,0.0,0.0,0.0,66.0,83,49,40,15.0
2016-04-19,11.41,0.0,0.0,0.0,54.0,57,46,40,21.0
2016-04-20,9.62,0.48,0.0,0.0,58.0,71,51,190,18.1
2016-04-21,7.16,0.01,0.0,0.0,62.0,70,50,240,30.0
2016-04-22,11.86,0.0,0.0,0.0,51.0,54,41,10,25.1
2016-04-23,7.38,0.0,0.0,0.0,48.0,60,38,100,13.0
2016-04-24,8.95,0.0,0.0,0.0,56.0,78,41,190,18.1
2016-04-25,12.53,0.08,0.0,0.0,69.0,83,58,210,25.1
2016-04-26,13.65,0.0,0.0,0.0,53.0,68,42,30,23.0
2016-04-27,14.09,0.47,0.0,0.0,44.0,49,41,50,23.0
2016-04-28,10.51,0.45,0.0,0.0,45.0,50,42,70,21.9
2016-04-29,8.95,0.01,0.0,0.0,44.0,51,41,40,17.0
2016-04-30,13.42,0.61,0.0,0.0,45.0,48,43,60,23.0
2016-05-01,12.08,0.51,0.0,0.0,45.0,49,42,40,17.0
2016-05-02,10.51,0.0,0.0,0.0,49.0,59,42,50,18.1
2016-05-03,9.4,0.0,0.0,0.0,53.0,67,40,260,18.1
2016-05-04,13.87,0.4,0.0,0.0,52.0,57,42,20,29.1
2016-05-05,9.17,0.0,0.0,0.0,49.0,61,41,360,21.9
2016-05-06,7.83,0.0,0.0,0.0,59.0,82,42,290,16.1
2016-05-07,12.75,0.02,0.0,0.0,65.0,70,44,20,32.0
2016-05-08,5.82,0.0,0.0,0.0,55.0,71,41,190,14.1
2016-05-09,12.97,0.59,0.0,0.0,56.0,58,50,120,25.1
2016-05-10,8.95,0.79,0.0,0.0,54.0,63,51,120,21.0
2016-05-11,6.71,0.19,0.0,0.0,58.0,69,51,60,13.0
2016-05-12,10.74,0.48,0.0,0.0,61.0,70,53,290,23.0
2016-05-13,10.29,0.68,0.0,0.0,58.0,66,43,330,29.1
2016-05-14,13.87,0.0,0.0,0.0,46.0,47,41,310,23.9
2016-05-15,9.84,0.0,0.0,0.0,45.0,55,35,330,21.9
2016-05-16,13.87,0.0,0.0,0.0,56.0,70,46,240,23.0
2016-05-17,9.62,0.0,0.0,0.0,54.0,57,44,20,19.9
2016-05-18,6.93,0.0,0.0,0.0,52.0,65,41,50,15.0
2016-05-19,5.14,0.0,0.0,0.0,55.0,69,39,50,14.1
2016-05-20,6.93,0.0,0.0,0.0,58.0,68,44,40,15.0
2016-05-21,8.28,0.0,0.0,0.0,62.0,75,53,40,21.0
2016-05-22,8.28,0.0,0.0,0.0,66.0,77,53,40,14.1
2016-05-23,6.71,0.0,0.0,0.0,66.0,81,48,150,18.1
2016-05-24,10.96,0.0,0.0,0.0,72.0,86,60,190,21.9
2016-05-25,9.62,0.95,0.0,0.0,76.0,86,64,220,32.0
2016-05-26,8.28,0.0,0.0,0.0,71.0,83,62,210,16.1
2016-05-27,11.63,0.13,0.0,0.0,74.0,81,66,180,28.0
2016-05-28,14.54,0.13,0.0,0.0,73.0,81,64,200,23.9
2016-05-29,10.96,0.0,0.0,0.0,72.0,79,63,240,21.9
2016-05-30,6.71,0.0,0.0,0.0,74.0,87,63,320,16.1
2016-05-31,8.28,0.56,0.0,0.0,73.0,83,63,260,29.1
2016-06-01,6.49,0.42,0.0,0.0,68.0,79,62,120,14.1
2016-06-02,6.93,0.0,0.0,0.0,70.0,79,57,260,17.0
2016-06-03,3.8,0.0,0.0,0.0,70.0,84,55,140,12.1
2016-06-04,6.93,0.41,0.0,0.0,69.0,72,62,190,15.0
2016-06-05,12.3,0.05,0.0,0.0,68.0,79,61,260,23.0
2016-06-06,12.53,0.0,0.0,0.0,71.0,82,59,300,25.9
2016-06-07,10.07,0.0,0.0,0.0,63.0,67,51,310,17.0
2016-06-08,7.16,0.0,0.0,0.0,61.0,70,52,60,15.0
2016-06-09,6.71,0.21,0.0,0.0,61.0,72,53,40,15.0
2016-06-10,9.62,0.1,0.0,0.0,74.0,90,63,230,21.9
2016-06-11,8.28,0.0,0.0,0.0,82.0,91,71,230,17.0
2016-06-12,13.2,0.0,0.0,0.0,71.0,79,59,20,25.9
2016-06-13,4.92,0.02,0.0,0.0,68.0,86,54,40,15.0
2016-06-14,9.4,0.0,0.0,0.0,74.0,87,64,150,18.1
2016-06-15,9.62,0.3,0.0,0.0,78.0,90,68,230,23.9
2016-06-16,11.86,0.0,0.0,0.0,74.0,77,63,330,21.9
2016-06-17,8.5,0.0,0.0,0.0,71.0,85,61,50,15.0
2016-06-18,5.37,0.0,0.0,0.0,74.0,87,58,80,16.1
2016-06-19,7.38,0.0,0.0,0.0,78.0,89,62,240,17.0
2016-06-20,14.09,0.0,0.0,0.0,83.0,93,70,260,23.9
2016-06-21,8.72,0.0,0.0,0.0,76.0,84,64,270,21.0
2016-06-22,7.83,1.31,0.0,0.0,72.0,76,67,50,36.0
2016-06-23,7.83,0.0,0.0,0.0,70.0,78,64,20,16.1
2016-06-24,7.38,0.0,0.0,0.0,71.0,82,62,120,15.0
2016-06-25,9.62,0.0,0.0,0.0,77.0,89,65,190,18.1
2016-06-26,9.17,0.03,0.0,0.0,81.0,90,72,310,17.0
2016-06-27,10.51,0.0,0.0,0.0,80.0,90,69,310,23.9
2016-06-28,10.96,0.0,0.0,0.0,68.0,71,57,20,21.0
2016-06-29,5.82,0.0,0.0,0.0,67.0,81,55,100,14.1
2016-06-30,7.16,0.0,0.0,0.0,69.0,78,57,190,17.0
2016-07-01,9.62,0.0,0.0,0.0,69.0,72,59,10,19.9
2016-07-02,4.03,0.0,0.0,0.0,65.0,76,54,90,17.0
2016-07-03,8.5,0.0,0.0,0.0,68.0,77,55,100,18.1
2016-07-04,6.49,0.0,0.0,0.0,71.0,79,66,100,13.0
2016-07-05,7.61,0.0,0.0,0.0,76.0,87,66,250,14.1
2016-07-06,8.95,0.87,0.0,0.0,77.0,88,67,330,42.9
2016-07-07,5.82,1.05,0.0,0.0,77.0,84,70,30,18.1
2016-07-08,11.41,0.0,0.0,0.0,76.0,86,68,270,25.1
2016-07-09,9.4,0.0,0.0,0.0,73.0,79,65,330,18.1
2016-07-10,4.92,0.0,0.0,0.0,72.0,82,60,160,16.1
2016-07-11,11.63,0.0,0.0,0.0,78.0,90,69,190,21.9
2016-07-12,11.86,0.0,0.0,0.0,81.0,88,74,260,21.0
2016-07-13,10.29,0.06,0.0,0.0,78.0,84,68,150,25.9
2016-07-14,14.09,0.0,0.0,0.0,76.0,88,67,250,30.0
2016-07-15,8.28,0.14,0.0,0.0,71.0,75,60,20,15.0
2016-07-16,5.82,0.0,0.0,0.0,67.0,77,57,100,15.0
2016-07-17,10.96,0.25,0.0,0.0,71.0,83,61,170,25.1
2016-07-18,5.37,0.0,0.0,0.0,79.0,88,71,260,13.0
2016-07-19,4.92,0.0,0.0,0.0,79.0,91,68,120,14.1
2016-07-20,6.26,0.0,0.0,0.0,79.0,88,69,240,13.0
2016-07-21,9.17,1.03,0.0,0.0,81.0,91,72,40,28.0
2016-07-22,6.93,0.01,0.0,0.0,79.0,90,72,180,28.0
2016-07-23,6.71,1.11,0.0,0.0,85.0,91,70,20,32.0
2016-07-24,11.63,0.94,0.0,0.0,78.0,93,71,100,29.1
2016-07-25,6.71,0.0,0.0,0.0,79.0,89,72,340,14.1
2016-07-26,4.03,0.0,0.0,0.0,79.0,88,69,100,12.1
2016-07-27,4.25,0.0,0.0,0.0,79.0,89,68,50,14.1
2016-07-28,5.82,0.66,0.0,0.0,77.0,84,70,40,17.0
2016-07-29,8.5,0.11,0.0,0.0,73.0,81,70,40,17.0
2016-07-30,8.95,0.0,0.0,0.0,72.0,78,68,50,16.1
2016-07-31,6.49,0.0,0.0,0.0,73.0,81,65,50,13.0
2016-08-01,6.04,0.0,0.0,0.0,75.0,84,65,60,15.0
2016-08-02,5.37,0.0,0.0,0.0,77.0,87,67,100,14.1
2016-08-03,3.58,0.0,0.0,0.0,80.0,90,69,100,14.1
2016-08-04,6.26,0.02,0.0,0.0,81.0,91,70,280,25.9
2016-08-05,7.83,0.0,0.0,0.0,78.0,86,72,320,16.1
2016-08-06,6.71,0.0,0.0,0.0,76.0,84,66,20,14.1
2016-08-07,6.04,0.0,0.0,0.0,75.0,83,62,50,15.0
2016-08-08,9.62,0.0,0.0,0.0,77.0,84,72,90,16.1
2016-08-09,5.14,0.0,0.0,0.0,78.0,88,67,270,12.1
2016-08-10,4.92,0.0,0.0,0.0,80.0,89,69,120,15.0
2016-08-11,8.95,0.0,0.0,0.0,82.0,92,73,190,25.9
2016-08-12,6.26,0.96,0.0,0.0,80.0,83,74,260,17.0
2016-08-13,9.17,0.0,0.0,0.0,77.0,84,72,300,19.9
2016-08-14,4.25,0.0,0.0,0.0,77.0,87,65,320,13.0
2016-08-15,8.5,0.0,0.0,0.0,74.0,78,67,100,19.9
2016-08-16,6.93,0.02,0.0,0.0,76.0,88,71,330,13.0
2016-08-17,6.04,0.05,0.0,0.0,77.0,88,70,260,17.0
2016-08-18,6.93,0.75,0.0,0.0,77.0,85,70,290,21.9
2016-08-19,8.72,0.07,0.0,0.0,75.0,84,66,300,29.1
2016-08-20,11.41,0.47,0.0,0.0,75.0,80,63,280,29.1
2016-08-21,9.84,0.0,0.0,0.0,66.0,76,58,320,19.9
2016-08-22,4.92,0.0,0.0,0.0,67.0,78,56,170,14.1
2016-08-23,11.86,0.0,0.0,0.0,71.0,81,60,190,19.9
2016-08-24,10.74,0.23,0.0,0.0,75.0,84,70,190,25.1
2016-08-25,6.26,0.09,0.0,0.0,76.0,85,67,320,13.0
2016-08-26,6.93,0.14,0.0,0.0,72.0,81,66,60,14.1
2016-08-27,6.93,0.84,0.0,0.0,74.0,84,67,200,15.0
2016-08-28,6.49,0.0,0.0,0.0,77.0,83,71,90,15.0
2016-08-29,4.92,0.43,0.0,0.0,76.0,86,70,10,17.0
2016-08-30,4.25,0.19,0.0,0.0,76.0,84,70,10,25.1
2016-08-31,11.18,0.0,0.0,0.0,73.0,76,63,20,21.9
2016-09-01,11.86,0.0,0.0,0.0,67.0,73,62,20,23.9
2016-09-02,8.28,0.0,0.0,0.0,68.0,74,62,30,16.1
2016-09-03,5.82,0.0,0.0,0.0,68.0,76,56,100,13.0
2016-09-04,7.61,0.0,0.0,0.0,69.0,80,59,170,17.0
2016-09-05,9.17,0.0,0.0,0.0,73.0,87,62,190,23.0
2016-09-06,10.07,0.0,0.0,0.0,82.0,91,75,240,21.0
2016-09-07,9.84,0.39,0.0,0.0,83.0,89,74,280,29.1
2016-09-08,8.05,0.05,0.0,0.0,76.0,82,70,260,18.1
2016-09-09,5.14,0.0,0.0,0.0,74.0,81,63,170,18.1
2016-09-10,10.96,0.01,0.0,0.0,69.0,73,59,320,25.9
2016-09-11,5.82,0.0,0.0,0.0,65.0,76,51,240,13.0
2016-09-12,8.72,0.0,0.0,0.0,67.0,79,54,200,19.9
2016-09-13,8.72,0.0,0.0,0.0,72.0,85,65,280,16.1
2016-09-14,8.05,0.09,0.0,0.0,69.0,74,64,70,14.1
2016-09-15,8.05,0.0,0.0,0.0,68.0,78,60,100,16.1
2016-09-16,12.08,0.01,0.0,0.0,72.0,83,65,180,23.9
2016-09-17,8.72,0.04,0.0,0.0,74.0,82,62,260,19.9
2016-09-18,3.8,0.0,0.0,0.0,69.0,81,57,160,8.9
2016-09-19,8.28,0.0,0.0,0.0,71.0,88,56,200,19.9
2016-09-20,8.05,0.0,0.0,0.0,75.0,83,66,100,16.1
2016-09-21,6.71,0.55,0.0,0.0,70.0,74,65,130,30.0
2016-09-22,4.7,0.0,0.0,0.0,71.0,81,64,190,13.0
2016-09-23,10.07,0.0,0.0,0.0,72.0,73,67,30,17.0
2016-09-24,8.5,0.0,0.0,0.0,69.0,74,66,70,14.1
2016-09-25,10.51,0.01,0.0,0.0,72.0,85,63,300,23.0
2016-09-26,14.54,0.0,0.0,0.0,66.0,69,56,260,29.1
2016-09-27,14.09,0.0,0.0,0.0,60.0,70,51,260,28.0
2016-09-28,12.3,0.31,0.0,0.0,56.0,60,50,50,28.0
2016-09-29,15.88,0.2,0.0,0.0,61.0,65,59,20,23.9
2016-09-30,11.41,0.1,0.0,0.0,62.0,64,60,40,19.9
2016-10-01,6.71,0.94,0.0,0.0,61.0,64,57,320,14.1
2016-10-02,6.04,0.03,0.0,0.0,60.0,65,56,310,12.1
2016-10-03,4.7,0.0,0.0,0.0,62.0,67,57,130,8.9
2016-10-04,8.72,0.0,0.0,0.0,65.0,75,60,100,16.1
2016-10-05,9.62,0.0,0.0,0.0,69.0,80,59,190,19.9
2016-10-06,6.04,0.25,0.0,0.0,66.0,74,58,170,15.0
2016-10-07,10.74,0.0,0.0,0.0,65.0,70,47,300,21.9
2016-10-08,6.26,0.0,0.0,0.0,52.0,65,40,310,18.1
2016-10-09,7.61,0.0,0.0,0.0,56.0,63,47,100,16.1
2016-10-10,6.26,0.0,0.0,0.0,56.0,71,45,150,12.1
2016-10-11,10.07,0.0,0.0,0.0,63.0,73,54,190,23.0
2016-10-12,13.87,0.14,0.0,0.0,62.0,69,45,330,23.9
2016-10-13,4.25,0.0,0.0,0.0,48.0,57,38,330,15.0
2016-10-14,7.61,0.0,0.0,0.0,50.0,66,38,180,18.1
2016-10-15,13.65,0.0,0.0,0.0,58.0,70,53,190,25.9
2016-10-16,8.5,0.29,0.0,0.0,69.0,72,65,200,18.1
2016-10-17,18.57,0.0,0.0,0.0,72.0,82,67,190,31.1
2016-10-18,10.51,0.0,0.0,0.0,74.0,76,55,210,25.9
2016-10-19,3.8,0.02,0.0,0.0,60.0,71,49,50,14.1
2016-10-20,13.65,0.0,0.0,0.0,55.0,56,45,10,21.9
2016-10-21,12.08,0.0,0.0,0.0,48.0,54,37,340,19.9
2016-10-22,6.71,0.0,0.0,0.0,47.0,60,37,200,15.0
2016-10-23,10.74,0.0,0.0,0.0,55.0,73,41,330,25.1
2016-10-24,7.16,0.0,0.0,0.0,54.0,59,39,10,18.1
2016-10-25,6.71,0.0,0.0,0.0,46.0,54,36,110,17.0
2016-10-26,12.75,1.6,0.0,0.0,48.0,51,45,120,30.0
2016-10-27,6.93,0.0,0.0,0.0,48.0,51,42,330,18.1
2016-10-28,12.08,0.0,0.0,0.0,49.0,65,38,190,23.9
2016-10-29,10.74,0.0,0.0,0.0,66.0,71,56,230,21.0
2016-10-30,9.62,0.5,0.0,0.0,54.0,56,41,320,21.0
2016-10-31,9.62,0.0,0.0,0.0,48.0,61,38,180,19.9
2016-11-01,8.95,0.0,0.0,0.0,65.0,75,61,190,21.0
2016-11-02,6.93,0.18,0.0,0.0,62.0,65,55,10,18.1
2016-11-03,5.14,0.0,0.0,0.0,56.0,67,48,20,13.0
2016-11-04,4.25,0.0,0.0,0.0,53.0,63,40,280,12.1
2016-11-05,6.93,0.0,0.0,0.0,55.0,68,43,250,14.1
2016-11-06,3.13,0.0,0.0,0.0,56.0,69,42,200,8.9
2016-11-07,5.82,0.0,0.0,0.0,54.0,66,42,200,13.0
2016-11-08,9.84,0.03,0.0,0.0,56.0,63,49,10,21.0
2016-11-09,7.61,0.0,0.0,0.0,49.0,58,41,350,16.1
2016-11-10,13.42,0.0,0.0,0.0,49.0,63,41,240,23.9
2016-11-11,12.75,0.0,0.0,0.0,50.0,52,37,20,25.9
2016-11-12,6.71,0.0,0.0,0.0,42.0,52,31,250,15.0
2016-11-13,10.07,0.0,0.0,0.0,45.0,56,35,240,19.9
2016-11-14,6.04,0.0,0.0,0.0,48.0,60,41,180,15.0
2016-11-15,4.03,0.0,0.0,0.0,46.0,54,38,270,8.9
2016-11-16,4.7,0.0,0.0,0.0,48.0,60,39,140,12.1
2016-11-17,14.54,0.0,0.0,0.0,55.0,72,44,190,23.0
2016-11-18,18.12,0.2,0.0,0.0,62.0,66,39,270,30.0
2016-11-19,18.12,0.01,0.0,0.0,38.0,39,28,300,31.1
2016-11-20,9.17,0.0,0.0,0.0,29.0,35,23,340,21.9
2016-11-21,4.47,0.0,0.0,0.0,30.0,41,22,70,10.1
2016-11-22,8.72,0.02,0.0,0.0,33.0,41,25,110,17.0
2016-11-23,9.62,0.21,0.0,0.0,40.0,44,37,130,17.0
2016-11-24,9.17,0.0,0.0,0.0,40.0,43,35,300,17.0
2016-11-25,8.05,0.0,0.0,0.0,37.0,42,31,280,16.1
2016-11-26,7.16,0.0,0.0,0.0,38.0,47,32,200,15.0
2016-11-27,10.29,0.05,0.0,0.0,38.0,44,32,160,23.0
2016-11-28,17.22,0.99,0.0,0.0,44.0,51,41,180,25.1
2016-11-29,13.2,0.0,0.0,0.0,50.0,57,44,200,21.9
2016-11-30,10.74,0.0,0.0,0.0,41.0,45,34,250,21.0
2016-12-01,13.42,0.0,0.0,0.0,38.0,41,35,270,23.0
2016-12-02,9.4,0.0,0.0,0.0,37.0,40,34,300,17.0
2016-12-03,5.59,0.0,0.0,0.0,33.0,34,29,300,14.1
2016-12-04,3.8,0.5,6.4,0.0,31.0,33,27,260,15.0
2016-12-05,9.4,0.0,0.0,5.1,32.0,34,31,270,21.0
2016-12-06,9.84,0.0,0.0,2.0,33.0,41,25,260,21.9
2016-12-07,16.11,0.0,0.0,0.0,26.0,27,22,280,29.1
2016-12-08,16.55,0.01,0.0,0.0,21.0,24,17,270,25.9
2016-12-09,9.84,0.0,0.0,0.0,23.0,25,18,260,14.1
2016-12-10,8.72,0.12,2.7,0.0,20.0,23,18,270,14.1
2016-12-11,9.62,0.44,5.1,3.1,26.0,33,23,280,18.1
2016-12-12,11.18,0.0,0.0,5.1,25.0,32,7,290,23.0
2016-12-13,9.62,0.0,0.1,5.1,15.0,22,2,340,17.0
2016-12-14,16.11,0.0,0.0,5.1,10.0,19,3,270,25.9
2016-12-15,10.96,0.0,0.0,3.9,4.0,9,-2,280,21.0
2016-12-16,9.4,0.13,1.2,3.9,12.0,20,7,140,17.0
2016-12-17,10.29,0.12,1.7,5.1,20.0,22,18,320,28.0
2016-12-18,12.75,0.03,0.5,5.9,11.0,18,-7,340,28.0
2016-12-19,12.08,0.0,0.0,5.9,-1.0,15,-13,210,19.9
2016-12-20,16.11,0.0,0.0,5.9,20.0,28,14,240,29.1
2016-12-21,8.5,0.0,0.0,5.1,26.0,36,19,240,17.0
2016-12-22,9.17,0.0,0.0,5.1,34.0,37,24,300,15.0
2016-12-23,7.83,0.1,0.0,3.1,31.0,35,27,180,14.1
2016-12-24,4.7,0.0,0.0,3.1,35.0,38,33,310,14.1
2016-12-25,14.09,0.09,0.0,2.0,33.0,39,32,100,21.9
2016-12-26,19.01,0.23,0.0,0.0,45.0,54,28,250,33.1
2016-12-27,10.96,0.0,0.0,0.0,28.0,28,19,280,21.9
2016-12-28,12.08,0.0,0.0,0.0,30.0,45,19,200,30.0
2016-12-29,17.67,0.0,0.0,0.0,34.0,35,30,290,25.9
2016-12-30,13.42,0.0,0.0,0.0,29.0,38,24,200,29.1
2016-12-31,13.2,0.0,0.0,0.0,35.0,40,23,210,25.1
2017-01-01,4.92,0.0,0.0,0.0,27.0,40,17,190,13.0
2017-01-02,6.26,0.11,0.0,0.0,34.0,40,25,70,15.0
2017-01-03,10.07,0.0,0.0,0.0,38.0,39,19,290,23.0
2017-01-04,17.0,0.0,0.0,0.0,18.0,19,7,280,25.1
2017-01-05,12.75,0.0,0.0,0.0,9.0,13,3,270,19.9
2017-01-06,10.07,0.0,0.0,0.0,4.0,9,0,260,16.1
2017-01-07,10.74,0.0,0.0,0.0,6.0,18,0,330,21.9
2017-01-08,9.62,0.0,0.0,0.0,9.0,19,2,200,21.0
2017-01-09,12.97,0.02,0.2,0.0,22.0,33,19,190,21.9
2017-01-10,23.26,0.2,0.0,0.0,38.0,51,25,260,40.0
2017-01-11,12.08,0.33,0.0,0.0,32.0,43,25,10,21.9
2017-01-12,11.18,0.05,0.2,0.0,26.0,28,19,20,17.0
2017-01-13,8.95,0.0,0.0,0.0,20.0,27,16,20,15.0
2017-01-14,4.7,0.0,0.0,0.0,29.0,35,21,330,8.9
2017-01-15,2.24,0.0,0.0,0.0,26.0,36,20,200,6.9
2017-01-16,5.82,0.9,0.0,0.0,33.0,37,30,100,12.1
2017-01-17,9.62,0.48,0.0,0.0,37.0,39,35,280,16.1
2017-01-18,9.62,0.0,0.0,0.0,35.0,36,30,240,16.1
2017-01-19,6.71,0.46,0.0,0.0,36.0,42,30,80,12.1
2017-01-20,5.82,0.18,0.0,0.0,39.0,43,38,60,13.0
2017-01-21,8.5,0.0,0.0,0.0,48.0,59,40,190,19.9
2017-01-22,5.37,0.01,0.0,0.0,43.0,46,38,10,14.1
2017-01-23,9.4,0.0,0.0,0.0,39.0,42,36,350,16.1
2017-01-24,7.16,0.0,0.0,0.0,37.0,38,34,100,15.0
2017-01-25,11.41,0.09,0.0,0.0,37.0,42,34,260,21.9
2017-01-26,13.42,0.0,0.0,0.0,33.0,34,30,310,21.9
2017-01-27,14.76,0.0,0.0,0.0,28.0,31,24,270,21.9
2017-01-28,11.63,0.0,0.0,0.0,27.0,29,24,280,19.9
2017-01-29,10.51,0.0,0.1,0.0,27.0,28,21,320,21.9
2017-01-30,10.07,0.01,0.1,0.0,22.0,37,15,190,23.0
2017-01-31,15.66,0.03,0.0,0.0,36.0,39,35,300,25.1
2017-02-01,12.3,0.0,0.0,0.0,35.0,38,21,280,23.0
2017-02-02,13.42,0.0,0.0,0.0,21.0,24,14,320,21.9
2017-02-03,10.51,0.0,0.0,0.0,19.0,28,14,290,19.9
2017-02-04,12.53,0.0,0.0,0.0,22.0,33,10,190,23.0
2017-02-05,8.72,0.0,0.0,0.0,33.0,38,24,320,18.1
2017-02-06,6.93,0.0,0.0,0.0,33.0,55,21,180,15.0
2017-02-07,10.51,0.47,0.0,0.0,44.0,50,32,290,25.1
2017-02-08,11.18,0.0,0.0,0.0,31.0,32,19,330,19.9
2017-02-09,11.63,0.0,0.0,0.0,19.0,25,13,320,21.0
2017-02-10,13.65,0.0,0.0,0.0,26.0,41,18,200,25.9
2017-02-11,6.71,0.0,0.0,0.0,41.0,49,34,20,16.1
2017-02-12,15.88,0.0,0.0,0.0,39.0,47,31,300,36.0
2017-02-13,10.29,0.0,0.0,0.0,35.0,44,25,250,19.9
2017-02-14,14.09,0.0,0.0,0.0,40.0,50,31,320,25.1
2017-02-15,11.18,0.0,0.0,0.0,33.0,35,26,330,21.0
2017-02-16,8.95,0.0,0.0,0.0,33.0,41,30,130,16.1
2017-02-17,8.05,0.0,0.0,0.0,43.0,67,27,200,19.9
2017-02-18,6.93,0.0,0.0,0.0,58.0,70,40,220,15.0
2017-02-19,3.8,0.0,0.0,0.0,51.0,69,35,100,13.0
2017-02-20,12.3,0.0,0.0,0.0,53.0,70,41,160,23.0
2017-02-21,6.49,0.04,0.0,0.0,60.0,66,49,200,18.1
2017-02-22,11.86,0.0,0.0,0.0,58.0,68,50,190,21.9
2017-02-23,12.53,0.21,0.0,0.0,52.0,59,38,30,23.0
2017-02-24,12.53,0.15,0.0,0.0,39.0,40,33,30,23.9
2017-02-25,13.87,0.0,0.0,0.0,29.0,33,23,310,23.9
2017-02-26,13.87,0.0,0.0,0.0,32.0,49,21,200,30.0
2017-02-27,7.38,0.0,0.0,0.0,41.0,54,27,200,16.1
2017-02-28,13.65,0.65,0.0,0.0,51.0,60,47,190,25.1
2017-03-01,14.09,0.12,0.0,0.0,47.0,54,32,300,29.1
2017-03-02,10.96,0.0,0.0,0.0,32.0,35,27,280,18.1
2017-03-03,10.29,0.0,0.0,0.0,27.0,33,21,320,23.0
2017-03-04,14.54,0.01,0.1,0.0,33.0,42,28,120,23.9
2017-03-05,14.54,0.0,0.0,0.0,41.0,60,32,200,23.0
2017-03-06,21.03,0.0,0.0,0.0,55.0,65,52,190,35.1
2017-03-07,19.24,0.24,0.0,0.0,55.0,65,44,250,36.0
2017-03-08,22.15,0.0,0.0,0.0,46.0,53,40,270,40.9
2017-03-09,6.93,0.0,0.0,0.0,39.0,42,29,340,19.9
2017-03-10,14.54,0.0,0.0,0.0,32.0,36,23,350,23.9
2017-03-11,8.5,0.0,0.0,0.0,24.0,32,18,340,17.0
2017-03-12,6.93,0.05,0.4,0.0,26.0,36,18,80,16.1
2017-03-13,10.51,0.24,3.9,2.0,29.0,31,27,30,18.1
2017-03-14,14.09,0.19,3.4,5.9,25.0,28,19,340,23.0
2017-03-15,11.41,0.0,0.0,2.0,24.0,33,16,310,21.0
2017-03-16,6.49,0.0,0.0,1.2,29.0,42,18,220,12.1
2017-03-17,10.29,0.03,0.0,0.0,38.0,50,36,290,28.0
2017-03-18,12.97,0.0,0.0,0.0,42.0,45,32,290,23.9
2017-03-19,8.5,0.0,0.0,0.0,41.0,53,29,190,23.9
2017-03-20,8.28,0.13,0.0,0.0,49.0,54,37,20,21.0
2017-03-21,12.3,0.0,0.0,0.0,44.0,54,33,30,25.1
2017-03-22,11.86,0.0,0.0,0.0,33.0,37,28,30,23.0
2017-03-23,12.75,0.02,0.0,0.0,37.0,50,29,170,25.9
2017-03-24,15.66,0.0,0.0,0.0,58.0,82,42,240,30.0
2017-03-25,11.63,0.71,0.0,0.0,43.0,47,41,40,19.9
2017-03-26,7.61,0.3,0.0,0.0,51.0,62,47,230,16.1
2017-03-27,7.38,0.0,0.0,0.0,50.0,52,42,50,14.1
2017-03-28,10.51,0.0,0.0,0.0,44.0,50,36,10,18.1
2017-03-29,11.86,0.11,0.0,0.0,41.0,49,35,60,21.0
2017-03-30,14.54,1.84,0.0,0.0,43.0,45,39,50,28.0
2017-03-31,14.54,0.02,0.0,0.0,39.0,44,36,10,23.0
2017-04-01,5.82,0.0,0.0,0.0,45.0,59,34,100,13.0
2017-04-02,6.04,0.0,0.0,0.0,50.0,61,42,140,17.0
2017-04-03,8.5,0.19,0.0,0.0,50.0,54,46,310,16.1
2017-04-04,8.72,0.02,0.0,0.0,49.0,56,43,340,16.1
2017-04-05,18.12,1.04,0.0,0.0,45.0,47,40,20,31.1
2017-04-06,17.0,0.29,0.0,0.0,43.0,51,38,360,30.0
2017-04-07,10.96,0.0,0.0,0.0,44.0,54,37,350,21.9
2017-04-08,13.87,0.0,0.0,0.0,50.0,68,37,170,25.1
2017-04-09,18.79,0.0,0.0,0.0,64.0,77,57,190,33.1
2017-04-10,13.87,0.32,0.0,0.0,69.0,78,41,200,36.0
2017-04-11,9.4,0.0,0.0,0.0,47.0,54,41,300,19.9
2017-04-12,7.16,0.0,0.0,0.0,48.0,59,38,80,16.1
2017-04-13,9.17,0.19,0.0,0.0,50.0,60,44,100,17.0
2017-04-14,9.4,0.06,0.0,0.0,54.0,66,47,160,16.1
2017-04-15,16.11,0.09,0.0,0.0,70.0,82,61,270,32.0
2017-04-16,11.63,0.59,0.0,0.0,68.0,73,52,290,23.0
2017-04-17,6.93,0.0,0.0,0.0,59.0,69,44,50,17.0
2017-04-18,11.41,0.0,0.0,0.0,55.0,76,41,190,25.9
2017-04-19,9.62,0.01,0.0,0.0,65.0,70,45,60,19.9
2017-04-20,14.99,0.0,0.0,0.0,56.0,73,48,260,29.1
2017-04-21,12.53,0.0,0.0,0.0,50.0,53,44,300,21.9
2017-04-22,8.5,0.0,0.0,0.0,50.0,60,38,30,16.1
2017-04-23,5.82,0.0,0.0,0.0,54.0,72,37,100,15.0
2017-04-24,7.61,0.0,0.0,0.0,55.0,73,40,130,19.9
2017-04-25,12.08,0.0,0.0,0.0,64.0,79,52,150,23.0
2017-04-26,11.41,0.22,0.0,0.0,69.0,74,60,180,23.0
2017-04-27,15.88,0.14,0.0,0.0,54.0,62,41,240,28.0
2017-04-28,7.61,0.0,0.0,0.0,48.0,60,40,40,18.1
2017-04-29,18.79,1.95,0.0,0.0,45.0,46,40,50,32.0
2017-04-30,13.42,1.32,0.0,0.0,44.0,47,42,20,21.0
2017-05-01,14.76,0.09,0.0,0.0,50.0,57,45,230,25.9
2017-05-02,14.76,0.01,0.0,0.0,46.0,51,41,260,25.1
2017-05-03,6.04,0.0,0.0,0.0,48.0,56,35,40,14.1
2017-05-04,11.18,0.0,0.0,0.0,49.0,54,43,40,21.0
2017-05-05,13.42,0.0,0.0,0.0,49.0,61,41,360,28.0
2017-05-06,12.53,0.11,0.0,0.0,51.0,58,44,360,23.9
2017-05-07,8.5,0.0,0.0,0.0,48.0,59,36,330,17.0
2017-05-08,6.93,0.02,0.0,0.0,46.0,57,34,60,15.0
2017-05-09,6.71,0.13,0.0,0.0,48.0,61,42,110,15.0
2017-05-10,7.61,0.87,0.0,0.0,55.0,67,44,30,19.9
2017-05-11,9.17,0.0,0.0,0.0,55.0,65,49,30,15.0
2017-05-12,6.04,0.0,0.0,0.0,59.0,73,45,40,15.0
2017-05-13,8.72,0.0,0.0,0.0,62.0,82,47,250,23.9
2017-05-14,7.83,0.0,0.0,0.0,62.0,71,51,30,18.1
2017-05-15,8.95,0.02,0.0,0.0,62.0,82,50,310,21.9
2017-05-16,14.54,0.0,0.0,0.0,74.0,87,61,190,29.1
2017-05-17,20.13,0.37,0.0,0.0,78.0,84,62,260,38.9
2017-05-18,19.01,0.0,0.0,0.0,74.0,78,48,250,35.1
2017-05-19,16.11,0.23,0.0,0.0,48.0,50,43,50,28.0
2017-05-20,10.51,0.34,0.0,0.0,51.0,64,48,100,21.9
2017-05-21,12.75,0.05,0.0,0.0,61.0,65,51,260,23.0
2017-05-22,12.75,0.01,0.0,0.0,58.0,73,48,230,23.0
2017-05-23,6.71,0.33,0.0,0.0,61.0,62,55,240,17.0
2017-05-24,14.09,0.17,0.0,0.0,57.0,62,53,20,23.0
2017-05-25,8.72,0.0,0.0,0.0,59.0,69,52,340,18.1
2017-05-26,7.61,0.53,0.0,0.0,60.0,71,52,80,16.1
2017-05-27,5.37,0.0,0.0,0.0,62.0,78,52,70,14.1
2017-05-28,6.93,0.0,0.0,0.0,68.0,77,56,270,19.9
2017-05-29,11.63,0.0,0.0,0.0,69.0,77,55,250,30.0
2017-05-30,11.63,0.0,0.0,0.0,64.0,74,54,280,23.9
2017-05-31,10.51,0.0,0.0,0.0,64.0,74,52,310,21.9
2017-06-01,4.7,0.0,0.0,0.0,66.0,81,51,100,14.1
2017-06-02,5.37,0.0,0.0,0.0,71.0,86,53,80,16.1
2017-06-03,6.04,0.0,0.0,0.0,73.0,84,57,260,21.9
2017-06-04,8.5,0.0,0.0,0.0,80.0,92,66,270,21.0
2017-06-05,14.09,0.0,0.0,0.0,70.0,75,59,20,25.1
2017-06-06,13.87,0.0,0.0,0.0,65.0,76,54,40,21.9
2017-06-07,8.05,0.0,0.0,0.0,67.0,77,56,60,18.1
2017-06-08,4.25,0.06,0.0,0.0,69.0,83,53,300,13.0
2017-06-09,8.95,0.0,0.0,0.0,74.0,87,65,310,17.0
2017-06-10,14.09,0.0,0.0,0.0,76.0,90,64,190,31.1
2017-06-11,14.99,0.0,0.0,0.0,82.0,93,73,190,23.9
2017-06-12,11.63,0.0,0.0,0.0,85.0,95,73,350,25.9
2017-06-13,6.93,0.0,0.0,0.0,80.0,88,68,20,19.9
2017-06-14,9.84,0.59,0.0,0.0,77.0,92,68,300,25.1
2017-06-15,7.83,0.07,0.0,0.0,76.0,91,68,310,30.0
2017-06-16,10.29,0.22,0.0,0.0,77.0,86,67,190,31.1
2017-06-17,8.5,0.42,0.0,0.0,78.0,87,69,280,19.9
2017-06-18,13.65,0.0,0.0,0.0,74.0,79,69,260,28.0
2017-06-19,10.07,0.03,0.0,0.0,70.0,80,62,350,29.1
2017-06-20,9.62,0.0,0.0,0.0,67.0,80,58,50,28.0
2017-06-21,7.16,0.0,0.0,0.0,68.0,80,55,120,19.9
2017-06-22,14.54,0.0,0.0,0.0,78.0,88,68,200,25.1
2017-06-23,12.3,0.71,0.0,0.0,77.0,83,66,340,25.1
2017-06-24,12.3,0.02,0.0,0.0,70.0,75,59,280,28.0
2017-06-25,12.75,0.0,0.0,0.0,64.0,72,54,280,21.9
2017-06-26,12.3,0.0,0.0,0.0,64.0,75,54,290,25.1
2017-06-27,6.71,0.0,0.0,0.0,65.0,78,50,300,15.0
2017-06-28,15.21,1.3,0.0,0.0,68.0,80,58,200,30.0
2017-06-29,11.41,0.02,0.0,0.0,74.0,81,66,240,21.9
2017-06-30,6.49,0.0,0.0,0.0,73.0,84,64,270,13.0
2017-07-01,10.51,0.0,0.0,0.0,75.0,82,66,270,21.9
2017-07-02,9.62,0.0,0.0,0.0,74.0,89,62,40,23.0
2017-07-03,8.72,0.04,0.0,0.0,73.0,80,66,50,17.0
2017-07-04,7.38,0.0,0.0,0.0,72.0,83,64,50,14.1
2017-07-05,5.82,0.0,0.0,0.0,76.0,89,65,100,16.1
2017-07-06,7.16,0.0,0.0,0.0,81.0,93,69,260,17.0
2017-07-07,8.5,0.0,0.0,0.0,81.0,89,63,30,21.0
2017-07-08,6.71,0.0,0.0,0.0,71.0,80,62,100,14.1
2017-07-09,8.28,0.0,0.0,0.0,73.0,86,63,190,16.1
2017-07-10,6.71,0.73,0.0,0.0,77.0,84,67,160,30.0
2017-07-11,5.59,0.56,0.0,0.0,76.0,85,70,230,17.0
2017-07-12,10.51,1.77,0.0,0.0,75.0,81,68,10,31.1
2017-07-13,10.51,0.0,0.0,0.0,78.0,83,72,250,21.0
2017-07-14,8.72,0.0,0.0,0.0,71.0,73,63,320,17.0
2017-07-15,5.82,0.0,0.0,0.0,70.0,81,60,240,14.1
2017-07-16,11.63,0.0,0.0,0.0,72.0,78,60,260,29.1
2017-07-17,6.26,0.0,0.0,0.0,67.0,79,56,90,14.1
2017-07-18,4.03,0.0,0.0,0.0,74.0,89,60,240,13.0
2017-07-19,7.61,0.48,0.0,0.0,80.0,88,70,320,35.1
2017-07-20,7.83,1.77,0.0,0.0,77.0,88,69,330,23.9
2017-07-21,6.93,1.43,0.0,0.0,80.0,89,72,300,23.0
2017-07-22,8.5,0.66,0.0,0.0,77.0,88,72,190,23.9
2017-07-23,5.82,0.21,0.0,0.0,79.0,90,70,340,28.0
2017-07-24,10.96,0.0,0.0,0.0,71.0,74,66,20,19.9
2017-07-25,8.05,0.0,0.0,0.0,71.0,82,61,130,18.1
2017-07-26,7.16,0.03,0.0,0.0,75.0,85,65,250,13.0
2017-07-27,11.18,0.0,0.0,0.0,78.0,82,70,30,23.9
2017-07-28,13.87,0.0,0.0,0.0,74.0,79,67,20,21.0
2017-07-29,9.84,0.0,0.0,0.0,72.0,79,64,40,19.9
2017-07-30,5.14,0.0,0.0,0.0,73.0,84,62,70,13.0
2017-07-31,2.91,0.0,0.0,0.0,76.0,86,65,270,12.1
2017-08-01,5.37,0.92,0.0,0.0,76.0,86,67,260,33.1
2017-08-02,6.93,0.0,0.0,0.0,77.0,87,66,20,21.0
2017-08-03,9.17,0.88,0.0,0.0,75.0,84,61,230,32.0
2017-08-04,13.87,0.0,0.0,0.0,63.0,68,56,300,23.9
2017-08-05,7.38,0.0,0.0,0.0,68.0,80,60,260,16.1
2017-08-06,4.03,0.0,0.0,0.0,71.0,77,63,190,13.0
2017-08-07,7.83,0.0,0.0,0.0,69.0,76,61,20,17.0
2017-08-08,5.59,0.0,0.0,0.0,70.0,84,58,320,14.1
2017-08-09,5.14,0.0,0.0,0.0,73.0,83,61,280,14.1
2017-08-10,8.28,0.03,0.0,0.0,74.0,84,62,350,19.9
2017-08-11,9.4,0.0,0.0,0.0,71.0,78,65,320,18.1
2017-08-12,7.38,0.0,0.0,0.0,68.0,77,60,10,15.0
2017-08-13,4.03,0.0,0.0,0.0,69.0,80,57,90,13.0
2017-08-14,4.25,0.0,0.0,0.0,72.0,83,62,240,14.1
2017-08-15,7.61,0.0,0.0,0.0,75.0,84,68,40,16.1
2017-08-16,8.05,0.17,0.0,0.0,75.0,88,67,100,16.1
2017-08-17,14.32,0.02,0.0,0.0,77.0,82,72,280,28.0
2017-08-18,10.96,0.0,0.0,0.0,74.0,82,67,320,19.9
2017-08-19,4.92,0.0,0.0,0.0,74.0,86,63,110,13.0
2017-08-20,5.82,0.0,0.0,0.0,75.0,90,63,200,14.1
2017-08-21,8.5,0.03,0.0,0.0,78.0,87,71,230,18.1
2017-08-22,13.42,0.02,0.0,0.0,76.0,82,64,320,21.9
2017-08-23,9.17,0.0,0.0,0.0,70.0,79,60,290,19.9
2017-08-24,8.5,0.0,0.0,0.0,67.0,75,56,30,21.9
2017-08-25,5.37,0.0,0.0,0.0,64.0,74,52,110,15.0
2017-08-26,7.16,0.0,0.0,0.0,67.0,78,56,100,17.0
2017-08-27,8.5,0.01,0.0,0.0,68.0,78,62,190,14.1
2017-08-28,5.82,0.36,0.0,0.0,70.0,80,64,150,15.0
2017-08-29,5.37,0.07,0.0,0.0,68.0,76,61,10,21.0
2017-08-30,5.59,0.0,0.0,0.0,70.0,82,60,20,19.9
2017-08-31,13.42,0.0,0.0,0.0,69.0,73,64,30,21.9
2017-09-01,11.86,0.0,0.0,0.0,64.0,69,50,70,21.9
2017-09-02,4.7,0.25,0.0,0.0,62.0,75,50,330,19.9
2017-09-03,7.38,0.0,0.0,0.0,68.0,84,57,310,17.0
2017-09-04,12.75,0.0,0.0,0.0,73.0,82,62,250,23.9
2017-09-05,12.53,0.0,0.0,0.0,63.0,70,54,320,25.9
2017-09-06,10.29,0.0,0.0,0.0,58.0,67,49,350,21.0
2017-09-07,8.5,0.0,0.0,0.0,60.0,71,52,270,21.0
2017-09-08,7.38,0.0,0.0,0.0,62.0,69,58,50,16.1
2017-09-09,8.28,0.0,0.0,0.0,63.0,72,54,70,17.0
2017-09-10,6.26,0.0,0.0,0.0,61.0,70,50,80,15.0
2017-09-11,4.7,0.0,0.0,0.0,62.0,75,52,100,13.0
2017-09-12,6.93,0.0,0.0,0.0,65.0,77,54,40,16.1
2017-09-13,6.49,0.0,0.0,0.0,66.0,77,58,100,13.0
2017-09-14,5.14,0.0,0.0,0.0,68.0,81,59,170,12.1
2017-09-15,9.4,0.0,0.0,0.0,73.0,87,62,160,16.1
2017-09-16,8.5,0.0,0.0,0.0,77.0,88,65,200,18.1
2017-09-17,7.61,0.0,0.0,0.0,77.0,86,63,320,17.0
2017-09-18,7.61,0.0,0.0,0.0,68.0,77,58,50,14.1
2017-09-19,6.49,0.07,0.0,0.0,70.0,79,64,50,15.0
2017-09-20,10.74,0.0,0.0,0.0,75.0,92,62,180,23.9
2017-09-21,5.82,0.0,0.0,0.0,83.0,94,72,190,14.1
2017-09-22,6.93,0.0,0.0,0.0,84.0,94,71,190,15.0
2017-09-23,6.04,0.0,0.0,0.0,83.0,95,72,90,15.0
2017-09-24,6.26,0.0,0.0,0.0,81.0,93,70,110,15.0
2017-09-25,6.49,0.0,0.0,0.0,79.0,92,67,110,18.1
2017-09-26,9.62,0.0,0.0,0.0,80.0,92,70,240,19.9
2017-09-27,11.86,0.0,0.0,0.0,70.0,72,56,330,18.1
2017-09-28,6.71,0.0,0.0,0.0,62.0,74,53,340,13.0
2017-09-29,10.51,0.0,0.0,0.0,64.0,70,56,330,19.9
2017-09-30,7.61,0.0,0.0,0.0,61.0,68,53,100,14.1
2017-10-01,10.29,0.0,0.0,0.0,59.0,72,48,140,18.1
2017-10-02,12.53,0.0,0.0,0.0,69.0,83,58,170,21.9
2017-10-03,14.76,0.0,0.0,0.0,73.0,78,67,210,23.0
2017-10-04,7.61,0.03,0.0,0.0,71.0,76,58,210,19.9
2017-10-05,5.82,0.01,0.0,0.0,65.0,77,54,350,14.1
2017-10-06,8.72,0.3,0.0,0.0,64.0,69,60,190,17.0
2017-10-07,17.67,0.43,0.0,0.0,69.0,79,60,250,31.1
2017-10-08,7.16,0.0,0.0,0.0,65.0,78,54,170,17.0
2017-10-09,5.59,0.0,0.0,0.0,66.0,81,52,20,16.1
2017-10-10,13.87,0.78,0.0,0.0,62.0,63,58,40,23.0
2017-10-11,12.75,0.79,0.0,0.0,59.0,62,56,60,23.0
2017-10-12,6.71,0.0,0.0,0.0,58.0,60,56,140,12.1
2017-10-13,8.05,0.0,0.0,0.0,61.0,73,55,40,16.1
2017-10-14,8.72,4.19,0.0,0.0,64.0,66,62,320,38.0
2017-10-15,15.66,0.2,0.0,0.0,60.0,68,47,290,30.0
2017-10-16,7.38,0.0,0.0,0.0,52.0,63,43,250,15.0
2017-10-17,11.86,0.0,0.0,0.0,57.0,70,49,220,23.0
2017-10-18,12.75,0.0,0.0,0.0,59.0,71,47,210,23.0
2017-10-19,6.49,0.0,0.0,0.0,61.0,70,51,220,15.0
2017-10-20,8.95,0.0,0.0,0.0,61.0,78,51,190,19.9
2017-10-21,14.99,0.0,0.0,0.0,67.0,77,60,180,23.9
2017-10-22,13.2,0.37,0.0,0.0,66.0,70,51,320,30.0
2017-10-23,9.17,0.73,0.0,0.0,52.0,54,50,280,18.1
2017-10-24,12.53,0.87,0.0,0.0,48.0,50,42,300,21.0
2017-10-25,6.04,0.0,0.0,0.0,44.0,53,38,300,14.1
2017-10-26,11.63,0.0,0.0,0.0,47.0,60,36,140,23.9
2017-10-27,15.66,0.0,0.0,0.0,45.0,52,38,240,23.9
2017-10-28,10.51,0.0,0.0,0.0,38.0,40,36,290,18.1
2017-10-29,8.05,0.0,0.0,0.0,40.0,46,33,250,15.0
2017-10-30,16.33,0.0,0.0,0.0,45.0,50,37,260,29.1
2017-10-31,11.41,0.0,0.0,0.0,38.0,40,34,290,25.9
2017-11-01,9.84,0.23,0.0,0.0,39.0,44,36,170,19.9
2017-11-02,5.37,0.02,0.0,0.0,47.0,51,44,350,15.0
2017-11-03,10.51,0.0,0.0,0.0,44.0,48,38,50,15.0
2017-11-04,7.83,0.48,0.0,0.0,46.0,50,42,120,19.9
2017-11-05,7.83,0.02,0.0,0.0,49.0,52,42,340,21.9
2017-11-06,9.17,0.0,0.0,0.0,41.0,43,32,10,17.0
2017-11-07,9.4,0.0,0.0,0.0,40.0,45,32,10,19.9
2017-11-08,4.47,0.0,0.0,0.0,37.0,46,29,250,12.1
2017-11-09,13.65,0.0,0.0,0.0,39.0,46,21,320,23.0
2017-11-10,8.5,0.0,0.1,0.0,24.0,30,18,150,18.1
2017-11-11,8.95,0.0,0.0,0.0,29.0,38,26,170,16.1
2017-11-12,4.47,0.13,0.0,0.0,38.0,40,36,310,12.1
2017-11-13,6.04,0.0,0.0,0.0,36.0,40,31,290,13.0
2017-11-14,10.74,0.0,0.0,0.0,39.0,49,30,190,19.9
2017-11-15,15.66,0.17,0.0,0.0,48.0,52,35,290,30.0
2017-11-16,9.84,0.0,0.0,0.0,36.0,38,33,320,21.0
2017-11-17,13.65,0.14,0.0,0.0,38.0,48,35,180,21.9
2017-11-18,15.21,0.54,0.0,0.0,43.0,48,35,340,29.1
2017-11-19,13.2,0.0,0.0,0.0,35.0,37,30,310,21.9
2017-11-20,17.9,0.0,0.0,0.0,38.0,52,30,210,29.1
2017-11-21,14.99,0.02,0.0,0.0,43.0,44,27,210,25.1
2017-11-22,7.38,0.0,0.0,0.0,29.0,35,22,330,15.0
2017-11-23,8.28,0.0,0.0,0.0,36.0,46,32,220,16.1
2017-11-24,13.42,0.0,0.0,0.0,44.0,63,32,190,25.9
2017-11-25,12.3,0.0,0.0,0.0,49.0,55,32,310,23.0
2017-11-26,7.38,0.0,0.0,0.0,38.0,49,27,240,16.1
2017-11-27,7.16,0.0,0.0,0.0,44.0,57,31,210,23.0
2017-11-28,15.21,0.0,0.0,0.0,55.0,61,43,210,28.0
2017-11-29,7.16,0.0,0.0,0.0,43.0,47,34,50,14.1
2017-11-30,10.74,0.0,0.0,0.0,46.0,54,39,290,21.0
2017-12-01,4.92,0.0,0.0,0.0,41.0,53,28,210,13.0
2017-12-02,4.25,0.0,0.0,0.0,42.0,54,33,230,10.1
2017-12-03,6.26,0.0,0.0,0.0,43.0,58,29,170,18.1
2017-12-04,21.92,0.16,0.0,0.0,55.0,65,44,250,35.1
2017-12-05,21.92,0.0,0.0,0.0,41.0,44,27,250,38.0
2017-12-06,13.65,0.0,0.0,0.0,31.0,35,26,250,23.9
2017-12-07,12.3,0.0,0.0,0.0,25.0,29,19,280,18.1
2017-12-08,12.3,0.01,0.0,0.0,25.0,37,18,210,19.9
2017-12-09,13.87,0.03,0.6,1.2,30.0,32,20,320,25.9
2017-12-10,10.07,0.0,0.0,0.0,26.0,35,20,240,18.1
2017-12-11,9.84,0.08,1.4,0.0,31.0,39,23,330,28.0
2017-12-12,13.42,0.0,0.0,1.2,24.0,31,17,350,30.0
2017-12-13,16.11,0.0,0.0,1.2,26.0,38,22,320,31.1
2017-12-14,8.05,0.0,0.0,0.0,24.0,27,16,340,19.9
2017-12-15,11.41,0.0,0.0,0.0,26.0,37,21,300,25.1
2017-12-16,7.83,0.0,0.0,0.0,38.0,46,27,220,18.1
2017-12-17,4.7,0.0,0.0,0.0,35.0,42,29,40,10.1
2017-12-18,11.41,0.01,0.0,0.0,42.0,46,39,240,21.9
2017-12-19,12.08,0.0,0.0,0.0,43.0,50,35,240,21.0
2017-12-20,8.5,0.0,0.0,0.0,34.0,37,27,330,17.0
2017-12-21,8.95,0.0,0.0,0.0,35.0,40,32,140,14.1
2017-12-22,6.93,0.0,0.0,0.0,38.0,39,33,340,16.1
2017-12-23,9.4,0.0,0.0,0.0,31.0,33,19,300,18.1
2017-12-24,8.95,0.18,1.8,0.0,21.0,22,18,270,18.1
2017-12-25,12.97,0.01,0.1,2.0,16.0,21,2,280,21.9
2017-12-26,9.62,0.0,0.0,1.2,2.0,5,-3,300,15.0
2017-12-27,7.83,0.0,0.0,1.2,1.0,7,-4,300,15.0
2017-12-28,7.83,0.03,0.6,1.2,6.0,15,0,190,17.0
2017-12-29,6.26,0.08,0.8,2.0,12.0,15,9,290,13.0
2017-12-30,13.42,0.0,0.0,2.0,9.0,15,-1,320,23.9
2017-12-31,11.18,0.0,0.0,2.0,4.0,13,-1,320,18.1
2018-01-01,10.74,0.0,0.0,1.2,-2.0,1,-9,310,17.0
2018-01-02,11.18,0.0,0.0,1.2,-2.0,8,-9,220,21.9
2018-01-03,12.3,0.0,0.1,1.2,11.0,17,6,330,21.0
2018-01-04,12.3,0.0,0.0,1.2,7.0,12,0,330,19.9
2018-01-05,10.74,0.0,0.0,1.2,5.0,11,-1,320,19.9
2018-01-06,6.49,0.0,0.0,1.2,5.0,17,-2,200,14.1
2018-01-07,14.99,0.03,0.0,1.0,17.0,33,8,210,23.9
2018-01-08,11.86,0.0,0.0,1.2,34.0,37,31,250,18.1
2018-01-09,6.04,0.0,0.0,0.0,31.0,36,26,160,14.1
2018-01-10,15.88,0.01,0.0,0.0,37.0,56,30,210,31.1
2018-01-11,16.33,0.36,0.0,0.0,56.0,59,23,220,28.0
2018-01-12,19.91,0.0,0.0,0.0,23.0,23,14,360,29.1
2018-01-13,9.84,0.0,0.0,0.0,13.0,16,6,340,23.0
2018-01-14,9.4,0.08,0.8,0.0,12.0,21,5,160,21.9
2018-01-15,10.96,0.14,2.3,2.0,19.0,24,10,170,17.0
2018-01-16,11.86,0.01,0.6,3.1,15.0,26,9,330,18.1
2018-01-17,12.3,0.0,0.0,3.1,13.0,20,4,240,25.1
2018-01-18,14.99,0.0,0.0,2.0,21.0,32,16,220,21.9
2018-01-19,16.78,0.0,0.0,2.0,32.0,40,28,210,25.9
2018-01-20,8.28,0.0,0.0,0.0,39.0,45,32,220,15.0
2018-01-21,3.8,0.0,0.0,0.0,40.0,44,36,120,8.1
2018-01-22,12.53,0.81,0.0,0.0,47.0,54,38,250,23.9
2018-01-23,12.75,0.07,0.5,0.0,35.0,39,28,320,21.0
2018-01-24,6.49,0.02,0.3,1.2,29.0,30,27,340,13.0
2018-01-25,9.62,0.0,0.0,1.2,31.0,43,24,170,19.9
2018-01-26,18.57,0.0,0.0,0.0,41.0,51,33,200,32.0
2018-01-27,12.3,0.0,0.0,0.0,47.0,50,36,210,31.1
2018-01-28,8.72,0.01,0.0,0.0,35.0,40,28,20,18.1
2018-01-29,12.08,0.0,0.0,0.0,27.0,30,17,350,21.0
2018-01-30,10.51,0.0,0.0,0.0,21.0,31,15,170,25.9
2018-01-31,13.87,0.0,0.0,0.0,35.0,42,31,190,25.1
2018-02-01,15.43,0.0,0.0,0.0,28.0,35,8,310,25.9
2018-02-02,10.29,0.0,0.0,0.0,11.0,22,5,220,17.0
2018-02-03,13.2,0.03,0.8,0.0,26.0,41,22,220,28.0
2018-02-04,13.42,0.08,1.1,1.2,26.0,35,4,340,23.9
2018-02-05,6.93,0.22,2.2,2.0,6.0,12,-3,220,14.1
2018-02-06,5.37,0.02,0.2,3.9,12.0,21,3,340,12.1
2018-02-07,9.4,0.11,1.7,3.9,17.0,20,8,290,17.0
2018-02-08,6.93,0.15,1.6,3.9,13.0,21,7,240,13.0
2018-02-09,10.74,0.57,6.2,7.9,24.0,28,18,20,21.0
2018-02-10,9.62,0.05,0.8,9.8,19.0,22,14,350,17.0
2018-02-11,10.07,0.39,3.7,11.8,20.0,22,11,340,16.1
2018-02-12,6.26,0.0,0.0,11.8,15.0,27,4,340,13.0
2018-02-13,6.26,0.0,0.0,11.0,20.0,35,7,180,14.1
2018-02-14,9.62,0.0,0.0,9.8,32.0,44,24,220,16.1
2018-02-15,6.26,0.0,0.0,3.9,41.0,48,38,40,15.0
2018-02-16,10.07,0.0,0.0,0.0,36.0,37,20,340,19.9
2018-02-17,8.5,0.11,2.0,0.0,25.0,35,17,270,17.0
2018-02-18,10.74,0.02,0.0,2.0,27.0,41,12,150,21.0
2018-02-19,12.08,0.52,0.0,0.0,42.0,60,37,200,23.9
2018-02-20,13.2,2.1,0.0,0.0,59.0,66,34,190,25.1
2018-02-21,10.96,0.04,0.0,0.0,32.0,34,27,330,18.1
2018-02-22,13.2,0.0,0.0,0.0,33.0,40,29,120,21.9
2018-02-23,9.4,0.06,0.0,0.0,40.0,44,33,270,19.9
2018-02-24,13.2,0.16,0.0,0.0,36.0,50,33,120,25.1
2018-02-25,17.9,0.01,0.0,0.0,40.0,50,34,260,32.0
2018-02-26,8.72,0.0,0.0,0.0,40.0,53,28,230,21.0
2018-02-27,13.87,0.0,0.0,0.0,48.0,62,39,200,23.0
2018-02-28,11.18,0.0,0.0,0.0,51.0,59,37,20,19.9
2018-03-01,14.54,0.81,0.0,0.0,39.0,46,34,10,25.1
2018-03-02,6.26,0.0,0.0,0.0,38.0,48,30,100,13.0
2018-03-03,7.83,0.0,0.0,0.0,38.0,43,33,70,15.0
2018-03-04,12.3,0.0,0.0,0.0,38.0,46,32,120,21.9
2018-03-05,17.45,0.11,0.4,0.0,37.0,40,33,110,28.0
2018-03-06,8.72,0.07,0.0,0.0,35.0,41,31,330,23.0
2018-03-07,13.65,0.0,0.0,0.0,31.0,34,25,320,21.9
2018-03-08,11.18,0.0,0.0,0.0,28.0,34,24,330,21.0
2018-03-09,6.49,0.0,0.0,0.0,30.0,41,23,320,14.1
2018-03-10,5.59,0.0,0.0,0.0,33.0,41,23,90,13.0
2018-03-11,8.28,0.0,0.0,0.0,34.0,40,28,50,18.1
2018-03-12,11.41,0.0,0.0,0.0,37.0,46,30,340,23.9
2018-03-13,10.74,0.22,2.2,0.0,32.0,35,19,360,19.9
2018-03-14,10.96,0.0,0.0,1.2,30.0,48,22,250,25.9
2018-03-15,9.17,0.0,0.0,0.0,40.0,50,28,30,16.1
2018-03-16,10.96,0.0,0.0,0.0,32.0,38,29,30,18.1
2018-03-17,10.07,0.0,0.0,0.0,37.0,46,30,40,19.9
2018-03-18,4.7,0.0,0.0,0.0,40.0,57,27,40,10.1
2018-03-19,15.21,0.0,0.0,0.0,41.0,46,33,30,28.0
2018-03-20,17.0,0.0,0.0,0.0,33.0,37,29,10,25.9
2018-03-21,10.51,0.0,0.0,0.0,33.0,40,25,360,21.0
2018-03-22,6.93,0.0,0.0,0.0,34.0,50,22,110,15.0
2018-03-23,9.17,0.0,0.0,0.0,36.0,43,25,50,17.0
2018-03-24,17.45,0.0,0.0,0.0,36.0,40,32,90,28.0
2018-03-25,14.09,0.0,0.0,0.0,34.0,41,27,100,21.0
2018-03-26,9.62,0.23,0.0,0.0,39.0,53,31,150,21.9
2018-03-27,9.4,0.15,0.0,0.0,49.0,51,39,300,16.1
2018-03-28,4.47,0.01,0.0,0.0,45.0,54,39,60,13.0
2018-03-29,8.95,0.05,0.0,0.0,45.0,50,35,30,21.9
2018-03-30,7.83,0.0,0.0,0.0,39.0,49,33,240,16.1
2018-03-31,15.88,0.09,0.0,0.0,44.0,58,32,210,30.0
2018-04-01,7.83,0.0,0.0,0.0,32.0,35,24,340,17.0
2018-04-02,6.93,0.0,0.0,0.0,32.0,44,21,100,16.1
2018-04-03,12.08,0.2,0.0,0.0,39.0,40,34,20,21.0
2018-04-04,15.21,0.01,0.2,0.0,32.0,35,26,300,28.0
2018-04-05,7.38,0.07,0.0,0.0,32.0,42,23,210,17.0
2018-04-06,14.32,0.0,0.0,0.0,35.0,38,25,290,28.0
2018-04-07,8.95,0.0,0.0,0.0,28.0,39,20,320,18.1
2018-04-08,6.93,0.01,0.0,0.0,31.0,39,21,70,15.0
2018-04-09,6.04,0.13,2.0,1.2,33.0,39,30,50,12.1
2018-04-10,8.5,0.0,0.0,0.0,36.0,46,28,250,15.0
2018-04-11,9.84,0.05,0.0,0.0,48.0,66,39,240,18.1
2018-04-12,14.09,0.03,0.0,0.0,56.0,73,42,250,25.1
2018-04-13,13.2,0.07,0.0,0.0,43.0,47,39,40,33.1
2018-04-14,21.03,0.96,0.0,0.0,39.0,39,36,60,31.1
2018-04-15,13.65,0.74,0.2,0.0,35.0,37,28,60,23.9
2018-04-16,14.99,0.01,0.3,0.0,31.0,35,27,300,23.9
2018-04-17,11.18,0.0,0.0,0.0,35.0,43,29,320,21.9
2018-04-18,11.63,0.41,0.4,0.0,35.0,37,30,80,25.1
2018-04-19,9.84,0.01,0.1,0.0,39.0,55,31,330,15.0
2018-04-20,4.92,0.0,0.0,0.0,47.0,61,31,90,15.0
2018-04-21,3.8,0.0,0.0,0.0,47.0,55,39,100,14.1
2018-04-22,10.51,0.0,0.0,0.0,50.0,62,42,60,18.1
2018-04-23,11.86,0.0,0.0,0.0,51.0,63,43,20,19.9
2018-04-24,8.5,0.0,0.0,0.0,55.0,65,48,360,19.9
2018-04-25,13.87,0.0,0.0,0.0,49.0,53,38,10,30.0
2018-04-26,3.8,0.0,0.0,0.0,48.0,66,36,260,14.1
2018-04-27,13.87,0.02,0.0,0.0,53.0,58,39,350,29.1
2018-04-28,12.3,0.0,0.0,0.0,42.0,50,33,30,21.9
2018-04-29,6.71,0.0,0.0,0.0,43.0,59,31,90,14.1
2018-04-30,12.53,0.0,0.0,0.0,56.0,80,40,200,21.0
2018-05-01,15.43,0.0,0.0,0.0,72.0,86,60,190,29.1
2018-05-02,12.3,1.32,0.0,0.0,77.0,86,63,300,36.0
2018-05-03,7.16,0.57,0.0,0.0,64.0,70,54,200,23.9
2018-05-04,14.32,0.0,0.0,0.0,65.0,74,61,270,33.1
2018-05-05,8.5,0.0,0.0,0.0,70.0,82,57,20,21.9
2018-05-06,9.84,0.0,0.0,0.0,62.0,68,50,20,21.9
2018-05-07,5.59,0.0,0.0,0.0,59.0,75,46,110,15.0
2018-05-08,6.93,0.0,0.0,0.0,69.0,81,57,120,14.1
2018-05-09,13.42,0.25,0.0,0.0,70.0,81,57,200,25.9
2018-05-10,9.17,0.0,0.0,0.0,66.0,73,50,30,18.1
2018-05-11,14.99,0.04,0.0,0.0,52.0,52,45,60,23.0
2018-05-12,12.53,0.33,0.0,0.0,46.0,50,44,30,21.9
2018-05-13,6.26,0.91,0.0,0.0,52.0,67,45,40,18.1
2018-05-14,8.28,1.54,0.0,0.0,62.0,83,53,300,23.9
2018-05-15,10.96,0.0,0.0,0.0,64.0,71,51,10,21.9
2018-05-16,5.37,0.0,0.0,0.0,62.0,79,47,60,15.0
2018-05-17,9.17,0.0,0.0,0.0,63.0,69,52,30,19.9
2018-05-18,10.96,0.1,0.0,0.0,57.0,65,52,30,17.0
2018-05-19,5.37,0.02,0.0,0.0,60.0,69,54,30,23.0
2018-05-20,13.65,0.27,0.0,0.0,51.0,55,44,30,23.9
2018-05-21,6.26,1.96,0.0,0.0,53.0,64,49,220,18.1
2018-05-22,4.7,0.0,0.0,0.0,59.0,67,54,50,14.1
2018-05-23,4.03,0.0,0.0,0.0,64.0,80,52,90,13.0
2018-05-24,5.14,0.0,0.0,0.0,71.0,87,58,220,13.0
2018-05-25,8.95,0.0,0.0,0.0,78.0,89,67,220,17.0
2018-05-26,6.93,0.0,0.0,0.0,79.0,90,70,270,13.0
2018-05-27,4.7,0.0,0.0,0.0,83.0,97,70,80,14.1
2018-05-28,7.16,0.0,0.0,0.0,83.0,95,70,20,31.1
2018-05-29,6.71,0.0,0.0,0.0,77.0,87,66,80,19.9
2018-05-30,8.05,0.9,0.0,0.0,75.0,86,67,110,21.0
2018-05-31,9.62,0.0,0.0,0.0,77.0,89,69,260,18.1
2018-06-01,13.42,0.0,0.0,0.0,71.0,76,53,30,23.9
2018-06-02,8.72,0.31,0.0,0.0,60.0,70,52,40,15.0
2018-06-03,14.32,0.0,0.0,0.0,67.0,78,60,280,25.9
2018-06-04,10.07,0.0,0.0,0.0,67.0,80,55,290,21.0
2018-06-05,13.2,0.01,0.0,0.0,67.0,72,54,30,23.0
2018-06-06,5.82,0.1,0.0,0.0,61.0,79,48,290,16.1
2018-06-07,8.72,0.0,0.0,0.0,71.0,81,60,30,17.0
2018-06-08,8.28,0.0,0.0,0.0,64.0,73,59,20,15.0
2018-06-09,5.82,1.31,0.0,0.0,66.0,82,57,60,21.0
2018-06-10,7.83,1.34,0.0,0.0,65.0,71,60,250,19.9
2018-06-11,9.62,0.1,0.0,0.0,64.0,70,61,100,16.1
2018-06-12,3.8,0.0,0.0,0.0,69.0,80,62,220,12.1
2018-06-13,8.72,0.0,0.0,0.0,75.0,81,64,320,19.9
2018-06-14,4.47,0.0,0.0,0.0,73.0,81,64,80,14.1
2018-06-15,6.71,0.0,0.0,0.0,74.0,89,64,160,16.1
2018-06-16,9.62,0.65,0.0,0.0,81.0,92,69,30,31.1
2018-06-17,10.74,0.0,0.0,0.0,86.0,93,78,210,21.9
2018-06-18,12.75,0.36,0.0,0.0,87.0,95,66,360,28.0
2018-06-19,8.5,0.02,0.0,0.0,71.0,81,63,340,18.1
2018-06-20,8.05,0.0,0.0,0.0,69.0,77,65,40,17.0
2018-06-21,12.75,1.41,0.0,0.0,66.0,67,62,70,19.9
2018-06-22,13.87,1.23,0.0,0.0,62.0,64,59,40,21.9
2018-06-23,5.37,0.0,0.0,0.0,68.0,81,62,100,13.0
2018-06-24,8.72,0.0,0.0,0.0,73.0,80,64,20,21.0
2018-06-25,11.41,0.0,0.0,0.0,69.0,78,61,100,21.0
2018-06-26,8.95,0.76,0.0,0.0,73.0,84,66,180,17.0
2018-06-27,6.71,0.03,0.0,0.0,73.0,80,69,280,18.1
2018-06-28,4.7,0.0,0.0,0.0,76.0,88,68,90,14.1
2018-06-29,10.07,0.0,0.0,0.0,82.0,96,73,200,17.0
2018-06-30,11.18,0.0,0.0,0.0,87.0,94,80,190,21.0
2018-07-01,12.3,0.24,0.0,0.0,85.0,94,76,260,38.0
2018-07-02,5.82,0.0,0.0,0.0,77.0,85,69,100,12.1
2018-07-03,6.26,0.0,0.0,0.0,78.0,89,63,80,15.0
2018-07-04,7.61,0.01,0.0,0.0,83.0,93,76,190,17.0
2018-07-05,6.49,0.02,0.0,0.0,81.0,92,74,290,18.1
2018-07-06,13.87,0.0,0.0,0.0,74.0,75,64,40,21.9
2018-07-07,6.93,0.0,0.0,0.0,71.0,82,59,110,15.0
2018-07-08,4.25,0.0,0.0,0.0,75.0,88,63,170,12.1
2018-07-09,7.83,0.0,0.0,0.0,79.0,91,67,240,15.0
2018-07-10,10.74,0.0,0.0,0.0,82.0,87,71,30,21.0
2018-07-11,6.49,0.0,0.0,0.0,77.0,87,67,40,15.0
2018-07-12,7.38,0.0,0.0,0.0,79.0,87,70,200,16.1
2018-07-13,8.72,0.0,0.0,0.0,82.0,95,72,240,16.1
2018-07-14,4.7,0.26,0.0,0.0,78.0,82,72,260,17.0
2018-07-15,3.8,0.0,0.0,0.0,80.0,91,72,300,14.1
2018-07-16,6.04,0.08,0.0,0.0,82.0,93,72,60,18.1
2018-07-17,9.84,0.0,0.0,0.0,77.0,81,68,20,18.1
2018-07-18,7.38,0.0,0.0,0.0,72.0,80,63,70,14.1
2018-07-19,10.29,0.03,0.0,0.0,76.0,87,67,160,19.9
2018-07-20,11.63,0.15,0.0,0.0,76.0,78,70,230,21.0
2018-07-21,12.97,0.12,0.0,0.0,71.0,79,69,350,19.9
2018-07-22,14.76,0.13,0.0,0.0,71.0,76,67,20,23.9
2018-07-23,9.17,0.0,0.0,0.0,72.0,82,65,10,17.0
2018-07-24,4.92,0.0,0.0,0.0,75.0,88,66,320,14.1
2018-07-25,7.83,0.0,0.0,0.0,79.0,90,67,300,14.1
2018-07-26,10.29,0.03,0.0,0.0,77.0,81,66,290,18.1
2018-07-27,8.05,0.0,0.0,0.0,70.0,79,62,310,16.1
2018-07-28,5.59,0.0,0.0,0.0,71.0,82,61,130,12.1
2018-07-29,2.91,0.07,0.0,0.0,72.0,83,62,110,15.0
2018-07-30,6.04,0.0,0.0,0.0,72.0,82,62,100,15.0
2018-07-31,7.61,0.0,0.0,0.0,73.0,80,66,30,15.0
2018-08-01,7.61,0.0,0.0,0.0,73.0,85,63,220,21.0
2018-08-02,8.95,0.0,0.0,0.0,77.0,85,70,210,17.0
2018-08-03,4.03,0.0,0.0,0.0,77.0,89,67,100,17.0
2018-08-04,9.62,0.0,0.0,0.0,82.0,97,71,230,21.0
2018-08-05,12.53,0.0,0.0,0.0,85.0,94,75,240,25.1
2018-08-06,6.71,0.34,0.0,0.0,78.0,81,69,300,19.9
2018-08-07,4.92,2.36,0.0,0.0,75.0,83,69,30,18.1
2018-08-08,5.82,0.0,0.0,0.0,74.0,85,69,10,13.0
2018-08-09,9.62,0.43,0.0,0.0,78.0,89,69,260,25.1
2018-08-10,9.17,0.0,0.0,0.0,76.0,83,70,20,19.9
2018-08-11,4.7,0.0,0.0,0.0,77.0,88,68,20,21.0
2018-08-12,6.04,0.0,0.0,0.0,79.0,87,70,30,15.0
2018-08-13,2.91,0.0,0.0,0.0,77.0,89,66,110,13.0
2018-08-14,5.14,0.0,0.0,0.0,79.0,87,71,240,12.1
2018-08-15,5.82,0.01,0.0,0.0,80.0,85,73,160,17.0
2018-08-16,4.47,0.5,0.0,0.0,77.0,86,69,300,16.1
2018-08-17,5.59,0.11,0.0,0.0,75.0,85,68,30,14.1
2018-08-18,8.5,0.0,0.0,0.0,75.0,80,70,30,16.1
2018-08-19,6.49,0.0,0.0,0.0,76.0,86,68,80,17.0
2018-08-20,10.07,0.82,0.0,0.0,75.0,79,69,110,16.1
2018-08-21,10.51,0.13,0.0,0.0,72.0,78,66,10,29.1
2018-08-22,8.72,0.0,0.0,0.0,69.0,79,58,340,18.1
2018-08-23,6.49,0.0,0.0,0.0,70.0,80,60,220,16.1
2018-08-24,11.86,0.04,0.0,0.0,68.0,72,63,180,21.9
2018-08-25,6.71,0.06,0.0,0.0,71.0,86,66,180,15.0
2018-08-26,8.95,0.0,0.0,0.0,81.0,93,72,220,21.9
2018-08-27,16.11,0.0,0.0,0.0,85.0,93,78,200,29.1
2018-08-28,11.86,1.39,0.0,0.0,82.0,91,67,330,33.1
2018-08-29,9.4,0.42,0.0,0.0,72.0,76,65,160,23.9
2018-08-30,6.71,0.0,0.0,0.0,68.0,73,61,60,14.1
2018-08-31,7.83,0.0,0.0,0.0,70.0,85,60,140,25.1
2018-09-01,7.83,0.16,0.0,0.0,76.0,86,72,210,21.9
2018-09-02,9.4,0.02,0.0,0.0,80.0,91,70,220,21.0
2018-09-03,6.71,1.79,0.0,0.0,77.0,88,70,70,21.0
2018-09-04,7.61,0.0,0.0,0.0,79.0,92,71,190,15.0
2018-09-05,12.08,0.24,0.0,0.0,83.0,91,69,220,23.9
2018-09-06,13.42,0.53,0.0,0.0,69.0,69,64,20,21.9
2018-09-07,13.42,0.3,0.0,0.0,67.0,69,63,40,23.0
2018-09-08,17.0,0.0,0.0,0.0,67.0,69,63,50,23.0
2018-09-09,15.21,0.0,0.0,0.0,64.0,68,60,30,25.1
2018-09-10,6.71,0.0,0.0,0.0,65.0,74,56,10,15.0
2018-09-11,4.47,0.0,0.0,0.0,67.0,79,57,180,12.1
2018-09-12,5.82,0.0,0.0,0.0,71.0,82,61,80,15.0
2018-09-13,4.47,0.0,0.0,0.0,69.0,78,60,80,13.0
2018-09-14,3.8,0.0,0.0,0.0,73.0,87,64,60,14.1
2018-09-15,6.93,0.0,0.0,0.0,74.0,82,64,30,14.1
2018-09-16,6.49,0.0,0.0,0.0,76.0,89,66,110,15.0
2018-09-17,3.36,0.0,0.0,0.0,79.0,91,69,100,12.1
2018-09-18,8.28,0.0,0.0,0.0,73.0,75,66,360,21.9
2018-09-19,9.17,0.21,0.0,0.0,69.0,76,66,10,16.1
2018-09-20,7.83,0.0,0.0,0.0,75.0,93,66,210,23.0
2018-09-21,16.11,0.0,0.0,0.0,79.0,83,56,210,25.9
2018-09-22,9.4,0.0,0.0,0.0,59.0,64,51,60,21.9
2018-09-23,5.14,0.0,0.0,0.0,60.0,71,50,80,13.0
2018-09-24,6.49,0.0,0.0,0.0,65.0,74,57,120,13.0
2018-09-25,8.72,0.25,0.0,0.0,73.0,84,61,290,31.1
2018-09-26,8.72,0.0,0.0,0.0,61.0,67,50,320,19.9
2018-09-27,7.61,0.0,0.0,0.0,59.0,70,48,200,16.1
2018-09-28,6.04,0.07,0.0,0.0,58.0,60,46,280,16.1
2018-09-29,6.04,0.02,0.0,0.0,50.0,61,42,100,16.1
2018-09-30,7.61,0.06,0.0,0.0,57.0,62,53,30,15.0
2018-10-01,7.16,1.56,0.0,0.0,61.0,72,57,320,18.1
2018-10-02,5.14,0.01,0.0,0.0,62.0,67,58,300,15.0
2018-10-03,13.87,0.0,0.0,0.0,70.0,88,59,210,28.0
2018-10-04,16.11,0.04,0.0,0.0,66.0,77,52,30,23.9
2018-10-05,7.16,1.24,0.0,0.0,57.0,65,54,130,16.1
2018-10-06,8.05,0.12,0.0,0.0,64.0,70,57,30,17.0
2018-10-07,10.51,0.52,0.0,0.0,58.0,63,57,30,17.0
2018-10-08,8.72,0.15,0.0,0.0,69.0,85,63,210,21.0
2018-10-09,10.29,0.01,0.0,0.0,76.0,85,70,160,21.0
2018-10-10,13.42,0.35,0.0,0.0,73.0,75,51,260,28.0
2018-10-11,13.87,0.0,0.0,0.0,50.0,51,40,270,23.9
2018-10-12,6.93,0.0,0.0,0.0,40.0,42,36,240,14.1
2018-10-13,7.61,0.0,0.0,0.0,41.0,53,32,200,15.0
2018-10-14,5.82,0.07,0.0,0.0,46.0,54,38,300,16.1
2018-10-15,11.41,0.1,0.0,0.0,44.0,48,37,290,19.9
2018-10-16,12.3,0.0,0.0,0.0,43.0,59,34,220,25.1
2018-10-17,10.07,0.0,0.0,0.0,48.0,51,38,320,21.0
2018-10-18,5.82,0.0,0.0,0.0,45.0,58,34,220,15.0
2018-10-19,12.3,0.03,0.0,0.0,49.0,54,46,210,21.0
2018-10-20,14.09,0.0,0.0,0.0,48.0,51,31,320,35.1
2018-10-21,9.17,0.0,0.0,0.0,37.0,51,28,200,17.0
2018-10-22,7.38,0.0,0.0,0.0,48.0,64,38,260,15.0
2018-10-23,7.16,0.0,0.0,0.0,49.0,54,38,350,16.1
2018-10-24,3.58,0.0,0.0,0.0,44.0,52,37,120,8.9
2018-10-25,4.92,0.0,0.0,0.0,44.0,53,37,90,10.1
2018-10-26,8.95,0.0,0.0,0.0,48.0,53,46,30,16.1
2018-10-27,5.14,0.0,0.0,0.0,49.0,54,43,10,10.1
2018-10-28,11.86,0.12,0.0,0.0,47.0,51,44,310,25.1
2018-10-29,6.04,0.0,0.0,0.0,47.0,56,40,290,12.1
2018-10-30,7.83,0.3,0.0,0.0,51.0,64,45,300,25.1
2018-10-31,7.16,0.17,0.0,0.0,53.0,61,47,340,15.0
2018-11-01,12.97,0.0,0.0,0.0,51.0,52,43,10,23.0
2018-11-02,6.93,0.0,0.0,0.0,44.0,50,37,20,14.1
2018-11-03,7.61,0.06,0.0,0.0,42.0,50,34,110,15.0
2018-11-04,14.99,0.54,0.0,0.0,48.0,52,46,160,21.9
2018-11-05,9.62,0.37,0.0,0.0,48.0,51,44,250,17.0
2018-11-06,16.33,0.06,0.0,0.0,48.0,50,38,240,32.0
2018-11-07,14.99,0.0,0.0,0.0,38.0,39,33,260,23.9
2018-11-08,4.03,0.0,0.0,0.0,35.0,41,33,310,12.1
2018-11-09,12.08,0.13,1.0,0.0,34.0,37,20,290,25.1
2018-11-10,10.96,0.0,0.0,0.0,25.0,33,20,280,23.0
2018-11-11,8.05,0.0,0.0,0.0,33.0,41,28,210,16.1
2018-11-12,9.62,0.0,0.0,0.0,33.0,34,24,360,17.0
2018-11-13,9.17,0.0,0.0,0.0,25.0,29,19,320,16.1
2018-11-14,4.92,0.0,0.0,0.0,25.0,36,17,40,13.0
2018-11-15,5.14,0.09,1.1,0.0,31.0,35,26,200,14.1
2018-11-16,9.62,0.0,0.0,0.0,34.0,41,29,300,21.9
2018-11-17,7.38,0.13,1.5,0.0,34.0,35,32,30,15.0
2018-11-18,6.04,0.0,0.0,0.0,33.0,38,25,260,12.1
2018-11-19,8.05,0.0,0.0,0.0,28.0,34,23,350,16.1
2018-11-20,11.63,0.0,0.0,0.0,31.0,35,29,250,21.0
2018-11-21,10.51,0.0,0.0,0.0,32.0,36,30,30,19.9
2018-11-22,9.62,0.0,0.0,0.0,34.0,40,31,150,17.0
2018-11-23,11.63,0.04,0.0,0.0,40.0,51,34,180,23.9
2018-11-24,10.74,0.18,0.0,0.0,45.0,47,40,240,23.9
2018-11-25,15.21,1.2,3.3,0.0,38.0,40,33,20,33.1
2018-11-26,17.45,0.39,5.1,7.1,30.0,33,24,20,38.9
2018-11-27,8.5,0.0,0.0,5.9,24.0,25,19,260,15.0
2018-11-28,4.7,0.05,0.7,5.1,22.0,27,17,230,13.0
2018-11-29,5.82,0.0,0.0,5.1,30.0,38,27,130,12.1
2018-11-30,4.92,0.0,0.0,5.1,34.0,42,28,90,15.0
2018-12-01,12.53,1.13,0.0,3.1,38.0,42,36,60,25.1
2018-12-02,8.95,0.1,0.0,0.0,41.0,44,35,340,18.1
2018-12-03,12.97,0.01,0.3,0.0,34.0,35,29,360,23.9
2018-12-04,7.83,0.0,0.0,0.0,31.0,32,28,320,14.1
2018-12-05,10.51,0.0,0.0,0.0,28.0,33,25,250,16.1
2018-12-06,9.84,0.0,0.0,0.0,31.0,33,19,320,17.0
2018-12-07,6.26,0.0,0.0,0.0,21.0,25,16,230,18.1
2018-12-08,3.8,0.0,0.0,0.0,24.0,32,20,20,10.1
2018-12-09,4.25,0.0,0.0,0.0,24.0,35,17,350,12.1
2018-12-10,6.93,0.0,0.0,0.0,23.0,34,16,220,15.0
2018-12-11,7.61,0.0,0.0,0.0,30.0,38,25,230,16.1
2018-12-12,10.74,0.0,0.0,0.0,34.0,41,29,230,21.9
2018-12-13,4.25,0.15,0.0,0.0,33.0,46,24,160,14.1
2018-12-14,6.71,0.13,0.0,0.0,39.0,40,32,10,13.0
2018-12-15,7.61,0.0,0.0,0.0,35.0,46,26,30,14.1
2018-12-16,6.49,0.0,0.0,0.0,35.0,49,25,260,14.1
2018-12-17,7.61,0.0,0.0,0.0,37.0,42,28,350,17.0
2018-12-18,6.71,0.0,0.0,0.0,33.0,42,25,230,14.1
2018-12-19,10.96,0.0,0.0,0.0,39.0,49,33,180,18.1
2018-12-20,7.83,0.1,0.0,0.0,44.0,46,38,360,15.0
2018-12-21,13.65,0.05,0.0,0.0,35.0,38,29,360,21.9
2018-12-22,6.26,0.0,0.0,0.0,30.0,34,28,200,13.0
2018-12-23,11.18,0.0,0.0,0.0,33.0,38,28,260,23.9
2018-12-24,5.82,0.0,0.0,0.0,29.0,33,23,270,17.0
2018-12-25,3.58,0.0,0.0,0.0,34.0,45,28,240,12.1
2018-12-26,5.14,0.0,0.0,0.0,34.0,47,26,130,18.1
2018-12-27,15.66,0.66,0.0,0.0,42.0,53,39,170,21.9
2018-12-28,15.21,0.08,0.2,0.0,42.0,53,30,230,23.9
2018-12-29,7.61,0.05,0.9,0.0,29.0,30,22,240,21.0
2018-12-30,11.18,0.0,0.0,0.0,26.0,36,19,210,19.9
2018-12-31,8.72,0.86,0.0,0.0,34.0,39,31,360,25.1
